seed,run_id,source,hop_category
1,1000001,rerun,1
2,1000002,rerun,2
4,3,main,3
5,2,main,3
12,1000012,rerun,2
18,1000018,rerun,2
24,1,main,3
27,8,main,3
34,1000034,rerun,2
36,1000036,rerun,2
38,5,main,3
39,9,main,3
44,6,main,3
45,12,main,3
47,4,main,3
50,15,main,3
53,1000053,rerun,2
55,11,main,3
56,1000056,rerun,2
58,7,main,3
59,13,main,3
60,14,main,3
67,10,main,3
69,16,main,3
70,1000070,rerun,2
80,17,main,3
81,1000081,rerun,1
83,21,main,3
88,19,main,3
90,18,main,3
93,22,main,3
94,26,main,3
96,20,main,3
99,23,main,3
108,25,main,3
110,1000110,rerun,2
111,24,main,3
116,28,main,3
118,30,main,3
120,29,main,3
127,1000127,rerun,2
129,27,main,3
131,1000131,rerun,1
132,1000132,rerun,2
134,1000134,rerun,2
136,1000136,rerun,2
142,36,main,3
143,32,main,3
144,33,main,3
145,1000145,rerun,1
148,1000148,rerun,1
166,31,main,3
170,34,main,3
171,35,main,3
185,1000185,rerun,1
188,37,main,3
189,39,main,3
201,41,main,3
203,1000203,rerun,1
205,38,main,3
207,45,main,3
209,44,main,3
211,42,main,3
212,49,main,3
215,43,main,3
217,47,main,3
220,1000220,rerun,2
221,46,main,3
222,50,main,3
223,48,main,3
225,40,main,3
229,1000229,rerun,1
230,51,main,3
231,53,main,3
234,52,main,3
237,55,main,3
240,1000240,rerun,2
248,54,main,3
250,1000250,rerun,2
254,57,main,3
255,59,main,3
258,56,main,3
260,1000260,rerun,1
264,64,main,3
266,58,main,3
267,61,main,3
271,63,main,3
273,62,main,3
274,1000274,rerun,1
276,65,main,3
278,60,main,3
279,1000279,rerun,1
282,1000282,rerun,1
285,1000285,rerun,1
286,66,main,3
290,1000290,rerun,2
297,1000297,rerun,1
301,1000301,rerun,2
307,68,main,3
308,67,main,3
309,70,main,3
315,1000315,rerun,1
316,69,main,3
317,73,main,3
323,1000323,rerun,2
325,1000325,rerun,1
327,1000327,rerun,2
330,1000330,rerun,2
332,1000332,rerun,1
333,72,main,3
336,74,main,3
343,78,main,3
344,76,main,3
345,71,main,3
347,75,main,3
355,77,main,3
359,1000359,rerun,1
362,81,main,3
363,79,main,3
365,1000365,rerun,2
366,83,main,3
367,1000367,rerun,1
368,1000368,rerun,2
370,84,main,3
373,82,main,3
376,80,main,3
377,1000377,rerun,1
378,85,main,3
379,86,main,3
383,1000383,rerun,2
386,1000386,rerun,1
387,87,main,3
391,1000391,rerun,2
392,88,main,3
398,1000398,rerun,1
402,1000402,rerun,1
408,91,main,3
409,1000409,rerun,2
412,95,main,3
415,90,main,3
416,93,main,3
417,89,main,3
421,94,main,3
423,97,main,3
424,96,main,3
426,92,main,3
428,102,main,3
430,103,main,3
431,98,main,3
433,101,main,3
438,107,main,3
439,100,main,3
441,99,main,3
447,104,main,3
451,1000451,rerun,1
455,105,main,3
459,112,main,3
463,110,main,3
466,111,main,3
467,109,main,3
469,108,main,3
471,1000471,rerun,1
472,1000472,rerun,1
474,106,main,3
476,117,main,3
479,113,main,3
481,1000481,rerun,1
484,118,main,3
486,1000486,rerun,1
488,115,main,3
492,114,main,3
493,116,main,3
499,120,main,3
501,1000501,rerun,1
505,1000505,rerun,1
506,1000506,rerun,2
510,129,main,3
511,119,main,3
512,121,main,3
516,1000516,rerun,2
525,1000525,rerun,1
528,122,main,3
529,124,main,3
530,1000530,rerun,2
531,1000531,rerun,2
534,1000534,rerun,1
536,126,main,3
540,123,main,3
545,125,main,3
549,132,main,3
552,127,main,3
555,130,main,3
557,1000557,rerun,1
559,136,main,3
561,128,main,3
562,1000562,rerun,1
572,1000572,rerun,1
573,139,main,3
575,1000575,rerun,1
576,134,main,3
577,131,main,3
583,133,main,3
585,141,main,3
587,1000587,rerun,2
588,137,main,3
592,135,main,3
594,138,main,3
601,140,main,3
602,145,main,3
603,150,main,3
605,1000605,rerun,2
615,146,main,3
616,142,main,3
621,151,main,3
624,143,main,3
626,147,main,3
629,144,main,3
631,148,main,3
632,152,main,3
634,149,main,3
636,153,main,3
637,1000637,rerun,2
642,154,main,3
644,158,main,3
646,155,main,3
647,159,main,3
648,1000648,rerun,2
651,1000651,rerun,1
653,1000653,rerun,2
657,1000657,rerun,2
659,157,main,3
662,160,main,3
663,156,main,3
666,1000666,rerun,1
669,161,main,3
670,1000670,rerun,1
671,1000671,rerun,2
672,1000672,rerun,1
673,163,main,3
678,1000678,rerun,1
680,1000680,rerun,2
683,164,main,3
685,1000685,rerun,2
686,167,main,3
688,162,main,3
694,1000694,rerun,1
699,166,main,3
702,165,main,3
706,1000706,rerun,2
710,169,main,3
712,1000712,rerun,2
713,1000713,rerun,2
714,1000714,rerun,1
715,170,main,3
717,174,main,3
720,176,main,3
722,1000722,rerun,2
725,171,main,3
727,168,main,3
728,1000728,rerun,2
733,173,main,3
736,172,main,3
738,179,main,3
739,178,main,3
740,175,main,3
741,177,main,3
748,180,main,3
753,1000753,rerun,2
754,1000754,rerun,2
755,183,main,3
759,185,main,3
760,1000760,rerun,1
764,181,main,3
766,1000766,rerun,1
768,182,main,3
770,1000770,rerun,1
774,184,main,3
780,186,main,3
781,1000781,rerun,2
782,195,main,3
786,187,main,3
790,191,main,3
792,189,main,3
800,192,main,3
802,193,main,3
804,188,main,3
807,1000807,rerun,1
810,1000810,rerun,1
813,202,main,3
814,194,main,3
815,190,main,3
816,1000816,rerun,1
821,199,main,3
822,196,main,3
825,197,main,3
828,1000828,rerun,2
829,1000829,rerun,1
834,198,main,3
838,1000838,rerun,1
841,209,main,3
844,1000844,rerun,2
845,201,main,3
850,200,main,3
856,204,main,3
859,206,main,3
860,205,main,3
861,203,main,3
867,1000867,rerun,1
868,207,main,3
869,1000869,rerun,2
870,211,main,3
871,208,main,3
873,1000873,rerun,1
874,1000874,rerun,2
876,1000876,rerun,1
880,213,main,3
889,1000889,rerun,1
890,210,main,3
891,214,main,3
894,1000894,rerun,2
895,215,main,3
898,216,main,3
904,220,main,3
906,212,main,3
909,217,main,3
913,219,main,3
916,218,main,3
917,1000917,rerun,2
919,221,main,3
927,1000927,rerun,2
928,228,main,3
929,223,main,3
933,222,main,3
934,227,main,3
936,229,main,3
937,225,main,3
939,230,main,3
940,226,main,3
941,224,main,3
942,232,main,3
947,231,main,3
950,1000950,rerun,2
955,1000955,rerun,1
957,1000957,rerun,1
962,1000962,rerun,2
963,234,main,3
964,233,main,3
967,235,main,3
970,1000970,rerun,1
971,1000971,rerun,2
978,1000978,rerun,2
981,236,main,3
985,238,main,3
988,239,main,3
994,237,main,3
995,1000995,rerun,2
997,1000997,rerun,1
1001,1001001,rerun,1
1005,1001005,rerun,2
1006,241,main,3
1008,242,main,3
1010,1001010,rerun,2
1011,240,main,3
1014,246,main,3
1015,250,main,3
1020,244,main,3
1024,247,main,3
1026,248,main,3
1027,245,main,3
1029,1001029,rerun,2
1035,1001035,rerun,1
1036,249,main,3
1038,243,main,3
1039,254,main,3
1046,252,main,3
1048,253,main,3
1051,251,main,3
1053,257,main,3
1055,255,main,3
1057,1001057,rerun,2
1061,256,main,3
1063,261,main,3
1066,258,main,3
1068,1001068,rerun,1
1069,259,main,3
1072,1001072,rerun,1
1076,1001076,rerun,2
1078,264,main,3
1083,260,main,3
1089,269,main,3
1090,1001090,rerun,2
1091,266,main,3
1094,262,main,3
1097,265,main,3
1100,263,main,3
1101,271,main,3
1103,270,main,3
1105,267,main,3
1106,268,main,3
1107,272,main,3
1108,1001108,rerun,1
1114,273,main,3
1118,274,main,3
1120,1001120,rerun,2
1123,1001123,rerun,2
1126,275,main,3
1132,276,main,3
1138,1001138,rerun,2
1141,278,main,3
1143,277,main,3
1146,1001146,rerun,1
1149,1001149,rerun,2
1152,1001152,rerun,1
1154,1001154,rerun,1
1155,282,main,3
1157,279,main,3
1159,1001159,rerun,1
1160,283,main,3
1162,280,main,3
1173,284,main,3
1174,281,main,3
1185,285,main,3
1187,286,main,3
1191,1001191,rerun,1
1192,287,main,3
1197,1001197,rerun,1
1198,290,main,3
1199,292,main,3
1203,1001203,rerun,2
1205,288,main,3
1212,291,main,3
1214,1001214,rerun,2
1218,1001218,rerun,2
1219,1001219,rerun,2
1222,289,main,3
1230,1001230,rerun,2
1232,294,main,3
1233,301,main,3
1236,293,main,3
1237,299,main,3
1239,1001239,rerun,1
1240,297,main,3
1242,295,main,3
1246,300,main,3
1248,296,main,3
1249,298,main,3
1250,302,main,3
1253,303,main,3
1255,305,main,3
1259,304,main,3
1260,306,main,3
1264,1001264,rerun,2
1269,1001269,rerun,1
1273,1001273,rerun,2
1276,307,main,3
1282,1001282,rerun,2
1283,308,main,3
1284,1001284,rerun,1
1285,1001285,rerun,1
1287,1001287,rerun,1
1300,312,main,3
1305,1001305,rerun,2
1309,1001309,rerun,2
1310,1001310,rerun,2
1312,310,main,3
1314,311,main,3
1315,309,main,3
1319,1001319,rerun,1
1320,313,main,3
1326,314,main,3
1330,1001330,rerun,1
1331,316,main,3
1335,1001335,rerun,2
1336,319,main,3
1338,315,main,3
1341,317,main,3
1350,1001350,rerun,2
1351,318,main,3
1357,1001357,rerun,2
1361,1001361,rerun,1
1362,1001362,rerun,1
1363,1001363,rerun,2
1364,321,main,3
1365,1001365,rerun,1
1369,1001369,rerun,2
1370,320,main,3
1371,324,main,3
1373,1001373,rerun,1
1374,1001374,rerun,1
1375,323,main,3
1376,326,main,3
1381,322,main,3
1382,1001382,rerun,2
1386,331,main,3
1387,327,main,3
1389,329,main,3
1390,325,main,3
1393,328,main,3
1395,334,main,3
1397,337,main,3
1399,332,main,3
1400,330,main,3
1402,1001402,rerun,2
1403,335,main,3
1405,1001405,rerun,1
1406,333,main,3
1411,336,main,3
1414,338,main,3
1417,1001417,rerun,1
1422,339,main,3
1427,1001427,rerun,2
1432,1001432,rerun,2
1442,1001442,rerun,1
1450,348,main,3
1451,346,main,3
1460,342,main,3
1462,1001462,rerun,1
1463,343,main,3
1470,1001470,rerun,2
1471,340,main,3
1472,351,main,3
1473,345,main,3
1474,341,main,3
1476,1001476,rerun,2
1481,1001481,rerun,2
1486,347,main,3
1494,357,main,3
1497,356,main,3
1498,1001498,rerun,2
1501,1001501,rerun,1
1506,344,main,3
1509,1001509,rerun,1
1513,1001513,rerun,1
1515,354,main,3
1517,358,main,3
1519,350,main,3
1520,349,main,3
1525,352,main,3
1526,355,main,3
1529,353,main,3
1532,1001532,rerun,1
1533,361,main,3
1537,360,main,3
1539,359,main,3
1542,362,main,3
1543,1001543,rerun,1
1544,363,main,3
1545,1001545,rerun,2
1557,365,main,3
1559,364,main,3
1560,1001560,rerun,2
1561,1001561,rerun,1
1575,366,main,3
1578,1001578,rerun,2
1589,367,main,3
1592,371,main,3
1596,372,main,3
1597,1001597,rerun,2
1607,373,main,3
1609,377,main,3
1611,370,main,3
1613,369,main,3
1623,375,main,3
1624,379,main,3
1627,368,main,3
1629,1001629,rerun,2
1631,376,main,3
1632,374,main,3
1645,378,main,3
1647,380,main,3
1649,381,main,3
1650,382,main,3
1652,1001652,rerun,2
1656,386,main,3
1658,383,main,3
1660,387,main,3
1661,385,main,3
1667,389,main,3
1668,384,main,3
1671,1001671,rerun,2
1673,388,main,3
1674,1001674,rerun,2
1677,391,main,3
1686,1001686,rerun,1
1690,396,main,3
1702,1001702,rerun,1
1704,390,main,3
1705,1001705,rerun,2
1709,397,main,3
1714,393,main,3
1715,394,main,3
1716,392,main,3
1717,398,main,3
1723,395,main,3
1726,1001726,rerun,1
1729,400,main,3
1733,1001733,rerun,1
1734,1001734,rerun,1
1736,399,main,3
1741,401,main,3
1742,1001742,rerun,1
1743,404,main,3
1745,402,main,3
1750,406,main,3
1760,1001760,rerun,1
1761,403,main,3
1762,1001762,rerun,1
1763,409,main,3
1764,405,main,3
1765,407,main,3
1768,1001768,rerun,2
1772,408,main,3
1775,1001775,rerun,1
1776,414,main,3
1782,413,main,3
1783,1001783,rerun,2
1785,410,main,3
1788,412,main,3
1789,411,main,3
1793,415,main,3
1795,417,main,3
1798,1001798,rerun,1
1800,1001800,rerun,1
1801,418,main,3
1802,416,main,3
1804,421,main,3
1805,1001805,rerun,1
1811,419,main,3
1812,1001812,rerun,1
1817,420,main,3
1819,422,main,3
1820,1001820,rerun,1
1822,424,main,3
1833,1001833,rerun,2
1835,425,main,3
1838,427,main,3
1839,1001839,rerun,2
1840,1001840,rerun,1
1841,1001841,rerun,2
1844,429,main,3
1846,423,main,3
1851,426,main,3
1852,432,main,3
1853,428,main,3
1855,1001855,rerun,2
1859,431,main,3
1860,430,main,3
1862,1001862,rerun,1
1869,1001869,rerun,2
1880,433,main,3
1882,434,main,3
1883,438,main,3
1884,436,main,3
1888,1001888,rerun,2
1890,440,main,3
1891,437,main,3
1893,435,main,3
1904,439,main,3
1906,445,main,3
1914,443,main,3
1916,442,main,3
1918,444,main,3
1924,441,main,3
1927,446,main,3
1930,1001930,rerun,2
1931,452,main,3
1932,447,main,3
1939,1001939,rerun,1
1941,451,main,3
1945,448,main,3
1947,450,main,3
1948,457,main,3
1950,454,main,3
1953,449,main,3
1956,455,main,3
1957,1001957,rerun,1
1960,1001960,rerun,1
1961,456,main,3
1963,453,main,3
1964,461,main,3
1968,458,main,3
1970,464,main,3
1971,460,main,3
1972,462,main,3
1974,459,main,3
1975,465,main,3
1979,463,main,3
1982,467,main,3
1985,466,main,3
1986,1001986,rerun,1
1987,470,main,3
1994,474,main,3
1996,469,main,3
2001,471,main,3
2002,468,main,3
2006,478,main,3
2008,472,main,3
2009,1002009,rerun,1
2010,473,main,3
2011,1002011,rerun,2
2015,479,main,3
2017,475,main,3
2018,481,main,3
2019,476,main,3
2020,1002020,rerun,1
2021,477,main,3
2023,482,main,3
2025,480,main,3
2035,484,main,3
2041,1002041,rerun,1
2046,1002046,rerun,2
2047,483,main,3
2048,485,main,3
2049,486,main,3
2050,487,main,3
2052,489,main,3
2054,488,main,3
2055,490,main,3
2058,491,main,3
2061,492,main,3
2064,1002064,rerun,1
2065,1002065,rerun,1
2068,1002068,rerun,2
2069,493,main,3
2073,494,main,3
2079,1002079,rerun,1
2080,1002080,rerun,2
2082,1002082,rerun,2
2086,498,main,3
2089,495,main,3
2092,496,main,3
2095,505,main,3
2097,500,main,3
2103,499,main,3
2104,502,main,3
2107,1002107,rerun,2
2108,501,main,3
2111,497,main,3
2116,506,main,3
2125,503,main,3
2130,1002130,rerun,1
2133,1002133,rerun,2
2136,509,main,3
2142,504,main,3
2145,507,main,3
2148,1002148,rerun,2
2151,508,main,3
2153,512,main,3
2154,1002154,rerun,2
2155,1002155,rerun,1
2156,510,main,3
2158,511,main,3
2168,516,main,3
2169,518,main,3
2173,519,main,3
2174,514,main,3
2179,517,main,3
2180,513,main,3
2182,515,main,3
2191,1002191,rerun,2
2192,1002192,rerun,2
2193,521,main,3
2196,520,main,3
2198,523,main,3
2203,526,main,3
2205,1002205,rerun,2
2206,522,main,3
2208,527,main,3
2209,1002209,rerun,1
2215,525,main,3
2216,524,main,3
2218,1002218,rerun,1
2226,1002226,rerun,1
2230,528,main,3
2233,1002233,rerun,1
2237,1002237,rerun,2
2238,1002238,rerun,2
2251,534,main,3
2253,536,main,3
2258,529,main,3
2263,530,main,3
2264,1002264,rerun,1
2265,531,main,3
2267,1002267,rerun,1
2268,538,main,3
2269,535,main,3
2271,532,main,3
2272,533,main,3
2282,1002282,rerun,1
2283,1002283,rerun,1
2286,544,main,3
2287,539,main,3
2290,537,main,3
2291,1002291,rerun,2
2292,1002292,rerun,1
2293,1002293,rerun,2
2294,542,main,3
2297,540,main,3
2299,541,main,3
2303,543,main,3
2308,545,main,3
2312,547,main,3
2318,1002318,rerun,1
2330,1002330,rerun,2
2332,546,main,3
2336,1002336,rerun,2
2345,549,main,3
2347,548,main,3
2349,1002349,rerun,2
2352,553,main,3
2353,1002353,rerun,2
2358,550,main,3
2362,552,main,3
2365,1002365,rerun,1
2366,551,main,3
2374,1002374,rerun,2
2375,1002375,rerun,1
2379,558,main,3
2381,555,main,3
2382,1002382,rerun,1
2385,554,main,3
2389,1002389,rerun,1
2394,1002394,rerun,1
2396,559,main,3
2399,557,main,3
2400,1002400,rerun,2
2401,560,main,3
2402,556,main,3
2404,1002404,rerun,1
2405,1002405,rerun,2
2416,1002416,rerun,1
2426,562,main,3
2427,568,main,3
2429,561,main,3
2435,1002435,rerun,2
2439,1002439,rerun,1
2443,563,main,3
2447,564,main,3
2448,1002448,rerun,1
2452,1002452,rerun,1
2453,566,main,3
2454,565,main,3
2459,1002459,rerun,1
2462,1002462,rerun,1
2467,569,main,3
2468,572,main,3
2469,567,main,3
2471,1002471,rerun,1
2472,1002472,rerun,2
2474,570,main,3
2477,571,main,3
2482,1002482,rerun,1
2483,573,main,3
2486,575,main,3
2489,576,main,3
2491,1002491,rerun,1
2492,577,main,3
2496,1002496,rerun,2
2500,1002500,rerun,1
2506,1002506,rerun,1
2508,574,main,3
2509,579,main,3
2513,578,main,3
2516,581,main,3
2518,1002518,rerun,1
2530,583,main,3
2535,580,main,3
2538,585,main,3
2549,589,main,3
2552,590,main,3
2554,584,main,3
2555,586,main,3
2557,1002557,rerun,1
2558,592,main,3
2559,588,main,3
2560,1002560,rerun,2
2561,582,main,3
2563,1002563,rerun,1
2565,587,main,3
2568,591,main,3
2572,1002572,rerun,1
2577,1002577,rerun,2
2578,594,main,3
2579,1002579,rerun,2
2581,1002581,rerun,2
2582,596,main,3
2584,593,main,3
2586,595,main,3
2593,597,main,3
2594,1002594,rerun,1
2598,1002598,rerun,1
2600,1002600,rerun,1
2602,598,main,3
2603,1002603,rerun,1
2604,599,main,3
2605,601,main,3
2615,1002615,rerun,1
2617,600,main,3
2622,606,main,3
2624,605,main,3
2629,1002629,rerun,2
2632,604,main,3
2634,1002634,rerun,1
2635,608,main,3
2636,607,main,3
2637,602,main,3
2638,603,main,3
2641,610,main,3
2642,609,main,3
2648,613,main,3
2649,1002649,rerun,2
2650,1002650,rerun,1
2653,1002653,rerun,2
2656,614,main,3
2663,611,main,3
2665,616,main,3
2666,612,main,3
2673,1002673,rerun,2
2674,1002674,rerun,2
2675,1002675,rerun,2
2681,1002681,rerun,2
2682,1002682,rerun,1
2687,615,main,3
2690,623,main,3
2695,617,main,3
2700,625,main,3
2701,622,main,3
2702,1002702,rerun,2
2704,1002704,rerun,1
2706,618,main,3
2707,624,main,3
2709,628,main,3
2713,1002713,rerun,2
2716,621,main,3
2717,620,main,3
2722,619,main,3
2727,1002727,rerun,1
2730,634,main,3
2731,629,main,3
2732,626,main,3
2734,627,main,3
2735,1002735,rerun,2
2741,630,main,3
2748,631,main,3
2751,632,main,3
2760,633,main,3
2762,639,main,3
2769,1002769,rerun,2
2770,636,main,3
2772,638,main,3
2773,1002773,rerun,2
2774,645,main,3
2775,1002775,rerun,2
2781,635,main,3
2782,1002782,rerun,2
2785,637,main,3
2786,1002786,rerun,1
2791,640,main,3
2793,644,main,3
2794,1002794,rerun,2
2795,641,main,3
2799,642,main,3
2801,643,main,3
2803,651,main,3
2806,1002806,rerun,1
2808,1002808,rerun,1
2810,648,main,3
2813,1002813,rerun,1
2815,646,main,3
2817,647,main,3
2821,1002821,rerun,1
2822,1002822,rerun,2
2828,1002828,rerun,1
2829,662,main,3
2830,652,main,3
2833,654,main,3
2834,649,main,3
2838,653,main,3
2842,650,main,3
2846,656,main,3
2847,655,main,3
2849,658,main,3
2853,657,main,3
2858,659,main,3
2859,660,main,3
2860,1002860,rerun,1
2863,1002863,rerun,2
2866,661,main,3
2867,663,main,3
2870,1002870,rerun,2
2871,665,main,3
2874,1002874,rerun,1
2878,666,main,3
2879,664,main,3
2880,1002880,rerun,2
2882,1002882,rerun,2
2885,672,main,3
2890,668,main,3
2891,667,main,3
2892,671,main,3
2895,670,main,3
2900,669,main,3
2901,673,main,3
2907,674,main,3
2910,1002910,rerun,2
2912,1002912,rerun,2
2913,1002913,rerun,2
2917,677,main,3
2918,679,main,3
2920,1002920,rerun,1
2921,676,main,3
2925,675,main,3
2927,678,main,3
2929,684,main,3
2930,680,main,3
2931,682,main,3
2932,686,main,3
2933,681,main,3
2934,1002934,rerun,1
2940,688,main,3
2941,687,main,3
2942,1002942,rerun,2
2943,690,main,3
2944,683,main,3
2952,685,main,3
2959,694,main,3
2962,1002962,rerun,1
2964,1002964,rerun,2
2966,1002966,rerun,2
2967,692,main,3
2968,696,main,3
2970,698,main,3
2973,691,main,3
2975,689,main,3
2978,693,main,3
2985,697,main,3
2987,700,main,3
2992,695,main,3
3001,701,main,3
3005,699,main,3
3006,1003006,rerun,2
3011,1003011,rerun,2
3012,703,main,3
3014,704,main,3
3015,705,main,3
3017,702,main,3
3019,709,main,3
3020,1003020,rerun,2
3023,1003023,rerun,1
3025,706,main,3
3028,1003028,rerun,1
3031,707,main,3
3037,711,main,3
3039,708,main,3
3041,710,main,3
3042,1003042,rerun,2
3044,1003044,rerun,2
3052,1003052,rerun,2
3053,718,main,3
3055,1003055,rerun,2
3056,1003056,rerun,2
3058,714,main,3
3062,712,main,3
3063,716,main,3
3065,715,main,3
3066,720,main,3
3068,717,main,3
3073,713,main,3
3080,1003080,rerun,1
3081,719,main,3
3084,725,main,3
3085,723,main,3
3087,724,main,3
3089,721,main,3
3092,729,main,3
3094,728,main,3
3096,1003096,rerun,2
3099,726,main,3
3100,727,main,3
3101,722,main,3
3102,1003102,rerun,1
3109,1003109,rerun,1
3111,732,main,3
3115,730,main,3
3117,731,main,3
3130,734,main,3
3131,733,main,3
3132,736,main,3
3135,735,main,3
3140,1003140,rerun,2
3143,1003143,rerun,1
3145,1003145,rerun,2
3147,737,main,3
3148,741,main,3
3149,743,main,3
3153,1003153,rerun,2
3155,739,main,3
3157,740,main,3
3159,1003159,rerun,1
3167,738,main,3
3172,1003172,rerun,1
3173,1003173,rerun,2
3176,745,main,3
3178,742,main,3
3183,744,main,3
3185,746,main,3
3186,1003186,rerun,2
3192,1003192,rerun,1
3195,1003195,rerun,1
3197,748,main,3
3198,749,main,3
3201,747,main,3
3203,1003203,rerun,1
3211,750,main,3
3216,1003216,rerun,2
3217,753,main,3
3221,1003221,rerun,1
3224,1003224,rerun,2
3228,751,main,3
3230,1003230,rerun,1
3231,754,main,3
3232,752,main,3
3235,755,main,3
3236,760,main,3
3242,1003242,rerun,1
3243,1003243,rerun,1
3244,1003244,rerun,2
3246,758,main,3
3247,1003247,rerun,2
3249,757,main,3
3250,764,main,3
3252,756,main,3
3253,763,main,3
3255,762,main,3
3256,1003256,rerun,1
3258,1003258,rerun,2
3259,761,main,3
3260,759,main,3
3266,1003266,rerun,1
3268,769,main,3
3269,1003269,rerun,1
3273,765,main,3
3277,766,main,3
3280,1003280,rerun,2
3282,1003282,rerun,1
3284,1003284,rerun,1
3286,770,main,3
3288,767,main,3
3289,1003289,rerun,2
3295,768,main,3
3296,774,main,3
3301,771,main,3
3304,772,main,3
3305,773,main,3
3310,1003310,rerun,1
3315,775,main,3
3319,777,main,3
3321,1003321,rerun,1
3322,1003322,rerun,2
3323,1003323,rerun,2
3325,1003325,rerun,2
3326,1003326,rerun,2
3330,1003330,rerun,2
3331,776,main,3
3332,780,main,3
3333,1003333,rerun,1
3336,778,main,3
3338,779,main,3
3339,1003339,rerun,1
3340,1003340,rerun,2
3342,1003342,rerun,1
3349,783,main,3
3350,782,main,3
3351,781,main,3
3352,1003352,rerun,1
3353,786,main,3
3354,785,main,3
3356,787,main,3
3359,788,main,3
3360,1003360,rerun,1
3365,784,main,3
3373,1003373,rerun,2
3378,1003378,rerun,2
3383,1003383,rerun,2
3384,792,main,3
3389,793,main,3
3394,791,main,3
3395,789,main,3
3397,794,main,3
3398,1003398,rerun,2
3402,1003402,rerun,1
3403,790,main,3
3404,797,main,3
3405,796,main,3
3408,799,main,3
3414,798,main,3
3415,800,main,3
3416,795,main,3
3420,802,main,3
3421,803,main,3
3428,1003428,rerun,2
3429,1003429,rerun,1
3438,806,main,3
3439,805,main,3
3440,804,main,3
3441,801,main,3
3443,1003443,rerun,2
3447,1003447,rerun,2
3454,807,main,3
3455,1003455,rerun,2
3456,1003456,rerun,2
3458,811,main,3
3467,809,main,3
3468,1003468,rerun,1
3469,810,main,3
3470,808,main,3
3471,819,main,3
3473,1003473,rerun,1
3481,1003481,rerun,1
3482,814,main,3
3484,815,main,3
3485,816,main,3
3486,1003486,rerun,2
3490,812,main,3
3492,1003492,rerun,1
3497,1003497,rerun,2
3499,1003499,rerun,2
3501,1003501,rerun,1
3502,813,main,3
3509,817,main,3
3516,818,main,3
3517,822,main,3
3518,820,main,3
3521,821,main,3
3522,823,main,3
3523,1003523,rerun,1
3525,825,main,3
3530,828,main,3
3532,824,main,3
3542,831,main,3
3544,827,main,3
3549,826,main,3
3551,1003551,rerun,1
3552,1003552,rerun,2
3553,830,main,3
3554,829,main,3
3556,835,main,3
3558,839,main,3
3559,834,main,3
3562,833,main,3
3563,837,main,3
3565,832,main,3
3566,836,main,3
3568,838,main,3
3573,840,main,3
3581,1003581,rerun,1
3587,1003587,rerun,2
3588,1003588,rerun,1
3589,841,main,3
3590,1003590,rerun,1
3598,842,main,3
3601,1003601,rerun,1
3602,1003602,rerun,2
3604,1003604,rerun,1
3606,846,main,3
3608,845,main,3
3609,849,main,3
3611,1003611,rerun,2
3615,851,main,3
3617,1003617,rerun,2
3619,1003619,rerun,1
3620,1003620,rerun,2
3621,1003621,rerun,1
3623,1003623,rerun,2
3625,844,main,3
3628,847,main,3
3629,854,main,3
3630,858,main,3
3636,848,main,3
3638,852,main,3
3642,853,main,3
3646,843,main,3
3647,857,main,3
3648,856,main,3
3651,850,main,3
3652,1003652,rerun,2
3656,1003656,rerun,2
3659,860,main,3
3661,855,main,3
3664,862,main,3
3667,861,main,3
3668,859,main,3
3670,1003670,rerun,1
3677,863,main,3
3681,865,main,3
3682,1003682,rerun,1
3684,869,main,3
3685,1003685,rerun,2
3686,867,main,3
3687,866,main,3
3694,864,main,3
3695,1003695,rerun,1
3698,878,main,3
3700,872,main,3
3707,873,main,3
3710,1003710,rerun,2
3711,871,main,3
3713,876,main,3
3714,870,main,3
3715,875,main,3
3717,868,main,3
3719,877,main,3
3720,1003720,rerun,2
3722,880,main,3
3726,879,main,3
3730,874,main,3
3734,882,main,3
3739,1003739,rerun,2
3740,881,main,3
3741,1003741,rerun,2
3747,1003747,rerun,2
3748,883,main,3
3757,885,main,3
3758,884,main,3
3760,886,main,3
3764,1003764,rerun,1
3765,896,main,3
3769,888,main,3
3771,1003771,rerun,2
3777,892,main,3
3779,887,main,3
3780,891,main,3
3783,890,main,3
3791,893,main,3
3799,889,main,3
3800,897,main,3
3801,1003801,rerun,1
3803,1003803,rerun,1
3806,894,main,3
3811,895,main,3
3812,898,main,3
3813,1003813,rerun,2
3819,901,main,3
3820,899,main,3
3823,900,main,3
3825,1003825,rerun,1
3833,905,main,3
3834,903,main,3
3836,902,main,3
3837,904,main,3
3838,906,main,3
3840,1003840,rerun,2
3842,910,main,3
3843,909,main,3
3846,911,main,3
3847,912,main,3
3848,914,main,3
3849,907,main,3
3850,908,main,3
3851,1003851,rerun,1
3853,1003853,rerun,1
3854,915,main,3
3857,913,main,3
3866,1003866,rerun,1
3867,1003867,rerun,1
3870,917,main,3
3872,920,main,3
3875,916,main,3
3886,921,main,3
3887,922,main,3
3892,918,main,3
3894,925,main,3
3896,1003896,rerun,2
3897,1003897,rerun,1
3898,926,main,3
3899,923,main,3
3900,919,main,3
3903,924,main,3
3906,927,main,3
3916,930,main,3
3918,1003918,rerun,1
3919,928,main,3
3921,1003921,rerun,1
3928,929,main,3
3933,1003933,rerun,2
3943,940,main,3
3944,931,main,3
3946,1003946,rerun,1
3948,932,main,3
3950,1003950,rerun,1
3952,933,main,3
3956,935,main,3
3957,1003957,rerun,2
3959,934,main,3
3961,1003961,rerun,2
3962,936,main,3
3963,938,main,3
3964,941,main,3
3965,946,main,3
3966,1003966,rerun,1
3968,939,main,3
3970,1003970,rerun,1
3971,943,main,3
3972,942,main,3
3983,937,main,3
3987,944,main,3
3992,947,main,3
3994,945,main,3
3996,948,main,3
4002,949,main,3
4006,950,main,3
4011,1004011,rerun,2
4012,1004012,rerun,1
4013,1004013,rerun,1
4017,1004017,rerun,1
4029,1004029,rerun,1
4033,1004033,rerun,1
4038,1004038,rerun,2
4040,953,main,3
4044,952,main,3
4045,955,main,3
4047,956,main,3
4048,1004048,rerun,2
4051,951,main,3
4053,1004053,rerun,2
4054,1004054,rerun,2
4056,954,main,3
4058,1004058,rerun,2
4059,1004059,rerun,2
4060,957,main,3
4061,1004061,rerun,2
4066,1004066,rerun,2
4070,958,main,3
4083,959,main,3
4084,1004084,rerun,1
4087,960,main,3
4089,1004089,rerun,1
4092,1004092,rerun,1
4093,961,main,3
4097,963,main,3
4098,1004098,rerun,1
4104,962,main,3
4108,1004108,rerun,2
4110,964,main,3
4111,965,main,3
4113,966,main,3
4114,1004114,rerun,2
4118,1004118,rerun,2
4119,1004119,rerun,2
4120,1004120,rerun,2
4124,1004124,rerun,1
4125,969,main,3
4128,967,main,3
4131,1004131,rerun,1
4132,970,main,3
4133,968,main,3
4135,1004135,rerun,2
4140,1004140,rerun,1
4143,972,main,3
4145,1004145,rerun,2
4148,974,main,3
4150,1004150,rerun,1
4151,973,main,3
4153,1004153,rerun,2
4154,1004154,rerun,2
4155,971,main,3
4157,1004157,rerun,2
4158,976,main,3
4159,977,main,3
4164,975,main,3
4165,1004165,rerun,1
4166,978,main,3
4170,985,main,3
4172,1004172,rerun,1
4174,984,main,3
4176,982,main,3
4178,979,main,3
4179,981,main,3
4180,980,main,3
4183,983,main,3
4184,1004184,rerun,2
4190,1004190,rerun,1
4193,1004193,rerun,1
4195,986,main,3
4199,1004199,rerun,2
4204,987,main,3
4205,988,main,3
4208,989,main,3
4209,991,main,3
4212,1004212,rerun,1
4215,1004215,rerun,1
4216,992,main,3
4217,990,main,3
4219,1004219,rerun,1
4221,1001,main,3
4222,1004222,rerun,2
4230,993,main,3
4236,998,main,3
4237,997,main,3
4238,1004238,rerun,2
4241,1004241,rerun,2
4244,995,main,3
4245,996,main,3
4249,999,main,3
4253,994,main,3
4256,1004256,rerun,2
4260,1000,main,3
4269,1007,main,3
4278,1003,main,3
4279,1004,main,3
4281,1002,main,3
4293,1006,main,3
4294,1004294,rerun,1
4296,1016,main,3
4297,1004297,rerun,1
4299,1004299,rerun,1
4301,1008,main,3
4302,1011,main,3
4304,1005,main,3
4306,1010,main,3
4307,1004307,rerun,1
4309,1009,main,3
4317,1004317,rerun,2
4319,1004319,rerun,1
4321,1013,main,3
4322,1012,main,3
4325,1004325,rerun,1
4326,1004326,rerun,2
4330,1017,main,3
4331,1015,main,3
4333,1004333,rerun,1
4334,1014,main,3
4341,1019,main,3
4343,1018,main,3
4344,1022,main,3
4346,1021,main,3
4348,1023,main,3
4350,1020,main,3
4362,1024,main,3
4363,1025,main,3
4365,1004365,rerun,1
4369,1026,main,3
4373,1029,main,3
4374,1004374,rerun,1
4375,1028,main,3
4378,1027,main,3
4379,1004379,rerun,1
4380,1032,main,3
4393,1030,main,3
4399,1031,main,3
4401,1040,main,3
4402,1033,main,3
4405,1035,main,3
4407,1034,main,3
4408,1037,main,3
4409,1038,main,3
4410,1036,main,3
4412,1039,main,3
4416,1004416,rerun,1
4417,1004417,rerun,1
4424,1046,main,3
4427,1043,main,3
4428,1042,main,3
4434,1004434,rerun,1
4436,1041,main,3
4437,1004437,rerun,1
4442,1044,main,3
4447,1045,main,3
4457,1004457,rerun,1
4459,1047,main,3
4460,1004460,rerun,1
4461,1004461,rerun,2
4463,1053,main,3
4465,1050,main,3
4467,1052,main,3
4471,1051,main,3
4472,1048,main,3
4475,1055,main,3
4476,1054,main,3
4479,1049,main,3
4481,1056,main,3
4485,1058,main,3
4487,1004487,rerun,1
4489,1004489,rerun,2
4490,1004490,rerun,1
4491,1057,main,3
4492,1004492,rerun,2
4493,1004493,rerun,1
4498,1004498,rerun,2
4500,1004500,rerun,1
4501,1059,main,3
4510,1004510,rerun,2
4514,1062,main,3
4517,1004517,rerun,1
4519,1060,main,3
4523,1004523,rerun,2
4524,1065,main,3
4525,1061,main,3
4527,1063,main,3
4528,1004528,rerun,1
4530,1064,main,3
4535,1004535,rerun,2
4538,1067,main,3
4540,1004540,rerun,2
4544,1066,main,3
4548,1004548,rerun,2
4550,1069,main,3
4551,1071,main,3
4553,1004553,rerun,1
4554,1004554,rerun,1
4557,1004557,rerun,2
4572,1004572,rerun,1
4577,1068,main,3
4580,1004580,rerun,1
4585,1070,main,3
4588,1072,main,3
4595,1075,main,3
4596,1073,main,3
4598,1074,main,3
4599,1076,main,3
4604,1004604,rerun,1
4606,1004606,rerun,1
4609,1079,main,3
4613,1080,main,3
4615,1077,main,3
4623,1081,main,3
4629,1078,main,3
4633,1083,main,3
4634,1004634,rerun,1
4636,1004636,rerun,2
4640,1004640,rerun,2
4642,1084,main,3
4643,1004643,rerun,1
4644,1082,main,3
4650,1085,main,3
4658,1004658,rerun,2
4659,1086,main,3
4661,1004661,rerun,2
4665,1004665,rerun,1
4666,1089,main,3
4667,1094,main,3
4669,1088,main,3
4672,1091,main,3
4673,1093,main,3
4674,1090,main,3
4678,1095,main,3
4680,1087,main,3
4682,1092,main,3
4686,1096,main,3
4691,1097,main,3
4696,1004696,rerun,2
4703,1004703,rerun,2
4709,1004709,rerun,2
4710,1004710,rerun,2
4717,1098,main,3
4719,1004719,rerun,2
4720,1100,main,3
4724,1102,main,3
4728,1106,main,3
4737,1004737,rerun,1
4743,1099,main,3
4744,1101,main,3
4748,1108,main,3
4752,1107,main,3
4759,1105,main,3
4763,1104,main,3
4766,1004766,rerun,1
4769,1103,main,3
4770,1004770,rerun,1
4771,1109,main,3
4773,1110,main,3
4774,1112,main,3
4777,1119,main,3
4778,1111,main,3
4783,1004783,rerun,1
4784,1113,main,3
4785,1114,main,3
4789,1117,main,3
4790,1116,main,3
4792,1115,main,3
4798,1004798,rerun,1
4799,1004799,rerun,1
4801,1121,main,3
4802,1118,main,3
4806,1120,main,3
4812,1122,main,3
4819,1124,main,3
4820,1004820,rerun,2
4822,1130,main,3
4831,1004831,rerun,2
4839,1004839,rerun,1
4842,1004842,rerun,2
4846,1129,main,3
4848,1125,main,3
4849,1123,main,3
4862,1127,main,3
4863,1131,main,3
4864,1004864,rerun,1
4867,1004867,rerun,1
4868,1004868,rerun,1
4872,1004872,rerun,1
4874,1128,main,3
4876,1004876,rerun,1
4877,1133,main,3
4879,1126,main,3
4884,1004884,rerun,1
4888,1135,main,3
4890,1004890,rerun,2
4894,1004894,rerun,2
4898,1132,main,3
4899,1141,main,3
4900,1137,main,3
4901,1004901,rerun,2
4902,1134,main,3
4905,1004905,rerun,1
4907,1136,main,3
4913,1138,main,3
4917,1142,main,3
4921,1139,main,3
4924,1004924,rerun,1
4926,1143,main,3
4936,1140,main,3
4942,1004942,rerun,2
4953,1004953,rerun,2
4956,1146,main,3
4961,1004961,rerun,1
4969,1004969,rerun,2
4973,1145,main,3
4976,1144,main,3
4977,1004977,rerun,2
4978,1148,main,3
4982,1147,main,3
4990,1150,main,3
4993,1004993,rerun,2
4998,1153,main,3
5002,1005002,rerun,1
5003,1149,main,3
5005,1152,main,3
5012,1005012,rerun,2
5013,1151,main,3
5015,1157,main,3
5016,1005016,rerun,2
5021,1155,main,3
5025,1154,main,3
5029,1005029,rerun,2
5033,1005033,rerun,1
5037,1005037,rerun,1
5048,1163,main,3
5052,1161,main,3
5053,1156,main,3
5055,1005055,rerun,1
5056,1005056,rerun,1
5057,1158,main,3
5060,1005060,rerun,1
5062,1005062,rerun,1
5065,1005065,rerun,2
5067,1159,main,3
5069,1165,main,3
5072,1005072,rerun,1
5073,1162,main,3
5074,1164,main,3
5078,1167,main,3
5082,1005082,rerun,1
5084,1166,main,3
5087,1168,main,3
5088,1160,main,3
5089,1169,main,3
5093,1005093,rerun,2
5096,1170,main,3
5100,1173,main,3
5103,1172,main,3
5105,1175,main,3
5106,1174,main,3
5111,1171,main,3
5113,1005113,rerun,1
5115,1176,main,3
5123,1179,main,3
5128,1005128,rerun,1
5131,1181,main,3
5135,1005135,rerun,1
5136,1177,main,3
5137,1180,main,3
5144,1186,main,3
5145,1178,main,3
5149,1183,main,3
5150,1005150,rerun,1
5151,1184,main,3
5156,1182,main,3
5167,1185,main,3
5174,1188,main,3
5175,1190,main,3
5180,1005180,rerun,1
5181,1189,main,3
5186,1192,main,3
5188,1191,main,3
5194,1187,main,3
5202,1005202,rerun,1
5210,1193,main,3
5211,1196,main,3
5215,1198,main,3
5225,1197,main,3
5227,1194,main,3
5229,1005229,rerun,2
5231,1005231,rerun,1
5240,1195,main,3
5241,1199,main,3
5245,1201,main,3
5248,1005248,rerun,1
5250,1005250,rerun,1
5253,1208,main,3
5256,1005256,rerun,1
5257,1200,main,3
5260,1202,main,3
5264,1204,main,3
5266,1203,main,3
5268,1207,main,3
5269,1206,main,3
5276,1205,main,3
5281,1213,main,3
5285,1210,main,3
5289,1214,main,3
5290,1220,main,3
5291,1212,main,3
5294,1005294,rerun,2
5295,1215,main,3
5296,1209,main,3
5299,1216,main,3
5300,1005300,rerun,1
5302,1211,main,3
5303,1219,main,3
5306,1005306,rerun,2
5309,1005309,rerun,1
5311,1005311,rerun,2
5315,1005315,rerun,1
5317,1217,main,3
5319,1223,main,3
5322,1005322,rerun,2
5324,1221,main,3
5326,1005326,rerun,2
5327,1218,main,3
5328,1005328,rerun,2
5330,1224,main,3
5333,1222,main,3
5337,1005337,rerun,1
5338,1005338,rerun,1
5339,1226,main,3
5345,1005345,rerun,2
5351,1005351,rerun,1
5352,1228,main,3
5354,1227,main,3
5355,1235,main,3
5356,1229,main,3
5360,1225,main,3
5361,1005361,rerun,2
5362,1230,main,3
5369,1005369,rerun,1
5372,1234,main,3
5373,1232,main,3
5374,1231,main,3
5375,1233,main,3
5377,1005377,rerun,2
5379,1005379,rerun,2
5386,1236,main,3
5390,1005390,rerun,1
5391,1240,main,3
5392,1238,main,3
5394,1241,main,3
5397,1237,main,3
5400,1243,main,3
5401,1239,main,3
5411,1245,main,3
5417,1244,main,3
5419,1242,main,3
5422,1248,main,3
5424,1247,main,3
5427,1005427,rerun,2
5429,1246,main,3
5430,1005430,rerun,2
5433,1249,main,3
5434,1005434,rerun,2
5436,1255,main,3
5441,1005441,rerun,1
5443,1251,main,3
5446,1254,main,3
5448,1253,main,3
5449,1250,main,3
5451,1252,main,3
5455,1005455,rerun,1
5457,1258,main,3
5459,1256,main,3
5460,1005460,rerun,2
5461,1259,main,3
5464,1257,main,3
5473,1264,main,3
5477,1260,main,3
5479,1005479,rerun,2
5481,1266,main,3
5483,1261,main,3
5484,1263,main,3
5485,1265,main,3
5487,1262,main,3
5492,1005492,rerun,1
5493,1005493,rerun,1
5496,1005496,rerun,1
5499,1269,main,3
5501,1005501,rerun,2
5502,1005502,rerun,2
5503,1268,main,3
5505,1267,main,3
5506,1272,main,3
5509,1271,main,3
5516,1270,main,3
5523,1274,main,3
5525,1276,main,3
5527,1273,main,3
5531,1005531,rerun,1
5532,1275,main,3
5538,1005538,rerun,1
5540,1278,main,3
5541,1279,main,3
5546,1277,main,3
5555,1284,main,3
5556,1280,main,3
5559,1005559,rerun,2
5560,1005560,rerun,2
5561,1005561,rerun,2
5566,1281,main,3
5568,1285,main,3
5569,1005569,rerun,1
5570,1289,main,3
5571,1286,main,3
5574,1283,main,3
5575,1287,main,3
5577,1005577,rerun,1
5578,1282,main,3
5586,1005586,rerun,1
5587,1290,main,3
5592,1291,main,3
5594,1005594,rerun,2
5598,1292,main,3
5599,1005599,rerun,1
5602,1005602,rerun,1
5603,1288,main,3
5606,1295,main,3
5607,1005607,rerun,2
5613,1293,main,3
5615,1299,main,3
5617,1296,main,3
5618,1294,main,3
5619,1297,main,3
5622,1300,main,3
5626,1298,main,3
5627,1301,main,3
5628,1303,main,3
5629,1005629,rerun,2
5630,1304,main,3
5634,1305,main,3
5642,1302,main,3
5647,1307,main,3
5648,1306,main,3
5654,1005654,rerun,2
5657,1005657,rerun,1
5659,1005659,rerun,1
5666,1312,main,3
5669,1309,main,3
5671,1313,main,3
5674,1310,main,3
5675,1308,main,3
5677,1311,main,3
5678,1005678,rerun,1
5679,1005679,rerun,1
5681,1005681,rerun,1
5682,1005682,rerun,2
5684,1005684,rerun,2
5687,1320,main,3
5688,1316,main,3
5691,1005691,rerun,1
5698,1315,main,3
5699,1314,main,3
5700,1317,main,3
5701,1005701,rerun,1
5705,1319,main,3
5706,1321,main,3
5717,1325,main,3
5720,1005720,rerun,1
5723,1318,main,3
5726,1324,main,3
5728,1326,main,3
5730,1005730,rerun,1
5736,1005736,rerun,1
5737,1323,main,3
5738,1322,main,3
5739,1327,main,3
5748,1328,main,3
5750,1329,main,3
5751,1005751,rerun,2
5752,1332,main,3
5755,1331,main,3
5757,1333,main,3
5760,1005760,rerun,1
5763,1330,main,3
5772,1336,main,3
5773,1339,main,3
5777,1005777,rerun,2
5779,1335,main,3
5789,1342,main,3
5790,1334,main,3
5791,1340,main,3
5793,1337,main,3
5794,1343,main,3
5797,1005797,rerun,1
5800,1338,main,3
5801,1345,main,3
5803,1349,main,3
5810,1341,main,3
5815,1005815,rerun,2
5821,1346,main,3
5822,1344,main,3
5823,1347,main,3
5830,1005830,rerun,2
5833,1348,main,3
5834,1350,main,3
5836,1351,main,3
5837,1352,main,3
5838,1005838,rerun,2
5844,1358,main,3
5846,1362,main,3
5847,1354,main,3
5848,1355,main,3
5850,1357,main,3
5853,1356,main,3
5861,1005861,rerun,1
5863,1353,main,3
5865,1359,main,3
5866,1005866,rerun,2
5868,1005868,rerun,1
5869,1360,main,3
5875,1363,main,3
5877,1364,main,3
5880,1361,main,3
5882,1367,main,3
5883,1005883,rerun,2
5886,1365,main,3
5895,1369,main,3
5900,1005900,rerun,1
5903,1370,main,3
5905,1366,main,3
5920,1375,main,3
5921,1373,main,3
5923,1368,main,3
5927,1371,main,3
5930,1005930,rerun,1
5932,1372,main,3
5935,1377,main,3
5937,1374,main,3
5944,1381,main,3
5950,1379,main,3
5954,1378,main,3
5959,1376,main,3
5962,1005962,rerun,2
5965,1382,main,3
5968,1383,main,3
5969,1380,main,3
5980,1005980,rerun,2
5981,1385,main,3
5982,1387,main,3
5987,1005987,rerun,1
5992,1384,main,3
5994,1386,main,3
6001,1006001,rerun,2
6002,1006002,rerun,2
6004,1388,main,3
6005,1394,main,3
6006,1006006,rerun,2
6007,1395,main,3
6008,1389,main,3
6013,1393,main,3
6015,1390,main,3
6019,1391,main,3
6022,1006022,rerun,1
6025,1006025,rerun,1
6027,1396,main,3
6029,1397,main,3
6036,1392,main,3
6038,1398,main,3
6046,1401,main,3
6047,1006047,rerun,1
6049,1399,main,3
6055,1400,main,3
6060,1006060,rerun,1
6069,1410,main,3
6072,1408,main,3
6075,1404,main,3
6079,1403,main,3
6080,1407,main,3
6083,1402,main,3
6087,1411,main,3
6093,1409,main,3
6096,1006096,rerun,1
6099,1405,main,3
6101,1414,main,3
6102,1406,main,3
6104,1416,main,3
6107,1413,main,3
6110,1418,main,3
6112,1415,main,3
6113,1412,main,3
6117,1006117,rerun,2
6120,1006120,rerun,2
6121,1006121,rerun,2
6124,1417,main,3
6130,1421,main,3
6131,1419,main,3
6134,1420,main,3
6140,1423,main,3
6143,1006143,rerun,2
6144,1425,main,3
6145,1424,main,3
6147,1428,main,3
6148,1426,main,3
6149,1427,main,3
6154,1432,main,3
6157,1422,main,3
6161,1429,main,3
6162,1006162,rerun,2
6163,1433,main,3
6164,1006164,rerun,1
6171,1430,main,3
6179,1435,main,3
6181,1439,main,3
6182,1006182,rerun,1
6183,1436,main,3
6184,1434,main,3
6185,1431,main,3
6195,1441,main,3
6200,1006200,rerun,2
6201,1006201,rerun,1
6202,1437,main,3
6203,1440,main,3
6204,1442,main,3
6209,1438,main,3
6210,1444,main,3
6212,1443,main,3
6214,1445,main,3
6222,1006222,rerun,1
6223,1006223,rerun,2
6224,1006224,rerun,2
6227,1446,main,3
6236,1006236,rerun,2
6237,1006237,rerun,2
6244,1006244,rerun,2
6246,1006246,rerun,2
6248,1447,main,3
6257,1006257,rerun,2
6259,1006259,rerun,1
6263,1006263,rerun,1
6269,1458,main,3
6270,1450,main,3
6272,1451,main,3
6273,1006273,rerun,2
6278,1448,main,3
6285,1006285,rerun,2
6287,1006287,rerun,2
6288,1453,main,3
6289,1452,main,3
6292,1006292,rerun,1
6293,1457,main,3
6295,1006295,rerun,1
6296,1454,main,3
6303,1449,main,3
6305,1460,main,3
6306,1455,main,3
6307,1456,main,3
6317,1006317,rerun,1
6318,1459,main,3
6320,1006320,rerun,1
6321,1462,main,3
6322,1464,main,3
6323,1006323,rerun,1
6330,1006330,rerun,2
6331,1461,main,3
6332,1465,main,3
6333,1006333,rerun,1
6334,1467,main,3
6335,1463,main,3
6337,1466,main,3
6342,1006342,rerun,2
6347,1006347,rerun,2
6349,1006349,rerun,2
6350,1469,main,3
6358,1006358,rerun,2
6367,1471,main,3
6370,1006370,rerun,2
6371,1468,main,3
6372,1006372,rerun,1
6375,1006375,rerun,1
6376,1470,main,3
6379,1473,main,3
6382,1475,main,3
6385,1472,main,3
6387,1477,main,3
6388,1476,main,3
6390,1479,main,3
6394,1006394,rerun,1
6396,1485,main,3
6398,1006398,rerun,1
6400,1478,main,3
6401,1474,main,3
6403,1006403,rerun,2
6413,1006413,rerun,1
6416,1480,main,3
6418,1006418,rerun,1
6426,1006426,rerun,1
6428,1481,main,3
6431,1482,main,3
6438,1483,main,3
6444,1486,main,3
6445,1487,main,3
6447,1006447,rerun,1
6449,1484,main,3
6451,1490,main,3
6456,1006456,rerun,1
6457,1489,main,3
6462,1492,main,3
6468,1491,main,3
6469,1006469,rerun,2
6470,1488,main,3
6472,1493,main,3
6474,1495,main,3
6476,1499,main,3
6477,1496,main,3
6480,1006480,rerun,2
6481,1494,main,3
6492,1006492,rerun,2
6496,1498,main,3
6503,1497,main,3
6504,1501,main,3
6505,1502,main,3
6506,1006506,rerun,2
6507,1500,main,3
6515,1503,main,3
6516,1506,main,3
6519,1504,main,3
6524,1006524,rerun,1
6528,1507,main,3
6534,1505,main,3
6536,1006536,rerun,2
6541,1006541,rerun,1
6543,1006543,rerun,1
6547,1508,main,3
6550,1006550,rerun,1
6551,1006551,rerun,2
6556,1511,main,3
6563,1512,main,3
6565,1509,main,3
6567,1006567,rerun,2
6568,1515,main,3
6569,1510,main,3
6571,1006571,rerun,1
6572,1006572,rerun,2
6581,1514,main,3
6585,1513,main,3
6586,1516,main,3
6589,1006589,rerun,2
6590,1006590,rerun,2
6591,1517,main,3
6592,1006592,rerun,1
6595,1006595,rerun,1
6601,1006601,rerun,2
6608,1006608,rerun,1
6610,1522,main,3
6613,1520,main,3
6621,1523,main,3
6622,1518,main,3
6623,1521,main,3
6628,1524,main,3
6631,1519,main,3
6635,1525,main,3
6637,1006637,rerun,1
6641,1006641,rerun,1
6643,1006643,rerun,1
6644,1528,main,3
6645,1006645,rerun,1
6646,1533,main,3
6648,1526,main,3
6649,1006649,rerun,2
6650,1530,main,3
6651,1527,main,3
6654,1006654,rerun,1
6655,1006655,rerun,2
6658,1006658,rerun,2
6659,1531,main,3
6661,1006661,rerun,2
6662,1537,main,3
6664,1534,main,3
6665,1535,main,3
6668,1532,main,3
6669,1529,main,3
6670,1536,main,3
6671,1538,main,3
6673,1539,main,3
6682,1542,main,3
6684,1543,main,3
6685,1549,main,3
6687,1546,main,3
6689,1541,main,3
6690,1540,main,3
6694,1006694,rerun,1
6695,1006695,rerun,1
6698,1544,main,3
6702,1006702,rerun,2
6705,1545,main,3
6706,1551,main,3
6709,1006709,rerun,2
6712,1555,main,3
6715,1006715,rerun,2
6716,1550,main,3
6717,1558,main,3
6718,1547,main,3
6722,1548,main,3
6723,1553,main,3
6725,1556,main,3
6727,1561,main,3
6728,1552,main,3
6730,1554,main,3
6735,1557,main,3
6737,1559,main,3
6741,1006741,rerun,2
6745,1006745,rerun,2
6752,1006752,rerun,1
6754,1560,main,3
6758,1006758,rerun,1
6769,1562,main,3
6770,1565,main,3
6773,1563,main,3
6776,1006776,rerun,1
6780,1006780,rerun,2
6785,1006785,rerun,1
6791,1567,main,3
6797,1006797,rerun,1
6802,1006802,rerun,2
6804,1569,main,3
6808,1574,main,3
6809,1564,main,3
6810,1577,main,3
6813,1006813,rerun,1
6818,1572,main,3
6820,1566,main,3
6821,1570,main,3
6824,1576,main,3
6825,1006825,rerun,1
6826,1571,main,3
6828,1006828,rerun,1
6830,1573,main,3
6831,1575,main,3
6834,1006834,rerun,1
6835,1578,main,3
6838,1568,main,3
6842,1579,main,3
6844,1581,main,3
6846,1006846,rerun,2
6847,1006847,rerun,2
6848,1583,main,3
6849,1580,main,3
6850,1582,main,3
6853,1584,main,3
6855,1586,main,3
6859,1585,main,3
6861,1006861,rerun,2
6863,1006863,rerun,1
6873,1593,main,3
6876,1587,main,3
6879,1588,main,3
6886,1589,main,3
6890,1006890,rerun,2
6892,1006892,rerun,2
6894,1594,main,3
6897,1592,main,3
6898,1006898,rerun,1
6899,1590,main,3
6901,1591,main,3
6903,1595,main,3
6908,1006908,rerun,2
6910,1006910,rerun,1
6914,1598,main,3
6916,1596,main,3
6917,1006917,rerun,2
6920,1599,main,3
6923,1597,main,3
6924,1601,main,3
6930,1006930,rerun,2
6939,1600,main,3
6941,1602,main,3
6949,1006949,rerun,2
6959,1604,main,3
6962,1605,main,3
6964,1603,main,3
6969,1609,main,3
6973,1006973,rerun,2
6974,1006974,rerun,1
6975,1006975,rerun,2
6978,1612,main,3
6981,1606,main,3
6984,1608,main,3
6985,1006985,rerun,2
6987,1610,main,3
6991,1620,main,3
6992,1611,main,3
6993,1006993,rerun,1
6994,1607,main,3
7000,1613,main,3
7003,1615,main,3
7007,1007007,rerun,1
7008,1614,main,3
7015,1617,main,3
7017,1007017,rerun,1
7018,1618,main,3
7019,1619,main,3
7023,1007023,rerun,1
7026,1621,main,3
7027,1616,main,3
7032,1007032,rerun,2
7034,1622,main,3
7036,1007036,rerun,1
7039,1623,main,3
7043,1626,main,3
7046,1624,main,3
7048,1625,main,3
7051,1007051,rerun,2
7054,1007054,rerun,1
7055,1628,main,3
7056,1627,main,3
7064,1007064,rerun,1
7065,1007065,rerun,1
7066,1007066,rerun,2
7069,1629,main,3
7070,1636,main,3
7072,1631,main,3
7073,1630,main,3
7077,1632,main,3
7078,1638,main,3
7081,1635,main,3
7082,1007082,rerun,2
7083,1007083,rerun,1
7086,1634,main,3
7087,1633,main,3
7088,1007088,rerun,1
7091,1637,main,3
7094,1640,main,3
7095,1641,main,3
7096,1639,main,3
7097,1644,main,3
7102,1642,main,3
7105,1007105,rerun,1
7112,1643,main,3
7113,1646,main,3
7117,1645,main,3
7120,1647,main,3
7124,1648,main,3
7128,1650,main,3
7131,1007131,rerun,1
7139,1007139,rerun,2
7141,1007141,rerun,1
7144,1007144,rerun,2
7149,1652,main,3
7151,1007151,rerun,1
7154,1007154,rerun,1
7155,1649,main,3
7163,1657,main,3
7166,1654,main,3
7167,1007167,rerun,1
7168,1653,main,3
7171,1660,main,3
7176,1007176,rerun,1
7180,1651,main,3
7181,1658,main,3
7182,1655,main,3
7184,1659,main,3
7186,1656,main,3
7189,1665,main,3
7191,1661,main,3
7194,1667,main,3
7196,1662,main,3
7202,1666,main,3
7203,1007203,rerun,2
7205,1663,main,3
7207,1664,main,3
7211,1671,main,3
7212,1007212,rerun,1
7213,1668,main,3
7216,1007216,rerun,2
7217,1674,main,3
7221,1670,main,3
7222,1669,main,3
7223,1672,main,3
7225,1673,main,3
7229,1007229,rerun,1
7230,1676,main,3
7232,1675,main,3
7233,1677,main,3
7237,1007237,rerun,1
7240,1682,main,3
7241,1681,main,3
7242,1679,main,3
7249,1680,main,3
7251,1007251,rerun,2
7253,1007253,rerun,1
7254,1678,main,3
7255,1007255,rerun,2
7256,1007256,rerun,1
7258,1683,main,3
7261,1686,main,3
7264,1007264,rerun,1
7266,1687,main,3
7268,1685,main,3
7269,1684,main,3
7270,1007270,rerun,1
7276,1007276,rerun,1
7277,1688,main,3
7280,1007280,rerun,1
7287,1689,main,3
7293,1690,main,3
7294,1007294,rerun,2
7306,1694,main,3
7307,1007307,rerun,2
7310,1695,main,3
7311,1007311,rerun,1
7312,1007312,rerun,2
7313,1691,main,3
7315,1701,main,3
7316,1700,main,3
7317,1693,main,3
7318,1696,main,3
7319,1007319,rerun,2
7320,1699,main,3
7323,1692,main,3
7324,1007324,rerun,1
7326,1698,main,3
7328,1697,main,3
7331,1702,main,3
7332,1007332,rerun,1
7334,1007334,rerun,2
7339,1007339,rerun,1
7347,1703,main,3
7354,1007354,rerun,2
7355,1705,main,3
7356,1007356,rerun,2
7357,1007357,rerun,1
7360,1706,main,3
7364,1704,main,3
7365,1707,main,3
7366,1710,main,3
7368,1709,main,3
7370,1007370,rerun,1
7379,1708,main,3
7381,1007381,rerun,1
7383,1713,main,3
7387,1712,main,3
7388,1715,main,3
7390,1711,main,3
7392,1007392,rerun,2
7394,1716,main,3
7399,1719,main,3
7401,1007401,rerun,1
7406,1714,main,3
7410,1720,main,3
7411,1718,main,3
7413,1717,main,3
7419,1721,main,3
7422,1007422,rerun,1
7423,1007423,rerun,2
7431,1722,main,3
7435,1007435,rerun,1
7436,1007436,rerun,1
7438,1726,main,3
7439,1007439,rerun,2
7440,1007440,rerun,1
7443,1007443,rerun,1
7446,1007446,rerun,2
7450,1723,main,3
7456,1728,main,3
7457,1725,main,3
7458,1007458,rerun,1
7460,1724,main,3
7464,1007464,rerun,1
7466,1007466,rerun,1
7470,1007470,rerun,1
7471,1007471,rerun,2
7473,1727,main,3
7475,1007475,rerun,1
7479,1007479,rerun,2
7484,1007484,rerun,1
7485,1007485,rerun,2
7487,1730,main,3
7493,1007493,rerun,2
7498,1007498,rerun,2
7501,1732,main,3
7507,1007507,rerun,1
7509,1729,main,3
7514,1734,main,3
7515,1735,main,3
7520,1731,main,3
7522,1733,main,3
7526,1007526,rerun,2
7530,1007530,rerun,1
7535,1737,main,3
7537,1742,main,3
7541,1739,main,3
7542,1007542,rerun,2
7543,1736,main,3
7552,1007552,rerun,2
7554,1743,main,3
7555,1007555,rerun,1
7556,1738,main,3
7557,1740,main,3
7559,1741,main,3
7560,1745,main,3
7562,1007562,rerun,2
7568,1744,main,3
7569,1007569,rerun,2
7570,1007570,rerun,2
7571,1007571,rerun,1
7574,1746,main,3
7575,1747,main,3
7580,1007580,rerun,1
7583,1007583,rerun,2
7587,1750,main,3
7594,1754,main,3
7597,1748,main,3
7599,1007599,rerun,2
7601,1749,main,3
7603,1752,main,3
7605,1751,main,3
7607,1007607,rerun,1
7608,1753,main,3
7611,1756,main,3
7615,1755,main,3
7616,1007616,rerun,1
7617,1757,main,3
7622,1007622,rerun,1
7623,1759,main,3
7624,1007624,rerun,2
7627,1007627,rerun,1
7629,1007629,rerun,1
7631,1007631,rerun,1
7641,1760,main,3
7642,1761,main,3
7647,1007647,rerun,2
7649,1765,main,3
7650,1758,main,3
7659,1763,main,3
7660,1007660,rerun,1
7661,1762,main,3
7662,1766,main,3
7664,1007664,rerun,1
7666,1767,main,3
7667,1764,main,3
7669,1007669,rerun,1
7672,1007672,rerun,1
7675,1768,main,3
7676,1770,main,3
7681,1007681,rerun,2
7685,1769,main,3
7687,1007687,rerun,1
7688,1771,main,3
7694,1773,main,3
7695,1007695,rerun,1
7696,1007696,rerun,2
7699,1772,main,3
7702,1007702,rerun,2
7705,1007705,rerun,1
7709,1007709,rerun,2
7710,1007710,rerun,1
7715,1007715,rerun,2
7716,1007716,rerun,1
7718,1774,main,3
7720,1776,main,3
7725,1790,main,3
7732,1775,main,3
7734,1777,main,3
7740,1782,main,3
7741,1778,main,3
7742,1779,main,3
7745,1007745,rerun,1
7748,1780,main,3
7750,1783,main,3
7754,1789,main,3
7755,1787,main,3
7756,1007756,rerun,1
7759,1788,main,3
7764,1007764,rerun,2
7765,1784,main,3
7767,1007767,rerun,1
7768,1791,main,3
7770,1781,main,3
7771,1786,main,3
7776,1007776,rerun,2
7777,1793,main,3
7778,1785,main,3
7781,1794,main,3
7782,1007782,rerun,2
7783,1792,main,3
7791,1795,main,3
7793,1007793,rerun,1
7795,1007795,rerun,2
7797,1796,main,3
7798,1007798,rerun,1
7800,1007800,rerun,1
7805,1798,main,3
7807,1007807,rerun,1
7808,1007808,rerun,2
7810,1007810,rerun,1
7813,1797,main,3
7815,1007815,rerun,2
7816,1800,main,3
7821,1799,main,3
7840,1806,main,3
7841,1007841,rerun,2
7843,1802,main,3
7845,1007845,rerun,2
7858,1801,main,3
7861,1007861,rerun,2
7862,1805,main,3
7863,1804,main,3
7864,1803,main,3
7868,1807,main,3
7872,1007872,rerun,1
7873,1007873,rerun,1
7878,1808,main,3
7879,1809,main,3
7885,1007885,rerun,1
7887,1007887,rerun,2
7889,1810,main,3
7890,1811,main,3
7892,1812,main,3
7896,1813,main,3
7898,1815,main,3
7899,1007899,rerun,2
7900,1814,main,3
7902,1816,main,3
7903,1817,main,3
7907,1007907,rerun,1
7908,1818,main,3
7914,1007914,rerun,1
7917,1819,main,3
7925,1821,main,3
7926,1007926,rerun,1
7928,1007928,rerun,2
7929,1820,main,3
7933,1822,main,3
7934,1007934,rerun,1
7939,1007939,rerun,1
7941,1007941,rerun,2
7942,1007942,rerun,2
7947,1824,main,3
7949,1823,main,3
7958,1007958,rerun,1
7961,1007961,rerun,1
7964,1825,main,3
7966,1007966,rerun,2
7967,1007967,rerun,1
7970,1007970,rerun,2
7973,1826,main,3
7974,1829,main,3
7976,1827,main,3
7981,1007981,rerun,1
7982,1831,main,3
7985,1833,main,3
7986,1828,main,3
7988,1832,main,3
7990,1830,main,3
7996,1835,main,3
8001,1008001,rerun,2
8003,1836,main,3
8006,1839,main,3
8007,1837,main,3
8010,1838,main,3
8011,1834,main,3
8012,1840,main,3
8013,1841,main,3
8016,1008016,rerun,2
8017,1842,main,3
8026,1844,main,3
8027,1843,main,3
8028,1847,main,3
8029,1846,main,3
8030,1008030,rerun,2
8031,1008031,rerun,1
8032,1845,main,3
8034,1008034,rerun,2
8039,1851,main,3
8040,1848,main,3
8041,1008041,rerun,1
8045,1849,main,3
8048,1850,main,3
8050,1859,main,3
8056,1858,main,3
8058,1853,main,3
8060,1852,main,3
8061,1857,main,3
8067,1856,main,3
8072,1854,main,3
8074,1860,main,3
8075,1862,main,3
8077,1855,main,3
8080,1008080,rerun,2
8083,1861,main,3
8086,1864,main,3
8088,1008088,rerun,2
8090,1863,main,3
8094,1865,main,3
8096,1869,main,3
8098,1866,main,3
8099,1867,main,3
8102,1873,main,3
8104,1868,main,3
8106,1871,main,3
8108,1875,main,3
8109,1008109,rerun,2
8110,1008110,rerun,1
8114,1008114,rerun,2
8117,1870,main,3
8119,1008119,rerun,1
8121,1008121,rerun,1
8127,1008127,rerun,1
8129,1008129,rerun,2
8135,1876,main,3
8136,1874,main,3
8137,1872,main,3
8141,1008141,rerun,1
8143,1877,main,3
8144,1878,main,3
8145,1879,main,3
8146,1008146,rerun,2
8161,1880,main,3
8162,1882,main,3
8164,1881,main,3
8167,1885,main,3
8170,1884,main,3
8172,1008172,rerun,2
8173,1889,main,3
8174,1883,main,3
8175,1008175,rerun,1
8176,1008176,rerun,2
8182,1886,main,3
8184,1008184,rerun,1
8185,1008185,rerun,1
8189,1888,main,3
8190,1008190,rerun,2
8193,1890,main,3
8202,1887,main,3
8203,1008203,rerun,2
8204,1008204,rerun,2
8205,1008205,rerun,2
8208,1892,main,3
8209,1891,main,3
8218,1008218,rerun,2
8222,1008222,rerun,1
8225,1008225,rerun,2
8229,1894,main,3
8233,1895,main,3
8235,1893,main,3
8236,1901,main,3
8239,1896,main,3
8248,1900,main,3
8249,1897,main,3
8250,1899,main,3
8252,1902,main,3
8253,1008253,rerun,2
8255,1008255,rerun,2
8256,1904,main,3
8257,1898,main,3
8258,1903,main,3
8259,1008259,rerun,1
8262,1907,main,3
8265,1008265,rerun,2
8271,1905,main,3
8276,1008276,rerun,1
8281,1908,main,3
8289,1911,main,3
8292,1912,main,3
8295,1906,main,3
8296,1909,main,3
8297,1008297,rerun,1
8298,1008298,rerun,2
8301,1910,main,3
8306,1914,main,3
8309,1008309,rerun,2
8312,1913,main,3
8314,1008314,rerun,1
8315,1008315,rerun,2
8323,1915,main,3
8328,1008328,rerun,2
8331,1916,main,3
8333,1008333,rerun,1
8337,1008337,rerun,2
8340,1008340,rerun,1
8347,1919,main,3
8352,1917,main,3
8353,1920,main,3
8354,1918,main,3
8356,1921,main,3
8359,1922,main,3
8362,1926,main,3
8363,1008363,rerun,1
8369,1923,main,3
8370,1924,main,3
8378,1925,main,3
8379,1930,main,3
8384,1008384,rerun,2
8387,1927,main,3
8392,1933,main,3
8394,1008394,rerun,2
8395,1931,main,3
8396,1928,main,3
8399,1932,main,3
8400,1929,main,3
8401,1008401,rerun,1
8406,1934,main,3
8407,1008407,rerun,2
8408,1935,main,3
8412,1938,main,3
8413,1008413,rerun,1
8417,1936,main,3
8419,1940,main,3
8421,1937,main,3
8422,1008422,rerun,1
8431,1939,main,3
8435,1008435,rerun,2
8439,1942,main,3
8442,1943,main,3
8444,1008444,rerun,2
8445,1941,main,3
8451,1008451,rerun,2
8453,1008453,rerun,2
8454,1008454,rerun,1
8457,1008457,rerun,2
8460,1949,main,3
8462,1944,main,3
8463,1008463,rerun,1
8465,1008465,rerun,1
8467,1945,main,3
8470,1008470,rerun,1
8478,1946,main,3
8480,1952,main,3
8482,1008482,rerun,2
8483,1950,main,3
8485,1947,main,3
8486,1948,main,3
8494,1008494,rerun,2
8497,1953,main,3
8501,1951,main,3
8502,1008502,rerun,1
8503,1008503,rerun,2
8505,1008505,rerun,1
8508,1008508,rerun,1
8510,1008510,rerun,1
8513,1008513,rerun,2
8516,1008516,rerun,1
8518,1955,main,3
8525,1954,main,3
8532,1956,main,3
8533,1008533,rerun,1
8534,1008534,rerun,2
8535,1008535,rerun,1
8544,1957,main,3
8548,1959,main,3
8549,1008549,rerun,1
8550,1962,main,3
8551,1958,main,3
8552,1008552,rerun,1
8554,1008554,rerun,1
8556,1008556,rerun,1
8558,1008558,rerun,2
8561,1008561,rerun,2
8563,1963,main,3
8564,1964,main,3
8568,1960,main,3
8569,1961,main,3
8572,1008572,rerun,2
8575,1008575,rerun,2
8577,1965,main,3
8582,1967,main,3
8587,1008587,rerun,2
8588,1008588,rerun,1
8592,1969,main,3
8596,1008596,rerun,1
8601,1966,main,3
8603,1008603,rerun,2
8604,1008604,rerun,1
8605,1970,main,3
8606,1968,main,3
8607,1972,main,3
8610,1008610,rerun,1
8615,1973,main,3
8617,1008617,rerun,2
8620,1008620,rerun,1
8621,1971,main,3
8622,1975,main,3
8623,1974,main,3
8626,1980,main,3
8627,1008627,rerun,1
8631,1978,main,3
8632,1008632,rerun,2
8633,1979,main,3
8634,1008634,rerun,1
8635,1008635,rerun,1
8637,1976,main,3
8639,1984,main,3
8642,1008642,rerun,1
8646,1977,main,3
8649,1981,main,3
8660,1982,main,3
8661,1985,main,3
8664,1986,main,3
8665,1008665,rerun,1
8666,1988,main,3
8667,1983,main,3
8671,1008671,rerun,2
8676,1987,main,3
8681,1989,main,3
8683,1990,main,3
8686,1008686,rerun,1
8697,1008697,rerun,2
8698,1992,main,3
8699,1008699,rerun,1
8701,1008701,rerun,2
8705,1993,main,3
8706,1991,main,3
8708,1998,main,3
8713,1008713,rerun,2
8714,1008714,rerun,1
8715,1999,main,3
8717,1995,main,3
8719,1008719,rerun,1
8720,1994,main,3
8721,1996,main,3
8722,2000,main,3
8725,1997,main,3
8727,2001,main,3
8732,1008732,rerun,2
8736,1008736,rerun,1
8738,2002,main,3
8740,1008740,rerun,1
8741,1008741,rerun,2
8744,1008744,rerun,2
8746,2003,main,3
8754,2004,main,3
8757,2006,main,3
8761,2005,main,3
8769,1008769,rerun,1
8772,2007,main,3
8776,1008776,rerun,1
8783,1008783,rerun,1
8786,1008786,rerun,1
8787,1008787,rerun,1
8788,2014,main,3
8789,2010,main,3
8791,2009,main,3
8792,1008792,rerun,2
8796,2008,main,3
8798,2015,main,3
8800,1008800,rerun,2
8801,2020,main,3
8803,1008803,rerun,2
8807,2011,main,3
8808,2016,main,3
8810,2023,main,3
8811,2013,main,3
8812,1008812,rerun,2
8814,2012,main,3
8817,2018,main,3
8820,2021,main,3
8823,1008823,rerun,1
8826,2017,main,3
8827,1008827,rerun,2
8829,2019,main,3
8830,2025,main,3
8831,2026,main,3
8834,2022,main,3
8836,1008836,rerun,1
8837,1008837,rerun,2
8838,2027,main,3
8841,2024,main,3
8842,2031,main,3
8843,2029,main,3
8844,2028,main,3
8845,2032,main,3
8850,2034,main,3
8853,2033,main,3
8854,1008854,rerun,1
8855,2036,main,3
8856,2030,main,3
8858,2035,main,3
8865,2037,main,3
8866,2038,main,3
8872,1008872,rerun,1
8873,2039,main,3
8874,2040,main,3
8875,1008875,rerun,2
8878,1008878,rerun,2
8885,1008885,rerun,1
8886,2042,main,3
8887,1008887,rerun,1
8888,1008888,rerun,2
8900,2041,main,3
8902,2043,main,3
8907,2049,main,3
8909,1008909,rerun,1
8910,2050,main,3
8911,1008911,rerun,1
8914,2045,main,3
8918,2047,main,3
8919,2046,main,3
8920,1008920,rerun,1
8921,2044,main,3
8924,2048,main,3
8926,1008926,rerun,2
8943,2051,main,3
8955,2054,main,3
8957,2052,main,3
8958,1008958,rerun,1
8959,2053,main,3
8964,2055,main,3
8969,1008969,rerun,1
8979,2056,main,3
8984,1008984,rerun,1
8993,2063,main,3
8994,2057,main,3
8997,2061,main,3
9005,2066,main,3
9006,2059,main,3
9010,2062,main,3
9012,1009012,rerun,2
9016,2058,main,3
9019,2060,main,3
9022,1009022,rerun,1
9024,1009024,rerun,1
9026,2067,main,3
9027,2065,main,3
9035,2064,main,3
9036,2071,main,3
9039,1009039,rerun,2
9048,2068,main,3
9049,2069,main,3
9050,2073,main,3
9052,2070,main,3
9055,2072,main,3
9058,2074,main,3
9065,1009065,rerun,2
9066,2077,main,3
9069,1009069,rerun,1
9070,2078,main,3
9071,1009071,rerun,2
9073,1009073,rerun,1
9078,2076,main,3
9081,1009081,rerun,1
9082,2075,main,3
9087,2079,main,3
9093,1009093,rerun,2
9097,2081,main,3
9100,1009100,rerun,2
9103,2080,main,3
9104,1009104,rerun,2
9111,1009111,rerun,1
9115,2084,main,3
9116,2082,main,3
9122,1009122,rerun,1
9125,2083,main,3
9127,2085,main,3
9128,2087,main,3
9129,1009129,rerun,1
9134,2088,main,3
9135,1009135,rerun,1
9137,2086,main,3
9140,1009140,rerun,1
9142,2092,main,3
9144,2091,main,3
9147,2090,main,3
9151,1009151,rerun,1
9153,1009153,rerun,2
9155,2089,main,3
9160,2097,main,3
9165,2094,main,3
9166,1009166,rerun,1
9169,2099,main,3
9172,2093,main,3
9173,2095,main,3
9176,2096,main,3
9177,2098,main,3
9180,2104,main,3
9185,2101,main,3
9186,2100,main,3
9187,2102,main,3
9189,1009189,rerun,1
9191,1009191,rerun,2
9195,2103,main,3
9196,2109,main,3
9199,2107,main,3
9201,2106,main,3
9203,2105,main,3
9212,1009212,rerun,1
9220,2111,main,3
9221,2108,main,3
9222,2114,main,3
9223,1009223,rerun,1
9224,1009224,rerun,1
9228,1009228,rerun,2
9232,2112,main,3
9234,2110,main,3
9236,2113,main,3
9241,2116,main,3
9243,1009243,rerun,2
9245,1009245,rerun,1
9249,1009249,rerun,1
9255,1009255,rerun,2
9259,2126,main,3
9261,2115,main,3
9266,2119,main,3
9268,2120,main,3
9269,2121,main,3
9270,1009270,rerun,2
9271,2118,main,3
9272,2117,main,3
9279,2123,main,3
9284,1009284,rerun,2
9285,2122,main,3
9286,1009286,rerun,2
9287,2127,main,3
9288,2129,main,3
9291,1009291,rerun,2
9293,2125,main,3
9295,2128,main,3
9297,2124,main,3
9298,1009298,rerun,2
9301,1009301,rerun,1
9302,2131,main,3
9305,1009305,rerun,1
9308,2132,main,3
9316,2133,main,3
9321,2130,main,3
9324,2134,main,3
9329,2138,main,3
9332,1009332,rerun,1
9337,1009337,rerun,2
9341,2135,main,3
9344,1009344,rerun,1
9346,2140,main,3
9350,2139,main,3
9352,2142,main,3
9355,2136,main,3
9356,1009356,rerun,2
9363,2137,main,3
9364,1009364,rerun,2
9367,2143,main,3
9369,2144,main,3
9371,2145,main,3
9372,2146,main,3
9373,2141,main,3
9378,2149,main,3
9379,2150,main,3
9382,1009382,rerun,1
9385,1009385,rerun,1
9388,2148,main,3
9389,2147,main,3
9392,2152,main,3
9394,1009394,rerun,1
9395,2153,main,3
9396,2151,main,3
9407,2155,main,3
9414,1009414,rerun,2
9419,2156,main,3
9423,2154,main,3
9425,2157,main,3
9426,2159,main,3
9429,2158,main,3
9430,1009430,rerun,2
9432,2161,main,3
9437,2160,main,3
9446,1009446,rerun,2
9447,2163,main,3
9451,2162,main,3
9452,1009452,rerun,2
9459,2164,main,3
9461,1009461,rerun,1
9462,1009462,rerun,2
9473,2165,main,3
9475,2169,main,3
9487,2166,main,3
9496,1009496,rerun,2
9504,2168,main,3
9505,2171,main,3
9506,1009506,rerun,2
9509,1009509,rerun,1
9510,2167,main,3
9513,2172,main,3
9514,1009514,rerun,2
9519,2177,main,3
9522,2175,main,3
9524,2170,main,3
9525,2176,main,3
9527,2173,main,3
9530,1009530,rerun,1
9531,1009531,rerun,1
9532,2174,main,3
9533,2179,main,3
9535,2180,main,3
9537,2181,main,3
9538,1009538,rerun,1
9539,2178,main,3
9546,1009546,rerun,1
9547,1009547,rerun,1
9553,2183,main,3
9554,2184,main,3
9555,2182,main,3
9558,2185,main,3
9561,2187,main,3
9562,1009562,rerun,1
9563,2186,main,3
9568,1009568,rerun,2
9569,2191,main,3
9570,2188,main,3
9572,1009572,rerun,1
9582,1009582,rerun,1
9587,2196,main,3
9591,2189,main,3
9592,2195,main,3
9599,1009599,rerun,1
9600,2190,main,3
9601,2193,main,3
9602,1009602,rerun,1
9605,2194,main,3
9608,2197,main,3
9610,2192,main,3
9620,1009620,rerun,2
9623,2198,main,3
9627,1009627,rerun,2
9632,2204,main,3
9634,1009634,rerun,1
9638,1009638,rerun,1
9639,2200,main,3
9640,2199,main,3
9643,2202,main,3
9644,1009644,rerun,1
9646,2201,main,3
9651,2203,main,3
9652,2206,main,3
9653,2205,main,3
9658,2207,main,3
9660,2215,main,3
9663,2214,main,3
9665,2211,main,3
9667,2210,main,3
9671,2208,main,3
9675,1009675,rerun,2
9676,2213,main,3
9677,2209,main,3
9688,1009688,rerun,1
9689,1009689,rerun,1
9691,2216,main,3
9694,2212,main,3
9698,2221,main,3
9699,1009699,rerun,2
9701,1009701,rerun,2
9703,2218,main,3
9704,2220,main,3
9708,1009708,rerun,1
9709,2217,main,3
9714,1009714,rerun,1
9716,1009716,rerun,1
9723,2219,main,3
9733,1009733,rerun,2
9737,2226,main,3
9741,2223,main,3
9743,2229,main,3
9745,2225,main,3
9748,2224,main,3
9750,2222,main,3
9752,1009752,rerun,1
9753,1009753,rerun,1
9756,2228,main,3
9761,2236,main,3
9766,1009766,rerun,2
9767,2227,main,3
9770,2231,main,3
9773,2230,main,3
9778,1009778,rerun,2
9779,2232,main,3
9781,2234,main,3
9782,2235,main,3
9787,1009787,rerun,2
9788,2233,main,3
9790,1009790,rerun,1
9803,2242,main,3
9804,1009804,rerun,1
9809,1009809,rerun,1
9813,2237,main,3
9815,2238,main,3
9816,2239,main,3
9820,2240,main,3
9822,1009822,rerun,2
9826,2241,main,3
9828,1009828,rerun,1
9830,2245,main,3
9836,2246,main,3
9837,2244,main,3
9839,1009839,rerun,1
9841,2243,main,3
9844,2248,main,3
9845,2247,main,3
9848,2249,main,3
9856,1009856,rerun,1
9862,2250,main,3
9866,1009866,rerun,1
9869,1009869,rerun,2
9870,1009870,rerun,2
9872,2253,main,3
9878,1009878,rerun,1
9880,1009880,rerun,2
9883,1009883,rerun,1
9886,2252,main,3
9889,2254,main,3
9891,2251,main,3
9893,2257,main,3
9898,2255,main,3
9899,2260,main,3
9900,2256,main,3
9902,2262,main,3
9903,1009903,rerun,1
9908,1009908,rerun,2
9909,1009909,rerun,2
9911,2258,main,3
9913,1009913,rerun,1
9914,2261,main,3
9917,2259,main,3
9922,2264,main,3
9926,2267,main,3
9927,2263,main,3
9929,1009929,rerun,2
9932,2265,main,3
9933,2268,main,3
9937,2266,main,3
9941,2271,main,3
9945,2269,main,3
9954,2273,main,3
9956,2274,main,3
9957,2272,main,3
9962,1009962,rerun,1
9966,1009966,rerun,1
9967,2275,main,3
9968,2277,main,3
9970,1009970,rerun,2
9971,2276,main,3
9972,1009972,rerun,1
9979,2270,main,3
9981,1009981,rerun,1
9984,2279,main,3
9986,2280,main,3
9987,2278,main,3
9989,1009989,rerun,2
9991,2281,main,3
9992,2283,main,3
9993,1009993,rerun,1
9995,2285,main,3
9999,1009999,rerun,1
10000,2287,main,3
10001,2284,main,3
10004,2282,main,3
10006,1010006,rerun,2
10007,2286,main,3
10009,2288,main,3
10010,1010010,rerun,2
10011,2289,main,3
10016,2290,main,3
10018,1010018,rerun,1
10021,1010021,rerun,1
10029,2297,main,3
10030,2293,main,3
10033,2291,main,3
10038,2292,main,3
10045,2294,main,3
10050,1010050,rerun,1
10053,1010053,rerun,1
10057,2295,main,3
10058,2296,main,3
10059,1010059,rerun,2
10061,2298,main,3
10063,2299,main,3
10069,1010069,rerun,2
10070,2300,main,3
10079,2301,main,3
10084,2302,main,3
10085,1010085,rerun,2
10086,1010086,rerun,2
10088,1010088,rerun,1
10090,1010090,rerun,2
10092,1010092,rerun,1
10095,2304,main,3
10099,1010099,rerun,1
10104,1010104,rerun,1
10106,1010106,rerun,2
10109,1010109,rerun,1
10110,1010110,rerun,1
10114,2306,main,3
10115,1010115,rerun,2
10118,2303,main,3
10121,1010121,rerun,2
10122,2305,main,3
10123,1010123,rerun,1
10128,2310,main,3
10131,1010131,rerun,2
10133,2308,main,3
10136,2307,main,3
10138,2316,main,3
10142,1010142,rerun,2
10144,2315,main,3
10146,1010146,rerun,2
10149,2313,main,3
10150,2314,main,3
10151,2312,main,3
10152,2309,main,3
10153,1010153,rerun,2
10160,2311,main,3
10163,1010163,rerun,2
10166,2317,main,3
10175,1010175,rerun,1
10180,2320,main,3
10181,1010181,rerun,2
10182,2318,main,3
10183,1010183,rerun,2
10185,2319,main,3
10186,1010186,rerun,2
10188,1010188,rerun,1
10193,2323,main,3
10196,2321,main,3
10197,1010197,rerun,1
10201,2322,main,3
10202,1010202,rerun,2
10204,2324,main,3
10206,2326,main,3
10207,1010207,rerun,1
10209,2334,main,3
10210,2329,main,3
10213,2331,main,3
10214,2330,main,3
10216,2328,main,3
10219,2327,main,3
10221,2325,main,3
10227,1010227,rerun,2
10228,2333,main,3
10230,2332,main,3
10233,1010233,rerun,2
10236,2336,main,3
10247,2340,main,3
10250,2335,main,3
10252,2337,main,3
10260,2343,main,3
10264,2338,main,3
10265,2341,main,3
10268,2342,main,3
10269,2339,main,3
10270,2344,main,3
10271,1010271,rerun,2
10274,1010274,rerun,2
10278,2350,main,3
10279,2345,main,3
10280,2347,main,3
10281,1010281,rerun,2
10287,2348,main,3
10288,2346,main,3
10289,2353,main,3
10292,2351,main,3
10293,2354,main,3
10296,2355,main,3
10298,2349,main,3
10300,1010300,rerun,1
10301,2358,main,3
10302,2352,main,3
10305,2356,main,3
10306,2357,main,3
10315,1010315,rerun,1
10318,1010318,rerun,1
10321,1010321,rerun,1
10322,2359,main,3
10336,1010336,rerun,2
10338,1010338,rerun,1
10339,2363,main,3
10340,1010340,rerun,1
10342,1010342,rerun,1
10345,2360,main,3
10346,2368,main,3
10349,2362,main,3
10350,2372,main,3
10353,2367,main,3
10355,2361,main,3
10356,2364,main,3
10357,2365,main,3
10358,1010358,rerun,1
10368,1010368,rerun,2
10370,2369,main,3
10371,2370,main,3
10374,1010374,rerun,1
10376,2373,main,3
10380,1010380,rerun,2
10383,2366,main,3
10384,2371,main,3
10387,1010387,rerun,1
10388,1010388,rerun,1
10389,1010389,rerun,2
10390,2379,main,3
10393,2374,main,3
10397,2377,main,3
10399,2376,main,3
10400,2375,main,3
10404,1010404,rerun,2
10405,2382,main,3
10410,2380,main,3
10414,1010414,rerun,2
10415,2378,main,3
10416,2383,main,3
10418,2388,main,3
10420,1010420,rerun,1
10421,2384,main,3
10425,1010425,rerun,1
10426,2381,main,3
10430,2385,main,3
10431,2387,main,3
10432,1010432,rerun,1
10436,2390,main,3
10442,2386,main,3
10443,2393,main,3
10447,2389,main,3
10449,1010449,rerun,2
10451,2392,main,3
10454,2394,main,3
10461,1010461,rerun,1
10462,2395,main,3
10467,2399,main,3
10470,2391,main,3
10471,1010471,rerun,2
10472,2404,main,3
10474,2397,main,3
10475,2400,main,3
10478,2398,main,3
10479,2396,main,3
10485,2401,main,3
10488,1010488,rerun,2
10494,2407,main,3
10495,2402,main,3
10496,1010496,rerun,2
10499,1010499,rerun,2
10501,2403,main,3
10502,1010502,rerun,1
10505,1010505,rerun,2
10510,1010510,rerun,1
10512,2406,main,3
10514,2405,main,3
10520,1010520,rerun,1
10522,1010522,rerun,2
10523,2409,main,3
10531,2408,main,3
10532,2413,main,3
10536,1010536,rerun,2
10538,1010538,rerun,2
10539,1010539,rerun,1
10540,1010540,rerun,2
10542,2412,main,3
10543,2410,main,3
10544,2411,main,3
10546,1010546,rerun,2
10550,1010550,rerun,2
10553,2416,main,3
10555,2414,main,3
10556,1010556,rerun,2
10559,1010559,rerun,2
10566,1010566,rerun,2
10567,2417,main,3
10571,1010571,rerun,1
10572,2425,main,3
10573,1010573,rerun,1
10583,2421,main,3
10585,2422,main,3
10586,2424,main,3
10587,2423,main,3
10588,2415,main,3
10589,2419,main,3
10591,2420,main,3
10592,2418,main,3
10598,1010598,rerun,2
10600,2428,main,3
10601,2430,main,3
10602,2427,main,3
10603,2426,main,3
10607,2429,main,3
10611,2434,main,3
10613,2432,main,3
10617,2435,main,3
10619,2431,main,3
10620,2436,main,3
10623,2442,main,3
10624,2440,main,3
10626,2444,main,3
10627,2437,main,3
10629,2433,main,3
10630,1010630,rerun,2
10634,2439,main,3
10636,2438,main,3
10637,2441,main,3
10638,2446,main,3
10640,2443,main,3
10645,2445,main,3
10652,2450,main,3
10653,1010653,rerun,1
10654,2448,main,3
10655,2447,main,3
10657,1010657,rerun,2
10663,2458,main,3
10664,2449,main,3
10670,1010670,rerun,1
10674,2456,main,3
10677,1010677,rerun,2
10680,2454,main,3
10681,2451,main,3
10688,1010688,rerun,2
10692,2452,main,3
10694,1010694,rerun,2
10696,2466,main,3
10701,1010701,rerun,1
10704,1010704,rerun,1
10707,2455,main,3
10708,2453,main,3
10709,1010709,rerun,2
10711,2462,main,3
10713,2457,main,3
10717,2459,main,3
10721,1010721,rerun,2
10722,1010722,rerun,1
10723,2460,main,3
10726,1010726,rerun,2
10727,2461,main,3
10729,1010729,rerun,2
10732,2463,main,3
10735,2465,main,3
10738,1010738,rerun,2
10739,2468,main,3
10741,2467,main,3
10742,2464,main,3
10746,1010746,rerun,2
10748,2472,main,3
10752,2473,main,3
10757,2470,main,3
10759,2469,main,3
10760,2471,main,3
10765,2476,main,3
10767,2477,main,3
10774,1010774,rerun,1
10779,2482,main,3
10780,2479,main,3
10781,2475,main,3
10783,2483,main,3
10785,2478,main,3
10787,2474,main,3
10791,1010791,rerun,2
10792,2480,main,3
10796,2481,main,3
10799,1010799,rerun,1
10801,1010801,rerun,1
10806,1010806,rerun,1
10808,2484,main,3
10813,2485,main,3
10815,2486,main,3
10818,1010818,rerun,2
10828,2487,main,3
10829,1010829,rerun,1
10835,1010835,rerun,1
10840,1010840,rerun,2
10841,2494,main,3
10842,2490,main,3
10843,2488,main,3
10848,2489,main,3
10851,1010851,rerun,1
10852,2491,main,3
10855,2492,main,3
10856,1010856,rerun,1
10859,2495,main,3
10860,2498,main,3
10862,1010862,rerun,2
10864,1010864,rerun,2
10865,2493,main,3
10866,1010866,rerun,2
10868,1010868,rerun,2
10869,2496,main,3
10871,1010871,rerun,1
10877,2497,main,3
10878,1010878,rerun,2
10880,1010880,rerun,1
10881,1010881,rerun,2
10882,2500,main,3
10884,2499,main,3
10887,2503,main,3
10889,1010889,rerun,1
10890,2504,main,3
10891,1010891,rerun,2
10895,1010895,rerun,1
10896,2501,main,3
10898,2502,main,3
10900,1010900,rerun,1
10902,2505,main,3
10905,1010905,rerun,1
10906,2506,main,3
10907,2507,main,3
10908,2509,main,3
10909,2508,main,3
10911,1010911,rerun,1
10913,1010913,rerun,2
10914,1010914,rerun,1
10920,2510,main,3
10925,2512,main,3
10931,2513,main,3
10932,2511,main,3
10933,1010933,rerun,2
10939,1010939,rerun,2
10942,1010942,rerun,1
10943,2514,main,3
10945,1010945,rerun,2
10955,2515,main,3
10956,1010956,rerun,1
10963,1010963,rerun,2
10965,2521,main,3
10966,1010966,rerun,1
10969,2516,main,3
10974,2517,main,3
10975,1010975,rerun,1
10980,2520,main,3
10981,1010981,rerun,1
10982,2518,main,3
10985,2519,main,3
10988,1010988,rerun,2
10991,2522,main,3
10995,2530,main,3
10996,1010996,rerun,2
10998,1010998,rerun,1
10999,1010999,rerun,1
11003,1011003,rerun,1
11006,2523,main,3
11007,2525,main,3
11011,2526,main,3
11017,2524,main,3
11018,2528,main,3
11022,2529,main,3
11026,2531,main,3
11027,2527,main,3
11029,1011029,rerun,2
11031,2534,main,3
11033,2533,main,3
11036,2532,main,3
11037,1011037,rerun,1
11038,1011038,rerun,1
11045,2539,main,3
11046,2535,main,3
11047,2536,main,3
11049,2538,main,3
11053,2537,main,3
11059,1011059,rerun,1
11060,1011060,rerun,1
11064,2542,main,3
11065,2540,main,3
11068,2543,main,3
11070,2544,main,3
11072,2541,main,3
11075,1011075,rerun,2
11089,2549,main,3
11094,2545,main,3
11095,1011095,rerun,2
11097,1011097,rerun,2
11098,2546,main,3
11099,1011099,rerun,1
11100,2547,main,3
11104,1011104,rerun,1
11105,2550,main,3
11111,2548,main,3
11116,2552,main,3
11117,1011117,rerun,1
11119,2551,main,3
11121,1011121,rerun,2
11125,2554,main,3
11131,2556,main,3
11132,1011132,rerun,1
11133,1011133,rerun,1
11134,1011134,rerun,2
11135,1011135,rerun,1
11136,2557,main,3
11138,1011138,rerun,1
11139,2553,main,3
11141,2555,main,3
11142,2558,main,3
11150,2566,main,3
11152,2561,main,3
11155,2564,main,3
11161,2565,main,3
11164,2562,main,3
11165,2559,main,3
11167,1011167,rerun,2
11169,2563,main,3
11170,2568,main,3
11172,2567,main,3
11173,1011173,rerun,1
11175,2560,main,3
11181,1011181,rerun,1
11182,2569,main,3
11184,1011184,rerun,1
11185,2573,main,3
11192,2572,main,3
11194,2571,main,3
11200,2578,main,3
11202,2583,main,3
11204,2574,main,3
11206,1011206,rerun,1
11208,1011208,rerun,1
11210,2576,main,3
11211,2580,main,3
11212,2575,main,3
11216,2570,main,3
11217,2579,main,3
11219,1011219,rerun,2
11224,2577,main,3
11227,2581,main,3
11229,1011229,rerun,2
11238,1011238,rerun,2
11240,1011240,rerun,2
11243,2585,main,3
11245,2584,main,3
11246,1011246,rerun,1
11247,2586,main,3
11248,2582,main,3
11250,2587,main,3
11252,2594,main,3
11253,2589,main,3
11254,1011254,rerun,1
11255,1011255,rerun,1
11258,1011258,rerun,1
11259,2590,main,3
11265,2588,main,3
11267,1011267,rerun,2
11270,1011270,rerun,2
11272,2593,main,3
11274,1011274,rerun,1
11277,1011277,rerun,2
11279,2592,main,3
11280,2591,main,3
11282,1011282,rerun,2
11290,2599,main,3
11291,1011291,rerun,1
11292,2597,main,3
11294,2596,main,3
11296,2595,main,3
11297,2598,main,3
11300,1011300,rerun,2
11301,2601,main,3
11305,2600,main,3
11306,2602,main,3
11312,1011312,rerun,1
11313,1011313,rerun,2
11315,1011315,rerun,2
11320,2605,main,3
11321,2607,main,3
11323,1011323,rerun,2
11324,2604,main,3
11326,2603,main,3
11327,2606,main,3
11328,1011328,rerun,1
11338,2608,main,3
11342,2613,main,3
11343,2609,main,3
11345,2610,main,3
11347,2611,main,3
11348,1011348,rerun,2
11350,1011350,rerun,1
11352,2612,main,3
11361,2616,main,3
11365,2617,main,3
11368,2614,main,3
11373,2622,main,3
11376,2619,main,3
11377,2618,main,3
11378,2615,main,3
11380,2620,main,3
11383,2621,main,3
11384,1011384,rerun,1
11385,1011385,rerun,1
11387,1011387,rerun,2
11388,2623,main,3
11389,1011389,rerun,1
11394,1011394,rerun,1
11395,1011395,rerun,1
11398,2626,main,3
11400,2627,main,3
11401,2624,main,3
11404,2625,main,3
11405,2628,main,3
11411,2632,main,3
11417,1011417,rerun,2
11419,2629,main,3
11421,1011421,rerun,1
11429,2631,main,3
11436,1011436,rerun,2
11439,1011439,rerun,1
11440,2634,main,3
11441,2633,main,3
11444,2630,main,3
11451,2637,main,3
11454,1011454,rerun,2
11460,2636,main,3
11462,2642,main,3
11463,2635,main,3
11470,2640,main,3
11471,2643,main,3
11473,1011473,rerun,2
11474,2638,main,3
11479,1011479,rerun,1
11480,1011480,rerun,2
11481,2639,main,3
11486,2645,main,3
11488,1011488,rerun,2
11489,2647,main,3
11490,2641,main,3
11491,2644,main,3
11494,1011494,rerun,2
11499,2646,main,3
11502,1011502,rerun,1
11511,2651,main,3
11515,2650,main,3
11521,1011521,rerun,1
11522,2649,main,3
11524,2648,main,3
11527,1011527,rerun,2
11533,1011533,rerun,1
11534,2657,main,3
11535,2652,main,3
11538,2655,main,3
11540,2656,main,3
11542,1011542,rerun,2
11544,2654,main,3
11549,2653,main,3
11554,1011554,rerun,2
11558,2658,main,3
11559,2659,main,3
11565,1011565,rerun,1
11566,1011566,rerun,1
11568,2662,main,3
11570,2660,main,3
11572,1011572,rerun,2
11576,2661,main,3
11579,1011579,rerun,2
11586,2666,main,3
11593,1011593,rerun,1
11597,2667,main,3
11599,2663,main,3
11600,2668,main,3
11603,1011603,rerun,2
11605,1011605,rerun,1
11609,2665,main,3
11615,2670,main,3
11620,1011620,rerun,1
11621,2664,main,3
11625,1011625,rerun,1
11626,2669,main,3
11630,2671,main,3
11631,1011631,rerun,2
11638,2672,main,3
11640,2674,main,3
11641,1011641,rerun,1
11643,1011643,rerun,1
11646,2673,main,3
11647,2679,main,3
11652,2675,main,3
11653,2676,main,3
11656,1011656,rerun,2
11657,2678,main,3
11663,2677,main,3
11664,2681,main,3
11666,2680,main,3
11672,1011672,rerun,1
11679,2684,main,3
11682,2683,main,3
11685,2682,main,3
11689,1011689,rerun,1
11692,1011692,rerun,2
11696,2692,main,3
11697,1011697,rerun,2
11699,1011699,rerun,2
11700,2686,main,3
11701,2689,main,3
11702,2685,main,3
11706,1011706,rerun,1
11707,2687,main,3
11708,2690,main,3
11714,1011714,rerun,2
11716,2693,main,3
11719,2695,main,3
11721,2697,main,3
11722,2688,main,3
11723,2691,main,3
11724,2696,main,3
11726,1011726,rerun,1
11728,2700,main,3
11731,2694,main,3
11732,2699,main,3
11744,2705,main,3
11746,2702,main,3
11747,1011747,rerun,2
11749,2703,main,3
11752,1011752,rerun,2
11754,2698,main,3
11755,1011755,rerun,2
11756,2704,main,3
11758,2710,main,3
11760,1011760,rerun,2
11762,2707,main,3
11764,2701,main,3
11765,2706,main,3
11766,2709,main,3
11768,1011768,rerun,1
11770,2708,main,3
11773,2713,main,3
11777,2711,main,3
11781,2715,main,3
11782,2712,main,3
11787,1011787,rerun,2
11788,2716,main,3
11794,2714,main,3
11801,2721,main,3
11803,2718,main,3
11808,1011808,rerun,2
11809,2717,main,3
11810,2720,main,3
11812,1011812,rerun,1
11818,2719,main,3
11822,1011822,rerun,2
11826,1011826,rerun,1
11828,2723,main,3
11830,1011830,rerun,1
11832,2722,main,3
11838,1011838,rerun,1
11842,2725,main,3
11846,1011846,rerun,2
11849,2726,main,3
11852,2724,main,3
11853,1011853,rerun,2
11855,2728,main,3
11864,2730,main,3
11867,2727,main,3
11869,1011869,rerun,2
11870,1011870,rerun,2
11872,2732,main,3
11873,1011873,rerun,2
11874,2729,main,3
11876,2734,main,3
11877,2731,main,3
11880,2733,main,3
11885,1011885,rerun,2
11888,2735,main,3
11889,1011889,rerun,1
11892,2736,main,3
11896,2737,main,3
11897,2738,main,3
11908,1011908,rerun,2
11910,1011910,rerun,2
11912,2742,main,3
11915,1011915,rerun,1
11916,1011916,rerun,2
11918,2745,main,3
11921,2746,main,3
11926,2750,main,3
11927,2741,main,3
11928,2739,main,3
11929,2744,main,3
11930,1011930,rerun,1
11932,2743,main,3
11937,2749,main,3
11938,1011938,rerun,1
11939,2740,main,3
11940,1011940,rerun,1
11941,1011941,rerun,1
11944,2747,main,3
11946,2748,main,3
11951,1011951,rerun,2
11955,2754,main,3
11957,1011957,rerun,2
11958,1011958,rerun,1
11959,2752,main,3
11962,2751,main,3
11965,1011965,rerun,1
11966,2753,main,3
11969,1011969,rerun,2
11977,2759,main,3
11979,2755,main,3
11983,2765,main,3
11986,2760,main,3
11989,2757,main,3
11992,2761,main,3
11993,2758,main,3
11998,2764,main,3
11999,1011999,rerun,1
12000,2762,main,3
12002,2756,main,3
12003,2763,main,3
12010,2766,main,3
12012,1012012,rerun,2
12014,2767,main,3
12015,1012015,rerun,1
12020,2769,main,3
12023,1012023,rerun,2
12024,2774,main,3
12028,2772,main,3
12029,2768,main,3
12036,2773,main,3
12038,2771,main,3
12039,2770,main,3
12041,2778,main,3
12043,2775,main,3
12044,2777,main,3
12045,2776,main,3
12046,2779,main,3
12050,2780,main,3
12064,2781,main,3
12070,2782,main,3
12076,2785,main,3
12077,2783,main,3
12082,1012082,rerun,2
12094,2792,main,3
12096,2784,main,3
12100,2786,main,3
12102,1012102,rerun,2
12105,2787,main,3
12108,1012108,rerun,2
12112,1012112,rerun,1
12118,2788,main,3
12120,2789,main,3
12124,1012124,rerun,2
12125,2791,main,3
12126,2790,main,3
12127,2793,main,3
12130,1012130,rerun,1
12140,2794,main,3
12142,1012142,rerun,1
12144,1012144,rerun,1
12147,2798,main,3
12149,1012149,rerun,2
12150,2797,main,3
12154,2796,main,3
12157,1012157,rerun,1
12158,2799,main,3
12159,1012159,rerun,2
12160,1012160,rerun,1
12161,1012161,rerun,1
12162,2800,main,3
12166,1012166,rerun,2
12168,2802,main,3
12169,2795,main,3
12171,1012171,rerun,1
12172,2801,main,3
12176,1012176,rerun,1
12182,1012182,rerun,1
12187,1012187,rerun,1
12188,1012188,rerun,2
12191,2803,main,3
12193,1012193,rerun,1
12197,2804,main,3
12199,1012199,rerun,2
12202,1012202,rerun,1
12204,2805,main,3
12205,2806,main,3
12215,1012215,rerun,2
12217,1012217,rerun,2
12227,2807,main,3
12233,2808,main,3
12244,1012244,rerun,1
12250,2809,main,3
12253,2815,main,3
12258,2813,main,3
12260,2812,main,3
12261,1012261,rerun,2
12264,2811,main,3
12265,2810,main,3
12269,1012269,rerun,1
12272,2816,main,3
12275,2814,main,3
12276,2820,main,3
12285,1012285,rerun,1
12293,2818,main,3
12295,2817,main,3
12296,2823,main,3
12300,2819,main,3
12302,2821,main,3
12304,1012304,rerun,2
12311,2825,main,3
12313,2826,main,3
12314,2824,main,3
12318,2827,main,3
12320,2822,main,3
12323,1012323,rerun,1
12326,2829,main,3
12327,2828,main,3
12331,2839,main,3
12334,2830,main,3
12335,2833,main,3
12338,2836,main,3
12339,2834,main,3
12340,1012340,rerun,1
12342,2831,main,3
12349,1012349,rerun,2
12350,1012350,rerun,1
12353,2832,main,3
12359,2835,main,3
12367,2837,main,3
12370,1012370,rerun,1
12373,1012373,rerun,2
12374,2842,main,3
12377,2843,main,3
12380,2841,main,3
12381,1012381,rerun,1
12382,2838,main,3
12390,2844,main,3
12391,1012391,rerun,2
12392,2840,main,3
12393,1012393,rerun,1
12394,2846,main,3
12397,2845,main,3
12398,2847,main,3
12399,2848,main,3
12400,1012400,rerun,1
12405,2849,main,3
12408,1012408,rerun,2
12409,1012409,rerun,1
12410,2850,main,3
12412,2851,main,3
12415,2853,main,3
12416,2854,main,3
12419,1012419,rerun,2
12421,2852,main,3
12422,1012422,rerun,2
12425,2856,main,3
12426,1012426,rerun,2
12431,1012431,rerun,2
12433,2855,main,3
12434,2860,main,3
12435,1012435,rerun,2
12442,2858,main,3
12444,2857,main,3
12445,2862,main,3
12448,2868,main,3
12458,2865,main,3
12460,2859,main,3
12461,2861,main,3
12462,1012462,rerun,1
12463,1012463,rerun,1
12468,1012468,rerun,2
12470,2863,main,3
12471,2864,main,3
12482,2866,main,3
12485,2867,main,3
12486,1012486,rerun,1
12487,2869,main,3
12488,2870,main,3
12489,1012489,rerun,1
12492,1012492,rerun,1
12494,1012494,rerun,1
12495,2875,main,3
12499,2872,main,3
12501,1012501,rerun,1
12504,2871,main,3
12505,1012505,rerun,2
12513,1012513,rerun,2
12514,1012514,rerun,1
12517,1012517,rerun,1
12518,1012518,rerun,2
12522,2874,main,3
12525,2880,main,3
12526,2873,main,3
12535,2876,main,3
12536,1012536,rerun,1
12545,1012545,rerun,1
12550,2879,main,3
12551,2877,main,3
12556,1012556,rerun,1
12557,2878,main,3
12565,1012565,rerun,2
12569,2884,main,3
12571,1012571,rerun,1
12572,1012572,rerun,2
12573,1012573,rerun,1
12582,2887,main,3
12584,1012584,rerun,1
12586,2888,main,3
12588,1012588,rerun,1
12591,2883,main,3
12592,1012592,rerun,1
12594,1012594,rerun,2
12596,2889,main,3
12600,2891,main,3
12602,2881,main,3
12604,2886,main,3
12606,1012606,rerun,2
12607,2890,main,3
12608,2882,main,3
12609,2885,main,3
12610,1012610,rerun,1
12612,1012612,rerun,2
12615,1012615,rerun,1
12616,2892,main,3
12619,2893,main,3
12625,1012625,rerun,1
12626,1012626,rerun,2
12628,2894,main,3
12630,1012630,rerun,2
12632,2900,main,3
12635,2899,main,3
12637,2898,main,3
12638,2896,main,3
12639,2902,main,3
12640,2905,main,3
12641,2897,main,3
12643,2901,main,3
12646,2895,main,3
12650,1012650,rerun,2
12652,1012652,rerun,2
12653,1012653,rerun,2
12654,2903,main,3
12659,2904,main,3
12663,2906,main,3
12666,1012666,rerun,2
12672,1012672,rerun,1
12675,1012675,rerun,2
12676,1012676,rerun,2
12678,1012678,rerun,2
12686,1012686,rerun,1
12687,2908,main,3
12688,2907,main,3
12689,1012689,rerun,1
12690,1012690,rerun,2
12698,1012698,rerun,2
12702,1012702,rerun,1
12705,2910,main,3
12708,2915,main,3
12713,2911,main,3
12715,2909,main,3
12719,1012719,rerun,1
12726,2914,main,3
12732,1012732,rerun,2
12734,2912,main,3
12735,2923,main,3
12738,2913,main,3
12742,1012742,rerun,2
12743,1012743,rerun,2
12745,1012745,rerun,1
12750,1012750,rerun,2
12754,2916,main,3
12755,1012755,rerun,2
12756,2920,main,3
12757,2917,main,3
12758,2919,main,3
12760,1012760,rerun,1
12762,2921,main,3
12764,1012764,rerun,2
12766,2918,main,3
12768,2922,main,3
12769,2924,main,3
12770,2929,main,3
12771,1012771,rerun,1
12773,1012773,rerun,2
12774,2927,main,3
12776,1012776,rerun,2
12777,2928,main,3
12778,2925,main,3
12779,2926,main,3
12782,1012782,rerun,2
12783,1012783,rerun,2
12787,1012787,rerun,1
12789,1012789,rerun,1
12790,2930,main,3
12791,1012791,rerun,1
12793,2931,main,3
12804,1012804,rerun,1
12806,1012806,rerun,1
12810,1012810,rerun,1
12811,2934,main,3
12814,2941,main,3
12815,2937,main,3
12816,2933,main,3
12820,2935,main,3
12822,1012822,rerun,2
12823,2938,main,3
12829,1012829,rerun,1
12830,2936,main,3
12832,2939,main,3
12833,1012833,rerun,2
12835,1012835,rerun,1
12839,2932,main,3
12841,2942,main,3
12843,2944,main,3
12849,1012849,rerun,1
12851,1012851,rerun,2
12852,2943,main,3
12854,2940,main,3
12859,2949,main,3
12861,2946,main,3
12863,1012863,rerun,2
12866,2945,main,3
12867,2948,main,3
12871,1012871,rerun,2
12874,2952,main,3
12875,2947,main,3
12877,2950,main,3
12878,1012878,rerun,1
12881,2951,main,3
12882,2956,main,3
12884,2953,main,3
12889,2954,main,3
12893,2955,main,3
12896,2957,main,3
12899,2958,main,3
12913,2962,main,3
12915,1012915,rerun,1
12916,2960,main,3
12919,2961,main,3
12920,2964,main,3
12921,1012921,rerun,1
12922,1012922,rerun,1
12924,2959,main,3
12925,1012925,rerun,2
12933,2963,main,3
12936,1012936,rerun,2
12941,2965,main,3
12943,2969,main,3
12949,2967,main,3
12951,2970,main,3
12953,1012953,rerun,1
12954,2971,main,3
12956,1012956,rerun,1
12963,2968,main,3
12964,2972,main,3
12965,1012965,rerun,2
12966,2966,main,3
12972,2975,main,3
12973,2974,main,3
12976,2979,main,3
12977,2973,main,3
12981,2977,main,3
12982,2976,main,3
12984,1012984,rerun,2
12985,1012985,rerun,2
12986,2978,main,3
12987,2980,main,3
12988,2981,main,3
12989,1012989,rerun,2
12992,1012992,rerun,2
12993,1012993,rerun,1
13000,2983,main,3
13002,1013002,rerun,2
13005,1013005,rerun,2
13008,1013008,rerun,1
13010,2984,main,3
13012,2982,main,3
13020,2994,main,3
13022,2987,main,3
13023,2988,main,3
13026,2990,main,3
13027,2985,main,3
13029,2986,main,3
13030,2992,main,3
13033,2991,main,3
13034,2989,main,3
13041,2997,main,3
13042,2995,main,3
13046,2996,main,3
13047,2993,main,3
13056,2998,main,3
13057,2999,main,3
13058,3000,main,3
13060,3001,main,3
13061,1013061,rerun,1
13068,3006,main,3
13069,1013069,rerun,1
13070,3005,main,3
13072,3002,main,3
13073,1013073,rerun,2
13079,1013079,rerun,1
13083,1013083,rerun,2
13087,3004,main,3
13090,3003,main,3
13098,1013098,rerun,1
13103,3009,main,3
13104,3010,main,3
13105,3007,main,3
13120,1013120,rerun,2
13123,3011,main,3
13127,1013127,rerun,2
13128,3012,main,3
13132,1013132,rerun,1
13133,3015,main,3
13134,1013134,rerun,2
13136,3008,main,3
13137,3014,main,3
13144,1013144,rerun,2
13145,3019,main,3
13148,3016,main,3
13150,3017,main,3
13152,3013,main,3
13155,3018,main,3
13156,3020,main,3
13161,3025,main,3
13163,3023,main,3
13165,3021,main,3
13168,3024,main,3
13169,3022,main,3
13173,1013173,rerun,2
13175,1013175,rerun,1
13177,1013177,rerun,1
13181,1013181,rerun,1
13182,1013182,rerun,1
13183,3028,main,3
13187,3027,main,3
13190,3029,main,3
13194,3026,main,3
13202,3031,main,3
13205,3030,main,3
13207,3035,main,3
13210,3032,main,3
13212,3033,main,3
13214,3040,main,3
13223,3034,main,3
13224,3037,main,3
13231,3038,main,3
13233,3036,main,3
13236,3043,main,3
13237,3039,main,3
13240,1013240,rerun,1
13241,3041,main,3
13246,1013246,rerun,2
13248,1013248,rerun,2
13250,3042,main,3
13252,1013252,rerun,2
13255,1013255,rerun,1
13256,3044,main,3
13263,3045,main,3
13264,3049,main,3
13268,3046,main,3
13270,3050,main,3
13274,3048,main,3
13276,1013276,rerun,2
13281,3047,main,3
13284,3052,main,3
13286,1013286,rerun,2
13287,3051,main,3
13289,3053,main,3
13291,3057,main,3
13292,3055,main,3
13295,1013295,rerun,1
13300,3062,main,3
13303,1013303,rerun,2
13306,3054,main,3
13311,1013311,rerun,2
13312,3059,main,3
13314,3060,main,3
13316,3056,main,3
13319,3058,main,3
13320,1013320,rerun,2
13321,1013321,rerun,2
13322,1013322,rerun,1
13323,1013323,rerun,2
13324,3063,main,3
13325,3061,main,3
13332,3065,main,3
13333,1013333,rerun,2
13338,3066,main,3
13344,1013344,rerun,1
13348,1013348,rerun,1
13350,3067,main,3
13356,1013356,rerun,1
13357,1013357,rerun,2
13358,3064,main,3
13366,3070,main,3
13369,3072,main,3
13373,3068,main,3
13379,3071,main,3
13381,3069,main,3
13387,1013387,rerun,2
13388,1013388,rerun,1
13391,1013391,rerun,1
13394,3075,main,3
13395,1013395,rerun,1
13396,3077,main,3
13398,1013398,rerun,1
13401,3073,main,3
13403,3074,main,3
13412,3079,main,3
13416,3081,main,3
13418,3076,main,3
13419,3080,main,3
13423,3082,main,3
13425,3078,main,3
13429,3083,main,3
13430,1013430,rerun,2
13431,3085,main,3
13432,3084,main,3
13439,3086,main,3
13444,3087,main,3
13449,3088,main,3
13456,1013456,rerun,1
13457,3089,main,3
13466,1013466,rerun,2
13469,3090,main,3
13474,1013474,rerun,2
13475,3094,main,3
13477,1013477,rerun,2
13479,1013479,rerun,2
13480,1013480,rerun,2
13482,3091,main,3
13485,3092,main,3
13486,3096,main,3
13488,3097,main,3
13490,3095,main,3
13495,3106,main,3
13499,3099,main,3
13500,3093,main,3
13501,3098,main,3
13504,3103,main,3
13505,3101,main,3
13506,3104,main,3
13510,3100,main,3
13513,3102,main,3
13519,1013519,rerun,1
13524,3105,main,3
13529,3107,main,3
13531,3108,main,3
13533,1013533,rerun,1
13534,3109,main,3
13538,1013538,rerun,1
13540,1013540,rerun,1
13546,3110,main,3
13548,3113,main,3
13551,3112,main,3
13552,1013552,rerun,2
13553,3111,main,3
13555,3114,main,3
13557,1013557,rerun,1
13559,1013559,rerun,1
13560,3115,main,3
13561,3117,main,3
13563,3116,main,3
13566,1013566,rerun,2
13569,1013569,rerun,2
13571,1013571,rerun,1
13573,1013573,rerun,1
13576,1013576,rerun,1
13578,3119,main,3
13581,3121,main,3
13589,3118,main,3
13592,3120,main,3
13598,3124,main,3
13602,1013602,rerun,1
13608,3130,main,3
13611,3122,main,3
13612,3126,main,3
13613,3128,main,3
13614,3125,main,3
13617,3123,main,3
13620,3132,main,3
13621,3127,main,3
13623,3133,main,3
13624,1013624,rerun,2
13625,3129,main,3
13629,3135,main,3
13631,1013631,rerun,1
13632,3131,main,3
13637,3134,main,3
13640,3137,main,3
13643,3136,main,3
13652,3139,main,3
13653,3146,main,3
13656,1013656,rerun,1
13659,3140,main,3
13661,3138,main,3
13665,3142,main,3
13666,1013666,rerun,2
13667,1013667,rerun,1
13669,3143,main,3
13671,3150,main,3
13672,1013672,rerun,2
13673,3145,main,3
13675,3152,main,3
13679,3141,main,3
13687,3148,main,3
13688,3144,main,3
13691,3155,main,3
13693,3147,main,3
13694,3149,main,3
13705,3151,main,3
13707,3153,main,3
13709,3157,main,3
13711,3154,main,3
13712,3156,main,3
13717,3162,main,3
13720,3159,main,3
13724,1013724,rerun,2
13725,3158,main,3
13727,3160,main,3
13728,3168,main,3
13733,3170,main,3
13734,3164,main,3
13735,3161,main,3
13739,3163,main,3
13740,3165,main,3
13742,1013742,rerun,2
13743,3169,main,3
13745,3166,main,3
13746,1013746,rerun,2
13747,3167,main,3
13751,3174,main,3
13754,1013754,rerun,1
13758,3175,main,3
13759,3171,main,3
13760,1013760,rerun,2
13763,3176,main,3
13764,1013764,rerun,2
13765,3172,main,3
13768,1013768,rerun,2
13769,3178,main,3
13776,3173,main,3
13778,3179,main,3
13779,1013779,rerun,1
13781,1013781,rerun,1
13787,3180,main,3
13789,3182,main,3
13790,1013790,rerun,2
13791,3177,main,3
13795,3187,main,3
13796,1013796,rerun,2
13799,1013799,rerun,2
13800,1013800,rerun,1
13801,1013801,rerun,1
13802,3181,main,3
13803,3185,main,3
13807,3183,main,3
13810,3186,main,3
13812,3184,main,3
13815,1013815,rerun,1
13817,1013817,rerun,2
13821,3189,main,3
13822,3192,main,3
13823,1013823,rerun,2
13829,3188,main,3
13830,3193,main,3
13839,3191,main,3
13841,3190,main,3
13842,3198,main,3
13845,1013845,rerun,1
13848,3200,main,3
13853,3196,main,3
13855,3197,main,3
13856,3194,main,3
13859,1013859,rerun,1
13861,3199,main,3
13864,3201,main,3
13867,3204,main,3
13868,3195,main,3
13872,3202,main,3
13873,3203,main,3
13879,3205,main,3
13886,1013886,rerun,2
13891,3207,main,3
13894,3206,main,3
13911,3210,main,3
13912,3215,main,3
13914,3208,main,3
13916,1013916,rerun,2
13918,1013918,rerun,2
13922,3209,main,3
13930,1013930,rerun,1
13932,1013932,rerun,1
13933,3212,main,3
13934,3211,main,3
13936,1013936,rerun,1
13940,3213,main,3
13941,1013941,rerun,2
13944,3217,main,3
13952,3214,main,3
13953,3219,main,3
13958,3221,main,3
13961,1013961,rerun,1
13963,3218,main,3
13965,1013965,rerun,1
13968,3216,main,3
13970,1013970,rerun,1
13975,3222,main,3
13978,3220,main,3
13984,1013984,rerun,1
13985,3225,main,3
13987,3226,main,3
13989,3223,main,3
13992,1013992,rerun,1
14001,3224,main,3
14003,3227,main,3
14004,1014004,rerun,1
14009,3228,main,3
14011,1014011,rerun,1
14015,1014015,rerun,2
14020,3232,main,3
14023,3231,main,3
14024,3234,main,3
14027,3229,main,3
14028,3230,main,3
14030,1014030,rerun,1
14036,3236,main,3
14037,1014037,rerun,1
14040,1014040,rerun,2
14042,3235,main,3
14044,3233,main,3
14045,3237,main,3
14049,3242,main,3
14053,3247,main,3
14054,1014054,rerun,2
14057,1014057,rerun,1
14058,3238,main,3
14059,3243,main,3
14060,3241,main,3
14061,3244,main,3
14062,3246,main,3
14066,3239,main,3
14067,3240,main,3
14068,1014068,rerun,1
14073,3245,main,3
14081,1014081,rerun,1
14083,3248,main,3
14084,3249,main,3
14085,3251,main,3
14090,1014090,rerun,1
14091,3256,main,3
14095,1014095,rerun,2
14098,3254,main,3
14102,1014102,rerun,1
14104,3252,main,3
14105,3250,main,3
14109,3255,main,3
14110,1014110,rerun,2
14111,3253,main,3
14116,1014116,rerun,2
14122,3257,main,3
14125,3262,main,3
14128,3261,main,3
14130,3258,main,3
14131,3259,main,3
14132,3264,main,3
14133,1014133,rerun,1
14138,3260,main,3
14139,3265,main,3
14140,3266,main,3
14142,3263,main,3
14151,1014151,rerun,2
14153,3267,main,3
14154,3270,main,3
14159,3268,main,3
14160,1014160,rerun,1
14161,1014161,rerun,1
14173,3272,main,3
14175,3269,main,3
14178,3276,main,3
14182,3274,main,3
14188,1014188,rerun,1
14189,3283,main,3
14194,3275,main,3
14196,3278,main,3
14197,3282,main,3
14198,3280,main,3
14200,3277,main,3
14202,3273,main,3
14203,3271,main,3
14205,1014205,rerun,2
14206,3279,main,3
14210,3281,main,3
14213,3284,main,3
14214,3285,main,3
14218,1014218,rerun,2
14224,3286,main,3
14227,3287,main,3
14229,1014229,rerun,2
14230,3288,main,3
14231,1014231,rerun,1
14235,1014235,rerun,1
14239,1014239,rerun,2
14245,3293,main,3
14246,3289,main,3
14247,3299,main,3
14249,3292,main,3
14250,3290,main,3
14254,3295,main,3
14255,3296,main,3
14256,3291,main,3
14257,1014257,rerun,2
14259,3298,main,3
14262,1014262,rerun,2
14263,3301,main,3
14265,3294,main,3
14268,3297,main,3
14271,3300,main,3
14275,3302,main,3
14276,3304,main,3
14277,3306,main,3
14278,3305,main,3
14279,3303,main,3
14280,1014280,rerun,2
14283,3307,main,3
14287,3310,main,3
14297,3312,main,3
14300,3309,main,3
14301,3311,main,3
14302,3308,main,3
14303,1014303,rerun,2
14305,1014305,rerun,2
14307,3317,main,3
14311,3313,main,3
14313,3314,main,3
14325,1014325,rerun,1
14328,3315,main,3
14330,1014330,rerun,1
14344,3316,main,3
14347,3322,main,3
14351,3318,main,3
14357,3320,main,3
14361,1014361,rerun,2
14362,3319,main,3
14367,3324,main,3
14373,3321,main,3
14376,1014376,rerun,2
14377,3323,main,3
14379,3327,main,3
14384,1014384,rerun,1
14388,1014388,rerun,2
14389,3326,main,3
14390,3330,main,3
14392,1014392,rerun,2
14395,3325,main,3
14396,1014396,rerun,1
14405,1014405,rerun,1
14407,1014407,rerun,1
14408,3329,main,3
14409,3328,main,3
14411,3334,main,3
14418,3333,main,3
14419,1014419,rerun,1
14420,1014420,rerun,1
14423,3331,main,3
14424,3332,main,3
14429,1014429,rerun,1
14436,1014436,rerun,2
14440,1014440,rerun,1
14441,1014441,rerun,1
14445,3339,main,3
14447,3336,main,3
14453,3337,main,3
14456,1014456,rerun,1
14457,3335,main,3
14458,3338,main,3
14460,3342,main,3
14462,1014462,rerun,2
14465,3341,main,3
14472,3340,main,3
14482,3349,main,3
14483,1014483,rerun,2
14484,3343,main,3
14489,1014489,rerun,1
14491,1014491,rerun,1
14503,3348,main,3
14505,3350,main,3
14508,3344,main,3
14514,3345,main,3
14515,3346,main,3
14522,3347,main,3
14526,1014526,rerun,1
14536,3353,main,3
14537,3351,main,3
14538,3352,main,3
14539,1014539,rerun,2
14540,1014540,rerun,2
14542,3354,main,3
14546,1014546,rerun,2
14550,3355,main,3
14551,1014551,rerun,2
14553,1014553,rerun,1
14554,3356,main,3
14560,3357,main,3
14564,1014564,rerun,2
14566,1014566,rerun,2
14567,1014567,rerun,1
14570,3359,main,3
14572,3360,main,3
14573,1014573,rerun,1
14575,3361,main,3
14577,3363,main,3
14583,3362,main,3
14589,3365,main,3
14591,3364,main,3
14594,3366,main,3
14596,3358,main,3
14597,3368,main,3
14603,3373,main,3
14605,3374,main,3
14611,3367,main,3
14612,3369,main,3
14614,1014614,rerun,1
14620,3371,main,3
14624,3372,main,3
14625,3370,main,3
14626,1014626,rerun,2
14630,3375,main,3
14635,3376,main,3
14636,3377,main,3
14638,1014638,rerun,1
14653,1014653,rerun,2
14654,1014654,rerun,1
14655,3380,main,3
14656,3378,main,3
14659,3379,main,3
14661,1014661,rerun,2
14662,1014662,rerun,1
14666,3381,main,3
14676,1014676,rerun,2
14678,3386,main,3
14681,3382,main,3
14690,3383,main,3
14693,3387,main,3
14699,3385,main,3
14700,3389,main,3
14701,1014701,rerun,2
14703,3384,main,3
14705,1014705,rerun,1
14706,3388,main,3
14708,1014708,rerun,2
14709,3393,main,3
14711,1014711,rerun,1
14712,3390,main,3
14714,3394,main,3
14715,3391,main,3
14724,3392,main,3
14725,3395,main,3
14728,1014728,rerun,1
14731,3396,main,3
14732,3403,main,3
14738,3401,main,3
14742,3400,main,3
14743,3398,main,3
14745,3397,main,3
14748,3399,main,3
14750,3404,main,3
14752,1014752,rerun,2
14754,1014754,rerun,2
14758,3409,main,3
14759,3406,main,3
14760,3402,main,3
14762,3407,main,3
14764,1014764,rerun,2
14769,3408,main,3
14774,3405,main,3
14775,1014775,rerun,2
14776,3411,main,3
14779,3412,main,3
14787,3410,main,3
14788,3414,main,3
14793,3415,main,3
14795,3419,main,3
14796,1014796,rerun,2
14797,3413,main,3
14798,3417,main,3
14800,3416,main,3
14802,1014802,rerun,1
14805,3420,main,3
14806,3418,main,3
14809,1014809,rerun,2
14811,3423,main,3
14813,1014813,rerun,1
14814,1014814,rerun,1
14815,3421,main,3
14816,3422,main,3
14823,3424,main,3
14824,3428,main,3
14827,3427,main,3
14830,1014830,rerun,2
14831,3425,main,3
14832,3434,main,3
14833,3426,main,3
14834,3430,main,3
14835,3429,main,3
14837,1014837,rerun,2
14841,1014841,rerun,1
14843,3432,main,3
14847,3433,main,3
14849,3436,main,3
14854,3431,main,3
14855,1014855,rerun,1
14860,1014860,rerun,1
14863,3435,main,3
14869,1014869,rerun,2
14870,3440,main,3
14871,1014871,rerun,1
14872,3439,main,3
14873,3441,main,3
14874,3438,main,3
14875,1014875,rerun,1
14876,1014876,rerun,2
14878,3442,main,3
14882,3437,main,3
14883,1014883,rerun,1
14884,1014884,rerun,2
14889,3444,main,3
14890,3443,main,3
14891,1014891,rerun,1
14892,3450,main,3
14894,3453,main,3
14895,3446,main,3
14896,1014896,rerun,1
14899,3445,main,3
14904,3447,main,3
14906,1014906,rerun,1
14907,1014907,rerun,2
14919,3451,main,3
14920,3452,main,3
14922,3456,main,3
14925,3454,main,3
14928,3448,main,3
14936,3455,main,3
14937,3449,main,3
14938,1014938,rerun,1
14939,3459,main,3
14940,3463,main,3
14943,3464,main,3
14944,3458,main,3
14945,3462,main,3
14948,1014948,rerun,1
14950,3457,main,3
14951,3460,main,3
14954,3461,main,3
14955,3465,main,3
14957,3467,main,3
14958,3466,main,3
14959,1014959,rerun,1
14968,3470,main,3
14969,3468,main,3
14978,1014978,rerun,1
14981,1014981,rerun,1
14982,3472,main,3
14986,1014986,rerun,1
14989,3469,main,3
14994,1014994,rerun,2
14995,3473,main,3
14998,3474,main,3
15001,1015001,rerun,1
15004,1015004,rerun,2
15005,3471,main,3
15011,1015011,rerun,2
15014,1015014,rerun,1
15015,1015015,rerun,1
15021,1015021,rerun,2
15024,3476,main,3
15026,1015026,rerun,1
15027,1015027,rerun,1
15036,1015036,rerun,1
15038,3475,main,3
15039,3483,main,3
15041,1015041,rerun,2
15045,3479,main,3
15047,3480,main,3
15049,3477,main,3
15053,3478,main,3
15055,1015055,rerun,1
15056,3481,main,3
15058,3484,main,3
15062,3482,main,3
15064,1015064,rerun,2
15069,3486,main,3
15071,1015071,rerun,1
15075,3488,main,3
15078,3485,main,3
15079,1015079,rerun,2
15080,1015080,rerun,2
15082,3491,main,3
15088,3490,main,3
15089,3487,main,3
15092,3489,main,3
15094,3492,main,3
15106,1015106,rerun,1
15110,1015110,rerun,1
15113,1015113,rerun,2
15116,3494,main,3
15123,3497,main,3
15124,3493,main,3
15132,3496,main,3
15133,1015133,rerun,1
15135,1015135,rerun,1
15136,3495,main,3
15137,1015137,rerun,1
15139,1015139,rerun,2
15140,3498,main,3
15143,1015143,rerun,2
15146,1015146,rerun,1
15152,3502,main,3
15153,3499,main,3
15159,1015159,rerun,1
15168,3500,main,3
15174,1015174,rerun,1
15175,3504,main,3
15176,3505,main,3
15179,1015179,rerun,2
15181,1015181,rerun,2
15184,3501,main,3
15185,1015185,rerun,2
15186,3503,main,3
15190,3506,main,3
15194,3511,main,3
15199,1015199,rerun,1
15200,1015200,rerun,2
15205,3508,main,3
15206,3507,main,3
15208,3509,main,3
15210,3516,main,3
15213,3510,main,3
15214,3513,main,3
15220,3514,main,3
15221,3512,main,3
15228,1015228,rerun,1
15229,3519,main,3
15230,1015230,rerun,1
15232,3520,main,3
15233,1015233,rerun,2
15234,3517,main,3
15235,1015235,rerun,1
15240,1015240,rerun,2
15241,3521,main,3
15244,3515,main,3
15248,3518,main,3
15257,3522,main,3
15258,3523,main,3
15263,3524,main,3
15269,3527,main,3
15270,3525,main,3
15272,1015272,rerun,1
15273,3526,main,3
15279,3528,main,3
15282,3530,main,3
15284,3537,main,3
15285,3534,main,3
15290,1015290,rerun,2
15291,3529,main,3
15293,3531,main,3
15296,3532,main,3
15297,3533,main,3
15298,3536,main,3
15299,3535,main,3
15302,1015302,rerun,1
15309,3539,main,3
15312,3538,main,3
15314,3540,main,3
15315,3546,main,3
15316,3541,main,3
15319,1015319,rerun,2
15320,1015320,rerun,1
15323,3544,main,3
15325,1015325,rerun,1
15328,3545,main,3
15329,3542,main,3
15332,3543,main,3
15334,1015334,rerun,1
15335,1015335,rerun,2
15336,3548,main,3
15337,3549,main,3
15338,1015338,rerun,2
15340,1015340,rerun,2
15343,3553,main,3
15345,3552,main,3
15346,3547,main,3
15347,3551,main,3
15349,3550,main,3
15356,3555,main,3
15357,1015357,rerun,1
15359,3554,main,3
15362,3556,main,3
15365,3559,main,3
15367,3557,main,3
15371,1015371,rerun,2
15372,3562,main,3
15374,3558,main,3
15378,3560,main,3
15380,1015380,rerun,2
15384,3563,main,3
15392,1015392,rerun,1
15398,3561,main,3
15400,3566,main,3
15404,3571,main,3
15408,3568,main,3
15410,1015410,rerun,1
15411,3570,main,3
15412,3569,main,3
15414,3564,main,3
15415,3567,main,3
15416,1015416,rerun,2
15417,1015417,rerun,2
15418,3565,main,3
15424,3572,main,3
15426,3575,main,3
15427,3573,main,3
15428,1015428,rerun,2
15431,1015431,rerun,2
15432,3578,main,3
15433,3577,main,3
15436,3576,main,3
15439,3579,main,3
15447,1015447,rerun,2
15448,3585,main,3
15451,3581,main,3
15452,3574,main,3
15455,3580,main,3
15456,3583,main,3
15462,1015462,rerun,1
15463,3582,main,3
15464,3584,main,3
15468,3587,main,3
15470,3589,main,3
15471,3592,main,3
15475,1015475,rerun,2
15476,3586,main,3
15478,3591,main,3
15480,1015480,rerun,2
15485,1015485,rerun,2
15486,3590,main,3
15487,3594,main,3
15494,3588,main,3
15500,3593,main,3
15501,3595,main,3
15503,3596,main,3
15508,3597,main,3
15514,3604,main,3
15518,3601,main,3
15519,3598,main,3
15521,3599,main,3
15522,3600,main,3
15523,1015523,rerun,1
15524,1015524,rerun,1
15525,3603,main,3
15530,1015530,rerun,2
15532,3607,main,3
15534,3602,main,3
15535,1015535,rerun,2
15536,3609,main,3
15539,1015539,rerun,2
15541,3614,main,3
15542,3605,main,3
15544,3606,main,3
15549,1015549,rerun,1
15551,3613,main,3
15553,3610,main,3
15557,3608,main,3
15558,3615,main,3
15562,3619,main,3
15565,1015565,rerun,1
15568,3612,main,3
15572,3611,main,3
15573,1015573,rerun,1
15581,3616,main,3
15582,3617,main,3
15583,1015583,rerun,1
15589,3621,main,3
15590,3624,main,3
15591,3618,main,3
15594,3625,main,3
15595,1015595,rerun,2
15597,3620,main,3
15600,3622,main,3
15605,1015605,rerun,2
15607,3623,main,3
15612,3627,main,3
15613,3629,main,3
15614,3628,main,3
15618,3632,main,3
15619,3630,main,3
15621,3626,main,3
15623,3633,main,3
15627,3631,main,3
15636,3635,main,3
15644,1015644,rerun,2
15651,3639,main,3
15659,3637,main,3
15660,3636,main,3
15665,1015665,rerun,1
15667,3634,main,3
15668,1015668,rerun,1
15669,1015669,rerun,1
15672,3638,main,3
15680,1015680,rerun,2
15685,3644,main,3
15689,3648,main,3
15694,3640,main,3
15696,3641,main,3
15697,3642,main,3
15699,1015699,rerun,1
15703,1015703,rerun,1
15708,1015708,rerun,1
15709,3646,main,3
15711,3643,main,3
15712,3645,main,3
15716,3649,main,3
15722,3647,main,3
15729,3650,main,3
15733,1015733,rerun,1
15738,1015738,rerun,2
15739,3651,main,3
15745,1015745,rerun,1
15747,3652,main,3
15759,1015759,rerun,2
15761,3653,main,3
15762,3656,main,3
15764,3658,main,3
15765,1015765,rerun,1
15768,3654,main,3
15770,3657,main,3
15775,3655,main,3
15780,3664,main,3
15783,3661,main,3
15788,3659,main,3
15791,1015791,rerun,1
15793,3660,main,3
15794,3668,main,3
15795,1015795,rerun,2
15798,3663,main,3
15801,1015801,rerun,1
15802,3665,main,3
15803,3662,main,3
15805,1015805,rerun,2
15806,3670,main,3
15808,1015808,rerun,2
15809,3667,main,3
15810,3671,main,3
15813,3666,main,3
15816,3669,main,3
15817,3675,main,3
15821,3672,main,3
15823,3676,main,3
15828,3677,main,3
15830,3673,main,3
15831,3674,main,3
15833,3679,main,3
15834,3678,main,3
15837,3680,main,3
15843,3681,main,3
15844,3682,main,3
15849,3684,main,3
15850,1015850,rerun,2
15851,1015851,rerun,2
15856,1015856,rerun,1
15859,1015859,rerun,2
15865,3683,main,3
15868,3685,main,3
15870,1015870,rerun,1
15872,1015872,rerun,2
15873,3686,main,3
15876,3689,main,3
15877,3688,main,3
15879,1015879,rerun,2
15885,3691,main,3
15886,3690,main,3
15887,3692,main,3
15888,3696,main,3
15889,3699,main,3
15890,3694,main,3
15893,3687,main,3
15895,1015895,rerun,2
15897,3693,main,3
15902,1015902,rerun,2
15903,3695,main,3
15904,1015904,rerun,1
15905,3697,main,3
15914,3702,main,3
15915,3698,main,3
15918,3700,main,3
15920,3703,main,3
15923,3701,main,3
15924,1015924,rerun,2
15925,1015925,rerun,1
15928,1015928,rerun,1
15930,1015930,rerun,1
15931,3704,main,3
15933,1015933,rerun,2
15937,3705,main,3
15943,1015943,rerun,1
15944,3716,main,3
15949,3711,main,3
15951,3710,main,3
15953,3709,main,3
15954,1015954,rerun,2
15956,3712,main,3
15957,3706,main,3
15958,3708,main,3
15960,3707,main,3
15961,3713,main,3
15964,3714,main,3
15967,1015967,rerun,2
15970,1015970,rerun,1
15973,1015973,rerun,2
15974,3715,main,3
15979,1015979,rerun,1
15981,3720,main,3
15982,3718,main,3
15985,3717,main,3
15988,1015988,rerun,1
15991,1015991,rerun,1
15996,3719,main,3
15997,1015997,rerun,1
16001,1016001,rerun,1
16002,1016002,rerun,1
16003,3725,main,3
16011,3727,main,3
16013,3723,main,3
16015,3724,main,3
16017,1016017,rerun,1
16019,1016019,rerun,2
16021,3728,main,3
16023,3721,main,3
16024,1016024,rerun,2
16028,3726,main,3
16031,3722,main,3
16032,3729,main,3
16033,1016033,rerun,1
16035,3730,main,3
16044,3731,main,3
16047,3732,main,3
16048,1016048,rerun,2
16049,1016049,rerun,1
16059,3733,main,3
16061,3735,main,3
16063,3737,main,3
16064,1016064,rerun,1
16068,1016068,rerun,2
16070,3734,main,3
16071,1016071,rerun,2
16074,1016074,rerun,1
16078,3738,main,3
16080,1016080,rerun,1
16083,3736,main,3
16086,3742,main,3
16087,3744,main,3
16088,3740,main,3
16090,1016090,rerun,1
16093,3739,main,3
16095,3741,main,3
16096,1016096,rerun,1
16101,3743,main,3
16102,1016102,rerun,2
16103,1016103,rerun,2
16108,1016108,rerun,2
16109,3746,main,3
16111,1016111,rerun,2
16113,3745,main,3
16118,3748,main,3
16122,1016122,rerun,2
16123,3747,main,3
16125,1016125,rerun,1
16126,3749,main,3
16134,3750,main,3
16139,3751,main,3
16151,3752,main,3
16153,3753,main,3
16155,3756,main,3
16156,1016156,rerun,1
16158,3766,main,3
16159,1016159,rerun,1
16161,3754,main,3
16165,3757,main,3
16169,3762,main,3
16171,1016171,rerun,2
16174,3755,main,3
16176,3759,main,3
16178,3758,main,3
16179,1016179,rerun,2
16185,3760,main,3
16190,3761,main,3
16192,3767,main,3
16194,3763,main,3
16196,3764,main,3
16198,3765,main,3
16205,1016205,rerun,2
16206,3770,main,3
16209,1016209,rerun,2
16213,1016213,rerun,2
16219,3768,main,3
16222,1016222,rerun,1
16226,3769,main,3
16229,1016229,rerun,2
16233,3771,main,3
16234,1016234,rerun,1
16241,3775,main,3
16242,1016242,rerun,1
16245,1016245,rerun,1
16246,1016246,rerun,2
16248,3772,main,3
16255,3774,main,3
16259,1016259,rerun,2
16260,1016260,rerun,2
16261,1016261,rerun,1
16266,3776,main,3
16267,3779,main,3
16268,3777,main,3
16270,3773,main,3
16271,1016271,rerun,1
16273,3781,main,3
16274,3785,main,3
16276,1016276,rerun,1
16279,3782,main,3
16282,3783,main,3
16284,3778,main,3
16289,3784,main,3
16291,3780,main,3
16297,1016297,rerun,2
16300,3787,main,3
16302,3788,main,3
16304,3786,main,3
16309,3792,main,3
16311,1016311,rerun,2
16312,3791,main,3
16314,3794,main,3
16315,3789,main,3
16321,3795,main,3
16324,3793,main,3
16325,1016325,rerun,2
16326,3790,main,3
16327,1016327,rerun,2
16334,1016334,rerun,1
16335,3796,main,3
16338,3799,main,3
16339,1016339,rerun,1
16343,3797,main,3
16344,1016344,rerun,2
16347,3798,main,3
16349,3801,main,3
16350,1016350,rerun,1
16351,3800,main,3
16354,1016354,rerun,2
16356,1016356,rerun,1
16360,1016360,rerun,1
16361,3802,main,3
16369,3807,main,3
16373,3804,main,3
16375,3809,main,3
16377,3803,main,3
16382,3805,main,3
16383,1016383,rerun,1
16386,3808,main,3
16387,3816,main,3
16389,3806,main,3
16390,3812,main,3
16395,3811,main,3
16401,3810,main,3
16402,3814,main,3
16406,3813,main,3
16407,3815,main,3
16408,3817,main,3
16416,3818,main,3
16418,1016418,rerun,1
16422,3821,main,3
16423,3820,main,3
16424,3819,main,3
16429,3822,main,3
16430,1016430,rerun,2
16436,1016436,rerun,2
16438,3823,main,3
16440,1016440,rerun,2
16446,1016446,rerun,2
16447,3829,main,3
16448,1016448,rerun,1
16455,3827,main,3
16457,3825,main,3
16460,3824,main,3
16462,3826,main,3
16466,3835,main,3
16467,1016467,rerun,1
16469,3828,main,3
16470,1016470,rerun,1
16471,1016471,rerun,2
16474,3831,main,3
16478,1016478,rerun,1
16482,3830,main,3
16485,1016485,rerun,2
16486,3834,main,3
16490,1016490,rerun,1
16491,3833,main,3
16495,3837,main,3
16496,3832,main,3
16498,1016498,rerun,1
16499,1016499,rerun,2
16507,3836,main,3
16509,1016509,rerun,1
16510,1016510,rerun,1
16512,1016512,rerun,2
16516,1016516,rerun,1
16517,3843,main,3
16519,3838,main,3
16521,3841,main,3
16524,3839,main,3
16525,1016525,rerun,1
16528,1016528,rerun,2
16531,3842,main,3
16534,3845,main,3
16535,3840,main,3
16536,1016536,rerun,1
16538,3844,main,3
16546,3846,main,3
16549,3849,main,3
16554,3847,main,3
16556,3848,main,3
16558,3850,main,3
16561,1016561,rerun,1
16563,1016563,rerun,1
16567,3852,main,3
16570,1016570,rerun,2
16572,3854,main,3
16574,1016574,rerun,2
16581,3851,main,3
16591,3855,main,3
16595,3853,main,3
16598,3857,main,3
16600,1016600,rerun,1
16601,1016601,rerun,2
16604,1016604,rerun,1
16605,1016605,rerun,1
16608,1016608,rerun,1
16617,3858,main,3
16621,3856,main,3
16622,1016622,rerun,1
16626,3860,main,3
16633,3859,main,3
16639,3865,main,3
16644,1016644,rerun,1
16646,3862,main,3
16649,3866,main,3
16652,3861,main,3
16662,3863,main,3
16665,3864,main,3
16666,3873,main,3
16670,1016670,rerun,2
16671,3872,main,3
16672,1016672,rerun,1
16674,3869,main,3
16675,3870,main,3
16681,3871,main,3
16682,1016682,rerun,1
16684,3867,main,3
16686,1016686,rerun,1
16687,3874,main,3
16689,3868,main,3
16691,1016691,rerun,2
16695,3875,main,3
16698,3877,main,3
16699,3878,main,3
16701,1016701,rerun,2
16702,3876,main,3
16703,1016703,rerun,1
16705,1016705,rerun,2
16706,3879,main,3
16708,3880,main,3
16711,3881,main,3
16712,1016712,rerun,2
16714,3882,main,3
16715,1016715,rerun,1
16721,3884,main,3
16729,3883,main,3
16736,3890,main,3
16737,1016737,rerun,2
16742,3885,main,3
16743,3891,main,3
16749,1016749,rerun,2
16751,3887,main,3
16752,3889,main,3
16754,3886,main,3
16756,1016756,rerun,2
16761,1016761,rerun,1
16763,3892,main,3
16764,3894,main,3
16765,3888,main,3
16766,1016766,rerun,1
16768,3896,main,3
16769,1016769,rerun,2
16771,1016771,rerun,1
16772,1016772,rerun,2
16777,3893,main,3
16783,3899,main,3
16788,3897,main,3
16791,3895,main,3
16792,1016792,rerun,2
16793,1016793,rerun,2
16794,3900,main,3
16795,3898,main,3
16797,1016797,rerun,1
16799,3901,main,3
16800,1016800,rerun,2
16804,3911,main,3
16805,3903,main,3
16806,1016806,rerun,1
16807,3904,main,3
16808,3902,main,3
16809,3906,main,3
16812,3905,main,3
16813,1016813,rerun,1
16814,3907,main,3
16825,3908,main,3
16826,3909,main,3
16829,1016829,rerun,2
16837,3910,main,3
16839,1016839,rerun,2
16841,1016841,rerun,1
16842,1016842,rerun,1
16843,3914,main,3
16846,3913,main,3
16848,3912,main,3
16850,1016850,rerun,1
16852,3918,main,3
16859,3917,main,3
16861,3916,main,3
16866,3915,main,3
16867,1016867,rerun,1
16868,3919,main,3
16869,3923,main,3
16870,3920,main,3
16874,1016874,rerun,2
16881,3928,main,3
16882,3922,main,3
16883,1016883,rerun,1
16889,1016889,rerun,1
16890,3925,main,3
16891,3926,main,3
16894,3921,main,3
16895,3924,main,3
16896,3927,main,3
16900,1016900,rerun,2
16904,3930,main,3
16906,1016906,rerun,1
16909,3933,main,3
16910,3931,main,3
16911,1016911,rerun,1
16916,3929,main,3
16917,3932,main,3
16924,1016924,rerun,1
16926,1016926,rerun,1
16927,3934,main,3
16928,3936,main,3
16932,3938,main,3
16933,3937,main,3
16935,3935,main,3
16950,3941,main,3
16955,3945,main,3
16957,1016957,rerun,2
16961,3949,main,3
16962,3939,main,3
16964,1016964,rerun,2
16966,3947,main,3
16968,3940,main,3
16972,3944,main,3
16977,3951,main,3
16978,3950,main,3
16980,3943,main,3
16981,3942,main,3
16985,3946,main,3
16986,1016986,rerun,2
16990,3948,main,3
16994,3955,main,3
16998,3952,main,3
17002,3957,main,3
17003,1017003,rerun,2
17005,3953,main,3
17007,1017007,rerun,2
17008,3956,main,3
17009,1017009,rerun,2
17010,3954,main,3
17012,3958,main,3
17013,1017013,rerun,1
17015,3962,main,3
17017,1017017,rerun,2
17018,1017018,rerun,2
17019,3960,main,3
17020,3959,main,3
17022,3961,main,3
17024,1017024,rerun,2
17025,3967,main,3
17026,3965,main,3
17028,3964,main,3
17034,3969,main,3
17037,3963,main,3
17041,3968,main,3
17044,3966,main,3
17046,3972,main,3
17048,3970,main,3
17057,3977,main,3
17058,3974,main,3
17060,1017060,rerun,2
17062,1017062,rerun,1
17064,3976,main,3
17065,3971,main,3
17067,3975,main,3
17068,1017068,rerun,2
17069,3973,main,3
17077,3980,main,3
17078,3978,main,3
17079,1017079,rerun,1
17081,3981,main,3
17082,1017082,rerun,2
17083,3979,main,3
17084,3984,main,3
17087,3983,main,3
17091,3982,main,3
17099,3985,main,3
17100,3987,main,3
17102,3992,main,3
17107,3990,main,3
17110,1017110,rerun,2
17112,3986,main,3
17113,3988,main,3
17114,1017114,rerun,1
17115,3989,main,3
17121,1017121,rerun,1
17123,3991,main,3
17124,3994,main,3
17127,3993,main,3
17137,3995,main,3
17140,3997,main,3
17141,4005,main,3
17148,3996,main,3
17150,1017150,rerun,2
17152,1017152,rerun,2
17153,1017153,rerun,2
17157,3999,main,3
17158,3998,main,3
17160,4001,main,3
17164,4006,main,3
17168,4000,main,3
17170,4002,main,3
17172,1017172,rerun,1
17177,4004,main,3
17182,1017182,rerun,1
17183,4010,main,3
17186,1017186,rerun,2
17188,4009,main,3
17189,4003,main,3
17195,1017195,rerun,1
17196,1017196,rerun,2
17198,4011,main,3
17200,4007,main,3
17203,4016,main,3
17204,1017204,rerun,2
17205,4008,main,3
17208,1017208,rerun,2
17209,4015,main,3
17212,4013,main,3
17214,4014,main,3
17215,4012,main,3
17217,1017217,rerun,2
17218,1017218,rerun,2
17220,4017,main,3
17222,1017222,rerun,2
17226,1017226,rerun,2
17231,4019,main,3
17234,1017234,rerun,1
17235,4018,main,3
17236,4020,main,3
17237,4024,main,3
17240,4023,main,3
17242,1017242,rerun,2
17246,4021,main,3
17247,4025,main,3
17249,1017249,rerun,2
17252,4026,main,3
17254,4027,main,3
17261,4022,main,3
17265,1017265,rerun,2
17266,1017266,rerun,2
17271,4029,main,3
17273,1017273,rerun,1
17274,1017274,rerun,2
17277,1017277,rerun,1
17280,1017280,rerun,2
17282,4034,main,3
17287,4030,main,3
17288,4028,main,3
17289,1017289,rerun,2
17291,1017291,rerun,1
17292,4031,main,3
17296,1017296,rerun,1
17306,4035,main,3
17307,4039,main,3
17311,1017311,rerun,2
17314,4032,main,3
17316,4033,main,3
17318,1017318,rerun,1
17319,4036,main,3
17322,1017322,rerun,1
17323,4042,main,3
17327,4038,main,3
17330,1017330,rerun,2
17331,4040,main,3
17334,4041,main,3
17335,4037,main,3
17346,1017346,rerun,1
17347,1017347,rerun,2
17349,4044,main,3
17350,4047,main,3
17351,4043,main,3
17352,4045,main,3
17353,4046,main,3
17357,1017357,rerun,1
17359,1017359,rerun,1
17362,4048,main,3
17364,4056,main,3
17369,1017369,rerun,1
17376,1017376,rerun,2
17378,1017378,rerun,1
17381,4054,main,3
17383,4051,main,3
17385,4053,main,3
17386,4049,main,3
17397,4050,main,3
17398,4052,main,3
17403,1017403,rerun,2
17408,1017408,rerun,1
17409,4057,main,3
17412,1017412,rerun,2
17413,4059,main,3
17415,4055,main,3
17418,1017418,rerun,1
17422,1017422,rerun,2
17436,4058,main,3
17437,1017437,rerun,1
17443,4060,main,3
17451,4061,main,3
17454,1017454,rerun,2
17455,1017455,rerun,2
17461,4064,main,3
17463,4062,main,3
17464,4067,main,3
17475,4063,main,3
17476,4065,main,3
17478,1017478,rerun,1
17481,4066,main,3
17490,1017490,rerun,1
17491,4069,main,3
17492,4070,main,3
17497,1017497,rerun,2
17500,4072,main,3
17502,4071,main,3
17504,4068,main,3
17516,4075,main,3
17520,4073,main,3
17521,4074,main,3
17526,1017526,rerun,1
17529,4084,main,3
17536,4078,main,3
17540,4079,main,3
17544,4077,main,3
17545,1017545,rerun,1
17546,4085,main,3
17551,4076,main,3
17554,4081,main,3
17559,4082,main,3
17566,1017566,rerun,2
17567,4080,main,3
17568,4087,main,3
17572,4083,main,3
17576,1017576,rerun,1
17577,1017577,rerun,1
17579,4086,main,3
17580,4088,main,3
17581,1017581,rerun,2
17587,1017587,rerun,2
17591,4090,main,3
17593,1017593,rerun,1
17596,4089,main,3
17601,4091,main,3
17603,1017603,rerun,1
17605,4092,main,3
17607,4094,main,3
17609,1017609,rerun,1
17611,1017611,rerun,2
17618,4093,main,3
17619,1017619,rerun,1
17621,1017621,rerun,2
17622,1017622,rerun,1
17623,4098,main,3
17626,1017626,rerun,2
17631,4099,main,3
17634,4096,main,3
17635,4095,main,3
17641,4101,main,3
17648,4097,main,3
17649,1017649,rerun,1
17653,4100,main,3
17656,4102,main,3
17657,4105,main,3
17658,1017658,rerun,1
17661,4103,main,3
17662,1017662,rerun,2
17663,1017663,rerun,2
17664,1017664,rerun,2
17669,4106,main,3
17671,4104,main,3
17672,1017672,rerun,2
17673,1017673,rerun,2
17674,1017674,rerun,1
17678,4107,main,3
17679,1017679,rerun,1
17682,1017682,rerun,1
17688,1017688,rerun,2
17690,4111,main,3
17693,4109,main,3
17694,4112,main,3
17697,4110,main,3
17698,4108,main,3
17699,4113,main,3
17707,4115,main,3
17711,1017711,rerun,1
17714,4114,main,3
17716,1017716,rerun,2
17720,4116,main,3
17724,4117,main,3
17728,4119,main,3
17729,4118,main,3
17730,1017730,rerun,1
17732,4122,main,3
17734,1017734,rerun,1
17736,1017736,rerun,2
17737,4120,main,3
17740,4121,main,3
17741,4124,main,3
17744,1017744,rerun,1
17745,1017745,rerun,1
17747,4126,main,3
17752,1017752,rerun,2
17755,4125,main,3
17756,1017756,rerun,2
17757,4127,main,3
17763,4123,main,3
17766,1017766,rerun,2
17768,4129,main,3
17771,4131,main,3
17780,4130,main,3
17782,1017782,rerun,2
17787,4132,main,3
17789,4133,main,3
17792,4128,main,3
17797,4135,main,3
17799,4137,main,3
17800,4140,main,3
17802,4139,main,3
17804,4136,main,3
17807,4134,main,3
17808,4138,main,3
17813,1017813,rerun,1
17820,4144,main,3
17825,4142,main,3
17827,4141,main,3
17832,4143,main,3
17836,4148,main,3
17838,4147,main,3
17840,4149,main,3
17841,4145,main,3
17843,1017843,rerun,2
17848,1017848,rerun,2
17851,4146,main,3
17855,1017855,rerun,1
17861,1017861,rerun,1
17863,4150,main,3
17867,1017867,rerun,2
17869,4155,main,3
17870,1017870,rerun,1
17881,1017881,rerun,1
17883,4151,main,3
17884,4152,main,3
17888,4153,main,3
17892,1017892,rerun,2
17900,4160,main,3
17901,4157,main,3
17904,4154,main,3
17907,1017907,rerun,1
17908,1017908,rerun,2
17909,4158,main,3
17914,4159,main,3
17916,1017916,rerun,2
17919,1017919,rerun,2
17925,4161,main,3
17927,1017927,rerun,1
17928,4156,main,3
17932,4164,main,3
17939,1017939,rerun,1
17940,4165,main,3
17945,1017945,rerun,2
17946,4163,main,3
17955,1017955,rerun,2
17959,4162,main,3
17966,1017966,rerun,2
17967,1017967,rerun,1
17968,4167,main,3
17970,1017970,rerun,1
17975,4166,main,3
17981,4169,main,3
17986,1017986,rerun,1
17993,4170,main,3
17995,1017995,rerun,1
17996,4168,main,3
17998,1017998,rerun,2
18000,4173,main,3
18002,4172,main,3
18010,4175,main,3
18013,4180,main,3
18016,4179,main,3
18021,4171,main,3
18022,1018022,rerun,2
18025,1018025,rerun,1
18026,1018026,rerun,2
18027,4177,main,3
18028,4174,main,3
18033,4176,main,3
18036,1018036,rerun,2
18038,1018038,rerun,2
18043,4181,main,3
18044,1018044,rerun,2
18045,4178,main,3
18048,1018048,rerun,2
18054,1018054,rerun,1
18055,1018055,rerun,2
18059,4184,main,3
18062,4185,main,3
18063,4183,main,3
18068,4182,main,3
18069,4186,main,3
18071,4187,main,3
18073,1018073,rerun,1
18075,4190,main,3
18076,1018076,rerun,1
18079,4192,main,3
18080,4193,main,3
18081,1018081,rerun,1
18084,4188,main,3
18088,4189,main,3
18089,4191,main,3
18095,4195,main,3
18097,4196,main,3
18101,4201,main,3
18103,4197,main,3
18104,4199,main,3
18107,4194,main,3
18109,4198,main,3
18112,1018112,rerun,2
18118,4202,main,3
18120,4200,main,3
18123,4203,main,3
18124,4205,main,3
18130,4204,main,3
18137,1018137,rerun,1
18139,4206,main,3
18141,1018141,rerun,1
18153,4207,main,3
18154,4210,main,3
18158,4214,main,3
18159,1018159,rerun,2
18160,1018160,rerun,1
18162,4212,main,3
18163,1018163,rerun,1
18165,1018165,rerun,1
18166,4213,main,3
18167,4211,main,3
18169,1018169,rerun,1
18170,4209,main,3
18174,1018174,rerun,2
18178,1018178,rerun,1
18180,4208,main,3
18184,1018184,rerun,1
18190,1018190,rerun,1
18191,4217,main,3
18195,4216,main,3
18196,1018196,rerun,1
18197,1018197,rerun,1
18201,4215,main,3
18203,4222,main,3
18212,1018212,rerun,1
18214,4221,main,3
18215,4219,main,3
18216,1018216,rerun,2
18219,4220,main,3
18221,4224,main,3
18223,4218,main,3
18224,4223,main,3
18226,1018226,rerun,1
18229,1018229,rerun,1
18230,4227,main,3
18232,4225,main,3
18233,1018233,rerun,2
18234,4228,main,3
18235,4231,main,3
18236,1018236,rerun,1
18237,4226,main,3
18242,4229,main,3
18246,4230,main,3
18248,4233,main,3
18252,4232,main,3
18255,1018255,rerun,2
18257,4238,main,3
18258,4234,main,3
18260,4235,main,3
18261,4237,main,3
18262,4241,main,3
18265,4239,main,3
18266,4236,main,3
18267,4240,main,3
18274,4243,main,3
18277,1018277,rerun,2
18278,1018278,rerun,2
18279,1018279,rerun,1
18283,4242,main,3
18285,4245,main,3
18289,1018289,rerun,1
18290,1018290,rerun,1
18292,1018292,rerun,1
18293,4244,main,3
18294,1018294,rerun,1
18295,1018295,rerun,1
18296,4246,main,3
18299,1018299,rerun,1
18300,1018300,rerun,1
18302,4247,main,3
18304,1018304,rerun,1
18307,4249,main,3
18317,1018317,rerun,2
18320,1018320,rerun,2
18323,4248,main,3
18325,4251,main,3
18326,4254,main,3
18330,4253,main,3
18333,4256,main,3
18334,4252,main,3
18342,1018342,rerun,1
18343,4257,main,3
18346,4250,main,3
18350,4255,main,3
18351,1018351,rerun,2
18352,1018352,rerun,2
18355,4258,main,3
18357,1018357,rerun,2
18362,4260,main,3
18367,1018367,rerun,2
18368,1018368,rerun,2
18370,1018370,rerun,2
18373,4259,main,3
18378,1018378,rerun,1
18380,4262,main,3
18382,4261,main,3
18383,1018383,rerun,1
18384,1018384,rerun,2
18385,1018385,rerun,2
18386,1018386,rerun,1
18387,4264,main,3
18388,4265,main,3
18393,1018393,rerun,2
18398,4263,main,3
18399,4266,main,3
18405,4269,main,3
18407,1018407,rerun,1
18408,1018408,rerun,1
18410,4268,main,3
18412,4270,main,3
18413,4267,main,3
18417,4275,main,3
18423,4273,main,3
18424,4272,main,3
18428,4274,main,3
18430,4271,main,3
18433,4276,main,3
18435,4277,main,3
18436,1018436,rerun,1
18440,4279,main,3
18444,1018444,rerun,2
18446,1018446,rerun,1
18447,1018447,rerun,2
18452,1018452,rerun,1
18454,4278,main,3
18456,1018456,rerun,2
18459,4288,main,3
18460,4280,main,3
18461,4282,main,3
18467,1018467,rerun,2
18468,4281,main,3
18469,4283,main,3
18471,4284,main,3
18472,1018472,rerun,2
18473,4285,main,3
18476,4287,main,3
18478,4286,main,3
18484,1018484,rerun,2
18486,1018486,rerun,2
18492,1018492,rerun,2
18493,4290,main,3
18494,4289,main,3
18495,4292,main,3
18497,4293,main,3
18498,1018498,rerun,2
18501,1018501,rerun,1
18502,1018502,rerun,2
18504,4294,main,3
18506,4291,main,3
18511,1018511,rerun,2
18514,4300,main,3
18516,1018516,rerun,2
18517,4296,main,3
18518,4295,main,3
18520,1018520,rerun,2
18523,4304,main,3
18524,1018524,rerun,2
18525,1018525,rerun,1
18526,4298,main,3
18528,4297,main,3
18529,1018529,rerun,1
18530,4301,main,3
18533,1018533,rerun,2
18534,1018534,rerun,2
18539,4302,main,3
18541,4299,main,3
18543,4308,main,3
18544,4307,main,3
18545,4303,main,3
18546,1018546,rerun,1
18547,1018547,rerun,1
18548,1018548,rerun,1
18551,4313,main,3
18552,4305,main,3
18553,4306,main,3
18554,1018554,rerun,1
18557,4309,main,3
18560,4310,main,3
18569,4311,main,3
18570,1018570,rerun,2
18571,4312,main,3
18572,1018572,rerun,2
18574,4321,main,3
18576,4317,main,3
18577,1018577,rerun,1
18583,4315,main,3
18584,4323,main,3
18585,4314,main,3
18587,4319,main,3
18588,4316,main,3
18592,4320,main,3
18595,4318,main,3
18602,4322,main,3
18610,1018610,rerun,2
18611,1018611,rerun,2
18613,1018613,rerun,1
18614,4324,main,3
18616,4325,main,3
18623,1018623,rerun,2
18624,1018624,rerun,2
18625,1018625,rerun,2
18630,1018630,rerun,2
18632,4326,main,3
18633,1018633,rerun,2
18635,4330,main,3
18637,1018637,rerun,2
18638,4328,main,3
18640,4335,main,3
18650,4334,main,3
18652,4331,main,3
18653,4327,main,3
18654,4329,main,3
18658,1018658,rerun,1
18663,4332,main,3
18664,1018664,rerun,1
18670,4333,main,3
18672,1018672,rerun,2
18677,1018677,rerun,1
18679,1018679,rerun,2
18682,4336,main,3
18690,4337,main,3
18693,4338,main,3
18695,1018695,rerun,2
18696,4339,main,3
18699,4342,main,3
18700,1018700,rerun,2
18704,4341,main,3
18706,4343,main,3
18709,4340,main,3
18711,1018711,rerun,1
18715,1018715,rerun,1
18723,1018723,rerun,2
18726,1018726,rerun,2
18731,1018731,rerun,2
18733,4347,main,3
18740,4345,main,3
18744,1018744,rerun,1
18747,4346,main,3
18750,4344,main,3
18754,4351,main,3
18756,4349,main,3
18758,1018758,rerun,2
18761,4350,main,3
18763,1018763,rerun,1
18766,4348,main,3
18767,4352,main,3
18770,4354,main,3
18774,4353,main,3
18775,4358,main,3
18776,4355,main,3
18777,4361,main,3
18778,1018778,rerun,1
18784,1018784,rerun,1
18790,4357,main,3
18792,4356,main,3
18793,4359,main,3
18798,1018798,rerun,1
18799,4360,main,3
18800,4362,main,3
18803,4365,main,3
18804,4363,main,3
18807,4366,main,3
18809,4364,main,3
18812,4368,main,3
18813,1018813,rerun,2
18816,1018816,rerun,2
18820,4370,main,3
18822,1018822,rerun,1
18823,4372,main,3
18825,4373,main,3
18827,4369,main,3
18828,4367,main,3
18833,4377,main,3
18834,1018834,rerun,2
18839,4371,main,3
18844,4374,main,3
18847,4375,main,3
18850,4376,main,3
18856,4378,main,3
18858,1018858,rerun,1
18859,4385,main,3
18860,4380,main,3
18862,4381,main,3
18865,4384,main,3
18866,4379,main,3
18871,1018871,rerun,1
18872,4382,main,3
18874,4386,main,3
18875,4388,main,3
18878,4383,main,3
18882,1018882,rerun,2
18886,4390,main,3
18887,4392,main,3
18889,4387,main,3
18895,4391,main,3
18898,1018898,rerun,2
18900,4389,main,3
18901,4395,main,3
18902,1018902,rerun,1
18910,4393,main,3
18923,4397,main,3
18925,4402,main,3
18926,4398,main,3
18929,4399,main,3
18930,4394,main,3
18932,4396,main,3
18935,1018935,rerun,2
18940,1018940,rerun,2
18943,4400,main,3
18944,4401,main,3
18950,4405,main,3
18953,1018953,rerun,2
18954,4403,main,3
18958,4407,main,3
18960,4404,main,3
18961,1018961,rerun,2
18966,4408,main,3
18970,1018970,rerun,1
18971,4409,main,3
18973,4406,main,3
18974,4413,main,3
18977,4410,main,3
18978,4414,main,3
18980,4415,main,3
18982,4419,main,3
18985,4416,main,3
18987,4412,main,3
18988,4411,main,3
18995,4421,main,3
18997,4420,main,3
19000,4418,main,3
19002,1019002,rerun,1
19003,1019003,rerun,2
19006,4426,main,3
19007,4417,main,3
19008,1019008,rerun,1
19010,1019010,rerun,2
19012,4422,main,3
19017,1019017,rerun,2
19018,1019018,rerun,2
19020,1019020,rerun,2
19023,4423,main,3
19025,4427,main,3
19026,4425,main,3
19029,4428,main,3
19032,4424,main,3
19036,4429,main,3
19038,1019038,rerun,2
19046,1019046,rerun,2
19047,4434,main,3
19049,4438,main,3
19053,4430,main,3
19057,4431,main,3
19058,4432,main,3
19064,4433,main,3
19068,4441,main,3
19069,4437,main,3
19070,4435,main,3
19074,4436,main,3
19076,1019076,rerun,2
19077,1019077,rerun,2
19082,1019082,rerun,2
19090,1019090,rerun,2
19091,1019091,rerun,2
19093,1019093,rerun,1
19095,4442,main,3
19098,1019098,rerun,1
19100,4440,main,3
19101,4444,main,3
19103,4439,main,3
19108,4443,main,3
19111,1019111,rerun,1
19112,1019112,rerun,2
19114,1019114,rerun,2
19116,1019116,rerun,1
19122,4446,main,3
19127,4445,main,3
19128,4447,main,3
19129,4451,main,3
19132,4450,main,3
19135,4448,main,3
19140,4449,main,3
19142,1019142,rerun,1
19143,4452,main,3
19145,4453,main,3
19152,1019152,rerun,1
19153,4455,main,3
19159,4454,main,3
19160,4457,main,3
19166,4458,main,3
19167,1019167,rerun,2
19169,4460,main,3
19170,1019170,rerun,1
19171,4456,main,3
19172,4464,main,3
19173,1019173,rerun,2
19174,4461,main,3
19175,4459,main,3
19176,1019176,rerun,1
19179,4463,main,3
19182,4462,main,3
19187,4465,main,3
19190,1019190,rerun,2
19191,1019191,rerun,1
19194,1019194,rerun,1
19198,1019198,rerun,2
19204,4466,main,3
19209,1019209,rerun,2
19215,1019215,rerun,2
19218,4468,main,3
19227,4469,main,3
19229,1019229,rerun,1
19230,4467,main,3
19232,4470,main,3
19235,4471,main,3
19242,1019242,rerun,2
19245,1019245,rerun,2
19247,4480,main,3
19248,1019248,rerun,1
19249,1019249,rerun,1
19251,1019251,rerun,2
19253,4472,main,3
19258,4473,main,3
19259,4475,main,3
19260,4474,main,3
19261,4478,main,3
19262,4483,main,3
19265,4476,main,3
19266,1019266,rerun,2
19270,4477,main,3
19271,4481,main,3
19273,4479,main,3
19274,4482,main,3
19281,4485,main,3
19285,4484,main,3
19287,4491,main,3
19291,4493,main,3
19293,4488,main,3
19294,4487,main,3
19295,4486,main,3
19296,4489,main,3
19298,1019298,rerun,2
19300,4494,main,3
19301,4490,main,3
19304,1019304,rerun,2
19305,4492,main,3
19309,1019309,rerun,1
19311,1019311,rerun,2
19312,4496,main,3
19313,4495,main,3
19318,4497,main,3
19319,4500,main,3
19320,4501,main,3
19322,1019322,rerun,2
19326,4499,main,3
19327,4498,main,3
19331,4508,main,3
19333,4503,main,3
19334,4502,main,3
19335,1019335,rerun,2
19336,1019336,rerun,1
19338,1019338,rerun,2
19339,4506,main,3
19342,4507,main,3
19344,4505,main,3
19345,4504,main,3
19346,4512,main,3
19347,1019347,rerun,1
19348,1019348,rerun,1
19349,4510,main,3
19353,1019353,rerun,2
19354,1019354,rerun,2
19355,1019355,rerun,1
19358,1019358,rerun,2
19362,4509,main,3
19363,1019363,rerun,1
19364,1019364,rerun,2
19369,4511,main,3
19372,4516,main,3
19376,1019376,rerun,1
19379,4515,main,3
19384,4513,main,3
19385,1019385,rerun,2
19386,4514,main,3
19390,1019390,rerun,2
19392,1019392,rerun,1
19397,4517,main,3
19401,1019401,rerun,2
19402,4524,main,3
19404,4519,main,3
19408,1019408,rerun,1
19409,4520,main,3
19410,1019410,rerun,2
19411,4526,main,3
19413,4518,main,3
19414,4522,main,3
19422,4523,main,3
19424,4525,main,3
19425,4528,main,3
19426,4527,main,3
19427,4521,main,3
19430,4529,main,3
19436,4532,main,3
19439,4533,main,3
19440,1019440,rerun,2
19441,1019441,rerun,1
19443,4536,main,3
19445,4531,main,3
19447,4535,main,3
19450,4530,main,3
19454,1019454,rerun,2
19456,4538,main,3
19457,4534,main,3
19459,4537,main,3
19465,4543,main,3
19467,4539,main,3
19475,4548,main,3
19477,4540,main,3
19478,1019478,rerun,2
19480,4541,main,3
19482,1019482,rerun,2
19485,4542,main,3
19486,4545,main,3
19489,1019489,rerun,2
19491,1019491,rerun,1
19493,4544,main,3
19495,4551,main,3
19497,1019497,rerun,1
19499,4546,main,3
19503,4550,main,3
19504,4547,main,3
19507,4549,main,3
19509,1019509,rerun,1
19510,1019510,rerun,1
19511,1019511,rerun,2
19512,4557,main,3
19515,4554,main,3
19516,1019516,rerun,2
19517,4553,main,3
19518,1019518,rerun,1
19519,4552,main,3
19524,1019524,rerun,2
19525,4555,main,3
19530,4558,main,3
19535,4556,main,3
19536,1019536,rerun,2
19537,4560,main,3
19544,1019544,rerun,2
19545,4565,main,3
19547,4563,main,3
19549,4559,main,3
19552,4561,main,3
19554,4562,main,3
19557,4564,main,3
19564,4566,main,3
19566,4568,main,3
19567,4567,main,3
19568,1019568,rerun,2
19570,1019570,rerun,1
19574,1019574,rerun,1
19576,1019576,rerun,2
19577,4570,main,3
19578,4569,main,3
19580,4572,main,3
19587,4574,main,3
19588,1019588,rerun,1
19590,1019590,rerun,2
19591,4573,main,3
19592,1019592,rerun,2
19593,4571,main,3
19595,1019595,rerun,2
19597,1019597,rerun,2
19598,1019598,rerun,1
19600,1019600,rerun,2
19606,4575,main,3
19613,4577,main,3
19616,4576,main,3
19618,4578,main,3
19620,1019620,rerun,1
19623,4581,main,3
19624,1019624,rerun,1
19627,4579,main,3
19628,4580,main,3
19632,4582,main,3
19648,4586,main,3
19650,4589,main,3
19654,1019654,rerun,2
19656,1019656,rerun,2
19658,1019658,rerun,1
19659,4584,main,3
19660,4583,main,3
19669,4585,main,3
19670,4591,main,3
19671,4594,main,3
19672,1019672,rerun,1
19676,4592,main,3
19677,4595,main,3
19680,4587,main,3
19683,4593,main,3
19685,4588,main,3
19693,4590,main,3
19697,1019697,rerun,2
19702,4596,main,3
19703,1019703,rerun,1
19705,4600,main,3
19711,4601,main,3
19712,1019712,rerun,1
19716,4597,main,3
19718,4604,main,3
19719,4598,main,3
19720,4603,main,3
19723,1019723,rerun,2
19724,4599,main,3
19726,4602,main,3
19728,4608,main,3
19738,1019738,rerun,1
19739,4607,main,3
19748,4609,main,3
19751,4606,main,3
19753,4605,main,3
19754,1019754,rerun,1
19760,1019760,rerun,1
19761,1019761,rerun,2
19762,4611,main,3
19763,4610,main,3
19769,1019769,rerun,2
19774,4613,main,3
19777,1019777,rerun,1
19781,4612,main,3
19782,4614,main,3
19786,1019786,rerun,2
19789,4615,main,3
19794,1019794,rerun,2
19796,4617,main,3
19801,4619,main,3
19806,4618,main,3
19815,1019815,rerun,1
19816,4623,main,3
19820,1019820,rerun,1
19821,4616,main,3
19823,4622,main,3
19825,1019825,rerun,1
19827,1019827,rerun,2
19828,4620,main,3
19829,4621,main,3
19831,4624,main,3
19832,4632,main,3
19833,4625,main,3
19834,1019834,rerun,1
19836,1019836,rerun,2
19840,1019840,rerun,2
19842,4626,main,3
19844,1019844,rerun,1
19845,4630,main,3
19855,4627,main,3
19856,4628,main,3
19857,4629,main,3
19859,1019859,rerun,1
19863,4636,main,3
19864,4631,main,3
19871,1019871,rerun,2
19875,1019875,rerun,2
19880,1019880,rerun,2
19881,4638,main,3
19882,4635,main,3
19883,4633,main,3
19885,4634,main,3
19886,1019886,rerun,2
19887,4640,main,3
19894,4639,main,3
19895,4637,main,3
19896,1019896,rerun,2
19899,1019899,rerun,1
19900,1019900,rerun,2
19901,4641,main,3
19908,1019908,rerun,2
19910,4643,main,3
19912,4642,main,3
19921,4644,main,3
19924,4647,main,3
19927,4648,main,3
19928,4645,main,3
19930,4649,main,3
19932,4646,main,3
19940,1019940,rerun,2
19944,4650,main,3
19945,4656,main,3
19946,4652,main,3
19947,1019947,rerun,1
19948,1019948,rerun,2
19958,4651,main,3
19969,4653,main,3
19971,1019971,rerun,2
19973,4657,main,3
19974,4659,main,3
19976,4655,main,3
19977,1019977,rerun,2
19978,4654,main,3
19985,1019985,rerun,2
19987,1019987,rerun,2
19990,4661,main,3
19991,4658,main,3
19992,4662,main,3
19993,4663,main,3
19995,4660,main,3
19997,1019997,rerun,2
20004,4664,main,3
20007,4665,main,3
20009,4667,main,3
20014,4666,main,3
20024,4672,main,3
20025,4673,main,3
20026,1020026,rerun,2
20028,4668,main,3
20029,4675,main,3
20031,4671,main,3
20032,1020032,rerun,1
20034,4681,main,3
20039,4670,main,3
20042,4674,main,3
20047,1020047,rerun,1
20051,4676,main,3
20053,4679,main,3
20055,4669,main,3
20059,4677,main,3
20061,4678,main,3
20065,4680,main,3
20072,1020072,rerun,1
20074,1020074,rerun,1
20077,4682,main,3
20081,4683,main,3
20089,4684,main,3
20091,4685,main,3
20092,1020092,rerun,2
20093,1020093,rerun,1
20101,4689,main,3
20103,4686,main,3
20106,4691,main,3
20111,1020111,rerun,1
20112,4692,main,3
20113,4690,main,3
20114,1020114,rerun,2
20115,4687,main,3
20116,1020116,rerun,2
20119,4694,main,3
20120,4688,main,3
20126,4696,main,3
20135,4693,main,3
20137,4698,main,3
20138,4695,main,3
20140,4700,main,3
20143,1020143,rerun,1
20155,4697,main,3
20159,4699,main,3
20161,4702,main,3
20163,4703,main,3
20169,4701,main,3
20170,4705,main,3
20171,1020171,rerun,1
20174,4707,main,3
20179,4706,main,3
20181,4709,main,3
20187,4708,main,3
20188,4704,main,3
20196,4715,main,3
20199,4714,main,3
20200,1020200,rerun,2
20208,1020208,rerun,1
20210,4710,main,3
20211,1020211,rerun,2
20213,4716,main,3
20216,4712,main,3
20217,4718,main,3
20218,4711,main,3
20220,4717,main,3
20224,4713,main,3
20227,4719,main,3
20228,4722,main,3
20229,1020229,rerun,2
20231,4720,main,3
20232,4723,main,3
20235,1020235,rerun,2
20236,4725,main,3
20237,4721,main,3
20240,1020240,rerun,2
20247,4728,main,3
20250,4730,main,3
20251,4726,main,3
20252,4729,main,3
20254,4727,main,3
20255,1020255,rerun,2
20256,1020256,rerun,1
20257,4724,main,3
20260,4733,main,3
20262,4735,main,3
20263,4732,main,3
20264,4731,main,3
20272,4738,main,3
20274,4736,main,3
20277,4734,main,3
20280,4739,main,3
20288,4740,main,3
20289,1020289,rerun,1
20293,4737,main,3
20301,1020301,rerun,1
20305,4741,main,3
20311,4742,main,3
20312,4743,main,3
20313,1020313,rerun,2
20315,4746,main,3
20317,4744,main,3
20318,4747,main,3
20327,4749,main,3
20336,1020336,rerun,1
20337,4745,main,3
20340,4751,main,3
20341,4754,main,3
20344,4752,main,3
20345,4750,main,3
20348,4748,main,3
20351,1020351,rerun,1
20357,4757,main,3
20360,4759,main,3
20361,4753,main,3
20362,4755,main,3
20363,4756,main,3
20364,4758,main,3
20366,4760,main,3
20369,4765,main,3
20373,4761,main,3
20377,4762,main,3
20378,4763,main,3
20383,1020383,rerun,2
20384,4766,main,3
20388,1020388,rerun,2
20389,4764,main,3
20390,4768,main,3
20392,4767,main,3
20393,1020393,rerun,1
20397,4770,main,3
20399,4775,main,3
20400,4771,main,3
20402,4769,main,3
20408,4773,main,3
20412,4778,main,3
20415,4772,main,3
20417,4787,main,3
20422,4776,main,3
20425,4779,main,3
20426,1020426,rerun,2
20427,4777,main,3
20428,1020428,rerun,1
20432,4774,main,3
20436,4783,main,3
20438,1020438,rerun,1
20439,4780,main,3
20441,1020441,rerun,2
20442,1020442,rerun,2
20444,4782,main,3
20445,4781,main,3
20451,4784,main,3
20456,4785,main,3
20457,4786,main,3
20462,1020462,rerun,1
20463,4790,main,3
20470,4789,main,3
20476,1020476,rerun,2
20478,4788,main,3
20481,4791,main,3
20490,4799,main,3
20491,4793,main,3
20493,4792,main,3
20494,1020494,rerun,2
20496,4794,main,3
20505,4797,main,3
20506,1020506,rerun,2
20507,4795,main,3
20510,1020510,rerun,2
20513,4800,main,3
20517,4802,main,3
20518,4808,main,3
20519,4798,main,3
20521,4801,main,3
20524,4796,main,3
20525,4803,main,3
20526,4804,main,3
20531,1020531,rerun,1
20535,4806,main,3
20536,1020536,rerun,2
20538,4805,main,3
20547,4807,main,3
20549,4812,main,3
20550,1020550,rerun,1
20552,4813,main,3
20557,1020557,rerun,2
20558,4810,main,3
20559,1020559,rerun,1
20563,4811,main,3
20564,4809,main,3
20576,4815,main,3
20578,4821,main,3
20583,4819,main,3
20585,4814,main,3
20587,1020587,rerun,2
20588,4816,main,3
20589,4818,main,3
20594,4822,main,3
20595,1020595,rerun,1
20596,1020596,rerun,1
20597,4817,main,3
20600,1020600,rerun,1
20602,4820,main,3
20603,4823,main,3
20605,1020605,rerun,1
20606,1020606,rerun,2
20608,1020608,rerun,1
20609,4824,main,3
20610,4825,main,3
20611,1020611,rerun,2
20617,4828,main,3
20618,4826,main,3
20621,1020621,rerun,2
20624,4827,main,3
20625,4831,main,3
20628,4832,main,3
20629,4829,main,3
20630,1020630,rerun,1
20632,4836,main,3
20635,1020635,rerun,2
20636,4833,main,3
20637,4834,main,3
20641,4830,main,3
20646,4835,main,3
20648,4837,main,3
20649,1020649,rerun,1
20650,4842,main,3
20651,4843,main,3
20652,1020652,rerun,1
20654,4839,main,3
20660,1020660,rerun,1
20662,4841,main,3
20664,4838,main,3
20665,4846,main,3
20670,4840,main,3
20671,4847,main,3
20673,4844,main,3
20676,4845,main,3
20677,1020677,rerun,1
20680,4848,main,3
20684,4849,main,3
20685,1020685,rerun,2
20691,4850,main,3
20693,1020693,rerun,1
20697,4852,main,3
20698,1020698,rerun,1
20699,4855,main,3
20701,4853,main,3
20704,4851,main,3
20705,1020705,rerun,1
20707,1020707,rerun,2
20713,4856,main,3
20719,1020719,rerun,2
20721,4854,main,3
20723,1020723,rerun,1
20726,4858,main,3
20727,4860,main,3
20732,4859,main,3
20733,4857,main,3
20738,4864,main,3
20739,4862,main,3
20741,4861,main,3
20747,1020747,rerun,2
20754,1020754,rerun,1
20759,4874,main,3
20764,4868,main,3
20768,4863,main,3
20771,4866,main,3
20772,4865,main,3
20775,4870,main,3
20776,1020776,rerun,2
20780,1020780,rerun,1
20782,1020782,rerun,2
20783,4869,main,3
20787,4875,main,3
20788,4867,main,3
20789,1020789,rerun,2
20796,4871,main,3
20799,4872,main,3
20801,4877,main,3
20803,4873,main,3
20805,4876,main,3
20806,4878,main,3
20807,1020807,rerun,2
20813,4879,main,3
20816,4884,main,3
20817,4883,main,3
20819,4882,main,3
20821,4881,main,3
20822,4880,main,3
20829,4885,main,3
20834,1020834,rerun,2
20835,4888,main,3
20838,4887,main,3
20841,4886,main,3
20845,4890,main,3
20846,4889,main,3
20847,4894,main,3
20854,4891,main,3
20858,4892,main,3
20864,4895,main,3
20866,4897,main,3
20868,1020868,rerun,1
20870,1020870,rerun,1
20877,4893,main,3
20883,1020883,rerun,2
20884,1020884,rerun,2
20887,4903,main,3
20891,4904,main,3
20892,4896,main,3
20895,1020895,rerun,2
20904,4898,main,3
20908,1020908,rerun,2
20909,4901,main,3
20912,1020912,rerun,2
20913,4900,main,3
20914,4902,main,3
20919,4899,main,3
20920,1020920,rerun,2
20921,4907,main,3
20922,1020922,rerun,2
20924,4908,main,3
20928,1020928,rerun,2
20930,4906,main,3
20932,4909,main,3
20933,4905,main,3
20936,1020936,rerun,1
20951,1020951,rerun,1
20953,4914,main,3
20954,4910,main,3
20955,4913,main,3
20961,1020961,rerun,2
20968,4911,main,3
20970,4912,main,3
20971,4916,main,3
20977,4915,main,3
20978,4920,main,3
20980,4919,main,3
20983,4917,main,3
20984,1020984,rerun,2
20986,1020986,rerun,2
20988,4923,main,3
20999,4922,main,3
21004,4918,main,3
21006,1021006,rerun,2
21007,1021007,rerun,2
21008,1021008,rerun,2
21013,4921,main,3
21015,4924,main,3
21016,4925,main,3
21021,4926,main,3
21029,1021029,rerun,2
21036,4927,main,3
21037,1021037,rerun,2
21042,4928,main,3
21045,1021045,rerun,1
21048,4936,main,3
21049,4931,main,3
21052,4929,main,3
21053,4932,main,3
21054,1021054,rerun,2
21060,1021060,rerun,1
21062,4933,main,3
21065,4930,main,3
21066,1021066,rerun,1
21067,1021067,rerun,1
21069,4934,main,3
21075,4941,main,3
21080,1021080,rerun,1
21081,1021081,rerun,2
21083,4937,main,3
21084,1021084,rerun,1
21086,4935,main,3
21088,4938,main,3
21092,1021092,rerun,2
21093,4943,main,3
21095,1021095,rerun,1
21098,4939,main,3
21100,4942,main,3
21101,1021101,rerun,2
21102,4940,main,3
21108,4944,main,3
21111,4945,main,3
21117,4947,main,3
21123,4946,main,3
21124,4951,main,3
21136,4949,main,3
21137,4948,main,3
21139,4952,main,3
21144,4955,main,3
21145,4956,main,3
21146,4958,main,3
21148,1021148,rerun,2
21149,1021149,rerun,2
21151,4954,main,3
21152,1021152,rerun,1
21154,4953,main,3
21156,4957,main,3
21157,4950,main,3
21159,1021159,rerun,2
21166,1021166,rerun,2
21167,1021167,rerun,2
21169,1021169,rerun,1
21170,1021170,rerun,1
21174,1021174,rerun,1
21175,1021175,rerun,1
21178,1021178,rerun,1
21182,4962,main,3
21183,4961,main,3
21190,4959,main,3
21191,1021191,rerun,1
21198,1021198,rerun,2
21200,4960,main,3
21206,4969,main,3
21208,4963,main,3
21210,4964,main,3
21211,4965,main,3
21213,4967,main,3
21214,1021214,rerun,1
21223,4966,main,3
21224,4968,main,3
21226,1021226,rerun,1
21234,1021234,rerun,1
21235,4971,main,3
21236,4975,main,3
21242,1021242,rerun,2
21243,4973,main,3
21244,4972,main,3
21248,1021248,rerun,1
21249,4977,main,3
21251,1021251,rerun,2
21253,4970,main,3
21256,1021256,rerun,2
21259,4976,main,3
21262,4974,main,3
21264,4978,main,3
21269,4979,main,3
21272,1021272,rerun,1
21274,1021274,rerun,2
21280,4984,main,3
21281,4980,main,3
21288,1021288,rerun,2
21289,4988,main,3
21292,4983,main,3
21294,4982,main,3
21302,4985,main,3
21304,1021304,rerun,2
21307,4981,main,3
21310,4987,main,3
21313,1021313,rerun,1
21320,1021320,rerun,2
21321,4990,main,3
21325,1021325,rerun,2
21335,4992,main,3
21344,4986,main,3
21345,4991,main,3
21350,4989,main,3
21353,4998,main,3
21358,1021358,rerun,2
21359,4994,main,3
21364,1021364,rerun,2
21369,5000,main,3
21373,1021373,rerun,2
21375,4995,main,3
21382,4996,main,3
21385,4993,main,3
21389,1021389,rerun,1
21393,4999,main,3
21400,1021400,rerun,1
21402,1021402,rerun,2
21405,5008,main,3
21406,4997,main,3
21411,5002,main,3
21414,1021414,rerun,2
21416,1021416,rerun,1
21417,5006,main,3
21419,5004,main,3
21420,5003,main,3
21421,5001,main,3
21426,5005,main,3
21427,1021427,rerun,2
21433,1021433,rerun,1
21439,5007,main,3
21440,1021440,rerun,1
21443,1021443,rerun,2
21444,5010,main,3
21445,5009,main,3
21450,1021450,rerun,1
21451,5014,main,3
21453,5011,main,3
21456,5018,main,3
21459,5012,main,3
21460,5015,main,3
21462,1021462,rerun,2
21463,5013,main,3
21466,5020,main,3
21468,5016,main,3
21472,5017,main,3
21473,5019,main,3
21474,1021474,rerun,2
21477,1021477,rerun,2
21483,1021483,rerun,2
21485,1021485,rerun,1
21489,5024,main,3
21490,5021,main,3
21497,5022,main,3
21502,1021502,rerun,2
21503,1021503,rerun,1
21506,1021506,rerun,2
21507,5023,main,3
21511,5025,main,3
21512,5028,main,3
21513,5026,main,3
21514,1021514,rerun,1
21515,5030,main,3
21518,1021518,rerun,2
21519,5032,main,3
21522,1021522,rerun,1
21523,5029,main,3
21524,5027,main,3
21525,5031,main,3
21531,1021531,rerun,1
21537,1021537,rerun,1
21538,5034,main,3
21544,1021544,rerun,2
21547,5037,main,3
21548,5033,main,3
21549,5035,main,3
21554,1021554,rerun,2
21555,5036,main,3
21556,1021556,rerun,2
21558,1021558,rerun,2
21561,1021561,rerun,2
21562,5042,main,3
21565,1021565,rerun,2
21566,5038,main,3
21567,1021567,rerun,2
21569,5039,main,3
21570,1021570,rerun,2
21572,5040,main,3
21574,1021574,rerun,1
21575,5041,main,3
21576,5047,main,3
21579,5044,main,3
21580,1021580,rerun,1
21581,5043,main,3
21589,5046,main,3
21593,5045,main,3
21596,1021596,rerun,1
21601,1021601,rerun,1
21603,5053,main,3
21604,5048,main,3
21606,5049,main,3
21611,1021611,rerun,1
21617,5051,main,3
21620,5055,main,3
21621,5056,main,3
21623,5062,main,3
21625,5050,main,3
21627,5057,main,3
21629,5054,main,3
21630,5052,main,3
21631,1021631,rerun,2
21635,5060,main,3
21639,5061,main,3
21640,5059,main,3
21646,5058,main,3
21650,5063,main,3
21652,1021652,rerun,1
21653,1021653,rerun,1
21656,5066,main,3
21657,5069,main,3
21658,1021658,rerun,2
21659,5064,main,3
21663,5068,main,3
21666,5065,main,3
21667,5067,main,3
21668,1021668,rerun,1
21674,5070,main,3
21679,5071,main,3
21683,5074,main,3
21685,1021685,rerun,2
21686,5072,main,3
21687,1021687,rerun,1
21693,1021693,rerun,1
21695,5075,main,3
21696,5073,main,3
21704,1021704,rerun,2
21709,5080,main,3
21710,5078,main,3
21714,5076,main,3
21717,5079,main,3
21719,5081,main,3
21720,5084,main,3
21721,5082,main,3
21725,5077,main,3
21732,5083,main,3
21741,5086,main,3
21742,5085,main,3
21743,1021743,rerun,2
21746,1021746,rerun,2
21747,1021747,rerun,1
21749,1021749,rerun,1
21754,1021754,rerun,1
21755,1021755,rerun,1
21756,5087,main,3
21759,1021759,rerun,2
21762,1021762,rerun,1
21763,1021763,rerun,2
21768,1021768,rerun,1
21771,5088,main,3
21774,1021774,rerun,2
21777,5089,main,3
21778,5090,main,3
21780,1021780,rerun,2
21781,5092,main,3
21782,5093,main,3
21785,5100,main,3
21793,5091,main,3
21795,1021795,rerun,1
21798,1021798,rerun,1
21803,5094,main,3
21807,5097,main,3
21809,1021809,rerun,1
21813,5101,main,3
21814,5098,main,3
21815,5099,main,3
21818,5096,main,3
21820,5095,main,3
21822,1021822,rerun,1
21838,1021838,rerun,1
21839,1021839,rerun,2
21840,5102,main,3
21847,1021847,rerun,1
21852,1021852,rerun,2
21855,5103,main,3
21856,1021856,rerun,1
21857,1021857,rerun,2
21858,1021858,rerun,1
21861,1021861,rerun,1
21866,5108,main,3
21870,1021870,rerun,2
21871,5115,main,3
21878,1021878,rerun,1
21880,1021880,rerun,2
21881,5105,main,3
21882,5104,main,3
21884,1021884,rerun,1
21888,5112,main,3
21889,1021889,rerun,1
21891,5107,main,3
21892,5106,main,3
21893,5111,main,3
21900,5113,main,3
21901,5110,main,3
21902,1021902,rerun,2
21905,5118,main,3
21908,5114,main,3
21910,5119,main,3
21913,5109,main,3
21914,1021914,rerun,1
21916,5116,main,3
21917,5117,main,3
21921,5120,main,3
21924,1021924,rerun,2
21925,5121,main,3
21928,5122,main,3
21930,5123,main,3
21933,5132,main,3
21935,1021935,rerun,1
21937,5128,main,3
21940,5133,main,3
21941,5125,main,3
21943,5129,main,3
21947,5126,main,3
21948,5130,main,3
21950,5124,main,3
21954,5127,main,3
21955,5135,main,3
21958,1021958,rerun,1
21966,1021966,rerun,2
21968,5134,main,3
21975,5131,main,3
21981,5136,main,3
21985,5138,main,3
21990,5139,main,3
21997,5137,main,3
21999,5140,main,3
22002,1022002,rerun,2
22004,5141,main,3
22006,1022006,rerun,2
22010,5142,main,3
22013,5147,main,3
22017,5144,main,3
22019,5149,main,3
22021,5148,main,3
22023,5143,main,3
22024,5146,main,3
22027,1022027,rerun,1
22030,5151,main,3
22031,5145,main,3
22032,5150,main,3
22041,5153,main,3
22043,5152,main,3
22044,1022044,rerun,1
22046,5155,main,3
22049,1022049,rerun,1
22050,5154,main,3
22051,1022051,rerun,2
22054,5157,main,3
22057,5163,main,3
22058,5158,main,3
22059,5156,main,3
22061,5160,main,3
22065,5159,main,3
22066,1022066,rerun,2
22068,5161,main,3
22076,5166,main,3
22078,1022078,rerun,1
22083,5162,main,3
22084,1022084,rerun,2
22086,5170,main,3
22088,1022088,rerun,1
22091,5164,main,3
22097,5165,main,3
22100,5168,main,3
22101,1022101,rerun,1
22102,5169,main,3
22106,5167,main,3
22111,5172,main,3
22118,5175,main,3
22121,5171,main,3
22123,5173,main,3
22125,5174,main,3
22133,1022133,rerun,1
22138,5176,main,3
22139,1022139,rerun,1
22149,5180,main,3
22156,5177,main,3
22157,1022157,rerun,1
22159,5181,main,3
22164,5179,main,3
22165,5185,main,3
22171,1022171,rerun,2
22172,5178,main,3
22176,5190,main,3
22177,1022177,rerun,2
22181,5182,main,3
22185,5188,main,3
22189,5186,main,3
22191,1022191,rerun,1
22193,1022193,rerun,2
22194,5183,main,3
22195,1022195,rerun,1
22196,1022196,rerun,1
22197,5184,main,3
22202,1022202,rerun,1
22213,1022213,rerun,1
22214,5189,main,3
22215,1022215,rerun,2
22216,5187,main,3
22222,1022222,rerun,1
22223,1022223,rerun,2
22228,5192,main,3
22230,5191,main,3
22231,5196,main,3
22232,5193,main,3
22234,1022234,rerun,1
22237,5202,main,3
22238,5194,main,3
22239,1022239,rerun,2
22241,5198,main,3
22242,5199,main,3
22243,5201,main,3
22247,5195,main,3
22252,5203,main,3
22258,5200,main,3
22259,5197,main,3
22263,5204,main,3
22265,1022265,rerun,1
22268,5206,main,3
22270,1022270,rerun,2
22271,1022271,rerun,1
22272,1022272,rerun,2
22279,1022279,rerun,1
22284,1022284,rerun,1
22285,5208,main,3
22292,5207,main,3
22295,5211,main,3
22297,1022297,rerun,1
22298,5205,main,3
22299,5210,main,3
22302,1022302,rerun,1
22307,1022307,rerun,1
22309,5212,main,3
22315,5218,main,3
22316,5209,main,3
22321,1022321,rerun,1
22324,5213,main,3
22326,1022326,rerun,2
22329,1022329,rerun,1
22333,5216,main,3
22335,1022335,rerun,2
22344,1022344,rerun,1
22345,5217,main,3
22346,5215,main,3
22348,5231,main,3
22351,5219,main,3
22352,5220,main,3
22354,5221,main,3
22357,5214,main,3
22359,5224,main,3
22366,5222,main,3
22370,1022370,rerun,1
22374,1022374,rerun,2
22376,5227,main,3
22377,1022377,rerun,2
22378,1022378,rerun,2
22379,1022379,rerun,2
22383,1022383,rerun,1
22394,5223,main,3
22395,5225,main,3
22397,5228,main,3
22399,5229,main,3
22400,1022400,rerun,1
22401,1022401,rerun,2
22402,5226,main,3
22405,1022405,rerun,1
22408,1022408,rerun,1
22413,1022413,rerun,1
22416,5230,main,3
22418,5232,main,3
22422,5233,main,3
22426,5235,main,3
22428,5234,main,3
22433,5236,main,3
22438,5239,main,3
22441,1022441,rerun,2
22446,5238,main,3
22448,1022448,rerun,2
22450,5237,main,3
22452,1022452,rerun,2
22453,5240,main,3
22458,5242,main,3
22463,5245,main,3
22464,1022464,rerun,1
22470,5243,main,3
22474,5248,main,3
22476,5241,main,3
22482,5246,main,3
22484,5244,main,3
22485,1022485,rerun,2
22491,5249,main,3
22492,5247,main,3
22495,1022495,rerun,2
22498,1022498,rerun,2
22503,5250,main,3
22506,5254,main,3
22510,5253,main,3
22512,1022512,rerun,2
22514,5252,main,3
22516,1022516,rerun,2
22517,5251,main,3
22526,5256,main,3
22527,5255,main,3
22528,5260,main,3
22532,5258,main,3
22536,1022536,rerun,1
22537,5259,main,3
22539,5257,main,3
22546,1022546,rerun,2
22550,1022550,rerun,1
22552,5262,main,3
22553,5261,main,3
22556,1022556,rerun,2
22558,1022558,rerun,2
22563,5265,main,3
22565,5264,main,3
22567,5263,main,3
22568,1022568,rerun,2
22573,5267,main,3
22574,5266,main,3
22577,5270,main,3
22578,1022578,rerun,2
22580,5269,main,3
22581,5268,main,3
22587,5272,main,3
22591,5273,main,3
22595,5275,main,3
22596,1022596,rerun,2
22599,5271,main,3
22602,5278,main,3
22603,1022603,rerun,1
22604,5279,main,3
22608,1022608,rerun,2
22609,5280,main,3
22610,5274,main,3
22617,1022617,rerun,2
22618,5276,main,3
22622,5277,main,3
22629,5281,main,3
22631,1022631,rerun,1
22634,5282,main,3
22635,5283,main,3
22636,1022636,rerun,1
22637,1022637,rerun,1
22639,1022639,rerun,2
22644,1022644,rerun,1
22647,5284,main,3
22648,5289,main,3
22653,5287,main,3
22654,5286,main,3
22657,5291,main,3
22665,5288,main,3
22667,5285,main,3
22671,1022671,rerun,1
22673,5294,main,3
22676,1022676,rerun,1
22679,5293,main,3
22681,1022681,rerun,1
22685,5290,main,3
22688,5292,main,3
22689,5296,main,3
22693,1022693,rerun,2
22700,5295,main,3
22704,5297,main,3
22707,5298,main,3
22709,5299,main,3
22722,1022722,rerun,2
22724,5301,main,3
22729,5300,main,3
22730,5303,main,3
22733,5302,main,3
22737,5308,main,3
22740,5304,main,3
22741,5310,main,3
22743,1022743,rerun,1
22744,5306,main,3
22746,5307,main,3
22749,5305,main,3
22750,5309,main,3
22754,5311,main,3
22757,5312,main,3
22759,5314,main,3
22763,5315,main,3
22765,1022765,rerun,1
22766,5316,main,3
22767,5317,main,3
22772,5313,main,3
22775,1022775,rerun,2
22779,1022779,rerun,2
22782,5325,main,3
22784,1022784,rerun,1
22787,5318,main,3
22788,5319,main,3
22789,5323,main,3
22792,1022792,rerun,1
22795,1022795,rerun,2
22797,5320,main,3
22800,5322,main,3
22805,5321,main,3
22806,1022806,rerun,1
22807,1022807,rerun,1
22810,1022810,rerun,2
22813,5326,main,3
22826,5333,main,3
22827,5332,main,3
22828,5327,main,3
22829,5324,main,3
22830,5328,main,3
22831,5331,main,3
22835,1022835,rerun,1
22838,5336,main,3
22839,5330,main,3
22840,5329,main,3
22847,5334,main,3
22853,5335,main,3
22854,5338,main,3
22856,5339,main,3
22859,5337,main,3
22862,5341,main,3
22863,5340,main,3
22868,1022868,rerun,1
22872,1022872,rerun,2
22875,5342,main,3
22882,5345,main,3
22885,5343,main,3
22888,1022888,rerun,1
22892,1022892,rerun,2
22894,5348,main,3
22896,5344,main,3
22897,1022897,rerun,2
22899,5347,main,3
22904,5346,main,3
22909,5350,main,3
22912,5354,main,3
22922,1022922,rerun,1
22925,1022925,rerun,1
22928,1022928,rerun,2
22931,5351,main,3
22934,5355,main,3
22935,5352,main,3
22937,5349,main,3
22938,5353,main,3
22941,5358,main,3
22943,5360,main,3
22946,5357,main,3
22947,1022947,rerun,2
22949,5356,main,3
22951,5359,main,3
22959,1022959,rerun,1
22961,1022961,rerun,2
22964,1022964,rerun,1
22969,5361,main,3
22970,1022970,rerun,1
22971,5364,main,3
22974,1022974,rerun,1
22976,5362,main,3
22980,5369,main,3
22982,1022982,rerun,1
22989,5365,main,3
22990,1022990,rerun,1
22992,5368,main,3
22993,1022993,rerun,1
22995,5367,main,3
22997,1022997,rerun,1
23001,5366,main,3
23002,5363,main,3
23004,1023004,rerun,2
23006,1023006,rerun,2
23009,1023009,rerun,1
23012,5374,main,3
23016,5373,main,3
23017,5370,main,3
23018,5372,main,3
23021,5378,main,3
23030,1023030,rerun,1
23034,5371,main,3
23036,5377,main,3
23037,1023037,rerun,1
23042,1023042,rerun,1
23043,1023043,rerun,1
23044,1023044,rerun,2
23047,5376,main,3
23050,5375,main,3
23053,5380,main,3
23054,5379,main,3
23059,1023059,rerun,1
23061,5385,main,3
23062,1023062,rerun,1
23063,5382,main,3
23067,5384,main,3
23071,5381,main,3
23073,5386,main,3
23075,5383,main,3
23077,5388,main,3
23078,1023078,rerun,1
23081,1023081,rerun,1
23082,1023082,rerun,2
23084,5387,main,3
23087,5390,main,3
23089,5395,main,3
23091,1023091,rerun,1
23092,5389,main,3
23093,5392,main,3
23095,1023095,rerun,2
23098,5391,main,3
23115,5393,main,3
23119,1023119,rerun,2
23123,5397,main,3
23127,5394,main,3
23129,1023129,rerun,1
23130,1023130,rerun,2
23134,1023134,rerun,2
23137,1023137,rerun,2
23138,1023138,rerun,1
23139,1023139,rerun,1
23142,5398,main,3
23144,1023144,rerun,1
23150,5400,main,3
23157,5396,main,3
23169,1023169,rerun,2
23170,5404,main,3
23173,1023173,rerun,1
23174,1023174,rerun,2
23175,5399,main,3
23177,5406,main,3
23180,5401,main,3
23183,5411,main,3
23184,1023184,rerun,2
23187,5402,main,3
23188,5410,main,3
23192,5403,main,3
23193,5408,main,3
23194,5407,main,3
23195,5409,main,3
23197,5405,main,3
23199,5416,main,3
23200,5417,main,3
23202,5413,main,3
23204,5415,main,3
23205,5412,main,3
23206,5414,main,3
23208,5418,main,3
23209,1023209,rerun,1
23210,5422,main,3
23212,5419,main,3
23216,5425,main,3
23217,5421,main,3
23219,5420,main,3
23221,1023221,rerun,2
23227,1023227,rerun,2
23230,5423,main,3
23231,5427,main,3
23234,1023234,rerun,2
23239,5424,main,3
23244,1023244,rerun,2
23246,5426,main,3
23247,5436,main,3
23248,1023248,rerun,1
23249,1023249,rerun,1
23251,1023251,rerun,1
23252,1023252,rerun,2
23258,5429,main,3
23260,5431,main,3
23261,1023261,rerun,1
23262,1023262,rerun,1
23263,1023263,rerun,2
23267,5433,main,3
23269,1023269,rerun,2
23270,5430,main,3
23274,5434,main,3
23276,5435,main,3
23278,5428,main,3
23284,5432,main,3
23286,1023286,rerun,2
23288,5438,main,3
23289,5440,main,3
23290,5441,main,3
23291,5437,main,3
23292,5439,main,3
23294,1023294,rerun,2
23299,5442,main,3
23307,5443,main,3
23311,5446,main,3
23312,1023312,rerun,2
23317,5445,main,3
23319,5449,main,3
23320,1023320,rerun,1
23321,5444,main,3
23322,5447,main,3
23327,5448,main,3
23328,5450,main,3
23332,5454,main,3
23333,1023333,rerun,1
23335,5451,main,3
23344,5459,main,3
23346,1023346,rerun,1
23347,5460,main,3
23348,5457,main,3
23349,5453,main,3
23350,5452,main,3
23354,5456,main,3
23359,1023359,rerun,1
23364,5458,main,3
23365,5455,main,3
23366,1023366,rerun,2
23370,5461,main,3
23372,1023372,rerun,2
23373,5462,main,3
23376,5466,main,3
23378,5464,main,3
23379,1023379,rerun,1
23380,5465,main,3
23381,5467,main,3
23388,5463,main,3
23395,5472,main,3
23396,1023396,rerun,2
23400,1023400,rerun,1
23404,5469,main,3
23405,1023405,rerun,1
23407,1023407,rerun,2
23409,5468,main,3
23412,1023412,rerun,2
23414,5470,main,3
23418,5473,main,3
23421,5471,main,3
23422,5474,main,3
23425,1023425,rerun,2
23431,5475,main,3
23433,5479,main,3
23434,1023434,rerun,1
23438,5476,main,3
23439,5477,main,3
23441,5478,main,3
23442,1023442,rerun,1
23446,1023446,rerun,2
23449,1023449,rerun,2
23452,1023452,rerun,1
23454,5482,main,3
23455,5487,main,3
23457,5481,main,3
23458,5480,main,3
23462,5483,main,3
23466,5484,main,3
23469,5485,main,3
23476,5486,main,3
23480,1023480,rerun,2
23482,5490,main,3
23484,5491,main,3
23490,5488,main,3
23491,5492,main,3
23492,5489,main,3
23494,5495,main,3
23497,5493,main,3
23506,1023506,rerun,2
23508,5496,main,3
23509,5497,main,3
23513,1023513,rerun,1
23515,5494,main,3
23520,5499,main,3
23522,5500,main,3
23526,1023526,rerun,2
23527,5501,main,3
23528,5505,main,3
23530,5502,main,3
23533,5498,main,3
23534,1023534,rerun,2
23536,5503,main,3
23538,1023538,rerun,1
23539,5504,main,3
23541,1023541,rerun,2
23545,1023545,rerun,2
23548,5506,main,3
23551,1023551,rerun,2
23552,5509,main,3
23558,5507,main,3
23560,5508,main,3
23561,1023561,rerun,2
23562,5511,main,3
23572,1023572,rerun,2
23573,1023573,rerun,1
23574,5510,main,3
23575,1023575,rerun,2
23576,5513,main,3
23577,5512,main,3
23582,5518,main,3
23587,5514,main,3
23590,5515,main,3
23592,5516,main,3
23593,5517,main,3
23597,1023597,rerun,1
23598,1023598,rerun,1
23599,5521,main,3
23603,5519,main,3
23608,5524,main,3
23609,1023609,rerun,1
23611,5523,main,3
23612,5522,main,3
23613,1023613,rerun,2
23615,5520,main,3
23617,5532,main,3
23622,5526,main,3
23623,5525,main,3
23627,5528,main,3
23631,5527,main,3
23634,5533,main,3
23638,5530,main,3
23640,5531,main,3
23646,5529,main,3
23647,1023647,rerun,2
23657,1023657,rerun,2
23660,5534,main,3
23662,5536,main,3
23665,1023665,rerun,1
23670,1023670,rerun,1
23671,5540,main,3
23676,5539,main,3
23677,1023677,rerun,1
23678,1023678,rerun,1
23681,5535,main,3
23687,5538,main,3
23691,5537,main,3
23694,1023694,rerun,2
23698,5544,main,3
23699,5547,main,3
23701,5543,main,3
23702,5541,main,3
23703,5549,main,3
23706,5546,main,3
23709,5550,main,3
23713,5548,main,3
23714,5545,main,3
23718,5552,main,3
23719,5542,main,3
23720,1023720,rerun,2
23724,5551,main,3
23729,5553,main,3
23731,1023731,rerun,1
23732,1023732,rerun,1
23733,5554,main,3
23734,5555,main,3
23736,1023736,rerun,2
23737,5556,main,3
23738,5557,main,3
23739,1023739,rerun,1
23744,5558,main,3
23748,1023748,rerun,2
23755,5559,main,3
23756,1023756,rerun,2
23763,1023763,rerun,1
23767,5561,main,3
23769,5560,main,3
23776,1023776,rerun,2
23778,5566,main,3
23780,1023780,rerun,2
23791,1023791,rerun,2
23792,5567,main,3
23793,1023793,rerun,1
23796,5562,main,3
23797,5564,main,3
23800,1023800,rerun,1
23801,1023801,rerun,2
23802,5563,main,3
23804,5565,main,3
23805,1023805,rerun,2
23806,5569,main,3
23812,5575,main,3
23817,5573,main,3
23818,5568,main,3
23819,1023819,rerun,2
23820,5571,main,3
23822,5579,main,3
23823,5578,main,3
23825,1023825,rerun,1
23827,5576,main,3
23828,5570,main,3
23829,5574,main,3
23830,5572,main,3
23831,5577,main,3
23835,5580,main,3
23838,5582,main,3
23840,1023840,rerun,1
23845,1023845,rerun,1
23851,5581,main,3
23855,5584,main,3
23856,5583,main,3
23859,1023859,rerun,1
23860,5589,main,3
23865,1023865,rerun,1
23866,1023866,rerun,2
23867,5591,main,3
23868,5593,main,3
23870,5586,main,3
23872,5588,main,3
23874,5590,main,3
23875,1023875,rerun,1
23878,5585,main,3
23879,5594,main,3
23880,1023880,rerun,2
23881,1023881,rerun,1
23883,1023883,rerun,2
23884,5595,main,3
23891,5587,main,3
23893,5592,main,3
23894,5596,main,3
23896,5598,main,3
23898,5597,main,3
23900,5602,main,3
23901,5599,main,3
23906,1023906,rerun,1
23911,1023911,rerun,1
23914,5605,main,3
23915,1023915,rerun,2
23916,5606,main,3
23918,5603,main,3
23920,5600,main,3
23926,1023926,rerun,2
23928,1023928,rerun,1
23930,5601,main,3
23932,5604,main,3
23938,5610,main,3
23940,5611,main,3
23943,1023943,rerun,1
23944,5612,main,3
23945,5608,main,3
23946,1023946,rerun,2
23947,5609,main,3
23948,5607,main,3
23949,5613,main,3
23952,1023952,rerun,1
23957,1023957,rerun,2
23958,1023958,rerun,2
23959,5615,main,3
23960,5614,main,3
23961,5618,main,3
23970,1023970,rerun,2
23971,1023971,rerun,1
23973,1023973,rerun,1
23975,5616,main,3
23976,5619,main,3
23977,5617,main,3
23978,1023978,rerun,2
23986,5620,main,3
23988,5623,main,3
23992,5621,main,3
23994,5624,main,3
24004,5625,main,3
24008,5622,main,3
24015,5626,main,3
24017,5628,main,3
24018,1024018,rerun,1
24022,5627,main,3
24023,1024023,rerun,1
24027,5632,main,3
24032,1024032,rerun,1
24037,5634,main,3
24044,1024044,rerun,2
24045,5629,main,3
24046,1024046,rerun,2
24049,1024049,rerun,1
24052,5635,main,3
24053,5631,main,3
24054,5630,main,3
24057,1024057,rerun,1
24058,5639,main,3
24059,1024059,rerun,2
24061,5633,main,3
24063,1024063,rerun,2
24064,5638,main,3
24068,5636,main,3
24071,5641,main,3
24075,5637,main,3
24080,1024080,rerun,1
24081,5640,main,3
24086,5648,main,3
24087,5645,main,3
24088,5646,main,3
24089,5644,main,3
24092,1024092,rerun,2
24093,5643,main,3
24094,5642,main,3
24099,1024099,rerun,2
24100,1024100,rerun,1
24103,5647,main,3
24105,5651,main,3
24107,5650,main,3
24109,5655,main,3
24110,5653,main,3
24114,5654,main,3
24116,5652,main,3
24122,5649,main,3
24129,5657,main,3
24130,5656,main,3
24132,5661,main,3
24133,1024133,rerun,1
24138,5659,main,3
24142,5658,main,3
24145,5665,main,3
24146,5662,main,3
24147,5663,main,3
24149,5666,main,3
24152,5660,main,3
24155,5664,main,3
24156,5667,main,3
24160,5668,main,3
24161,1024161,rerun,2
24163,5670,main,3
24167,1024167,rerun,1
24169,1024169,rerun,1
24170,5669,main,3
24178,5672,main,3
24179,5673,main,3
24180,5671,main,3
24181,5682,main,3
24182,5674,main,3
24184,5677,main,3
24190,1024190,rerun,2
24191,5675,main,3
24197,5681,main,3
24199,5676,main,3
24204,5678,main,3
24205,5679,main,3
24206,1024206,rerun,1
24207,1024207,rerun,2
24210,1024210,rerun,1
24211,5680,main,3
24212,5685,main,3
24213,5684,main,3
24221,5688,main,3
24223,1024223,rerun,2
24229,5691,main,3
24231,5686,main,3
24232,5687,main,3
24233,5683,main,3
24235,1024235,rerun,2
24236,5692,main,3
24237,5689,main,3
24238,1024238,rerun,2
24244,5690,main,3
24253,1024253,rerun,2
24255,5695,main,3
24257,5693,main,3
24258,5694,main,3
24261,5696,main,3
24267,1024267,rerun,2
24268,5701,main,3
24271,5699,main,3
24276,1024276,rerun,2
24277,5698,main,3
24280,5697,main,3
24281,5700,main,3
24285,5704,main,3
24287,5705,main,3
24294,5702,main,3
24297,5707,main,3
24300,5703,main,3
24303,5708,main,3
24306,5706,main,3
24308,5709,main,3
24313,5710,main,3
24316,1024316,rerun,2
24319,1024319,rerun,2
24321,5711,main,3
24326,5712,main,3
24327,1024327,rerun,2
24329,5716,main,3
24337,1024337,rerun,2
24339,5713,main,3
24346,5717,main,3
24349,5714,main,3
24351,5720,main,3
24353,1024353,rerun,2
24354,1024354,rerun,2
24355,5715,main,3
24361,1024361,rerun,1
24364,5722,main,3
24365,5719,main,3
24369,1024369,rerun,1
24379,5718,main,3
24382,1024382,rerun,1
24385,1024385,rerun,2
24387,1024387,rerun,2
24393,1024393,rerun,1
24400,5721,main,3
24402,5727,main,3
24404,1024404,rerun,1
24407,1024407,rerun,1
24408,5729,main,3
24410,5723,main,3
24411,1024411,rerun,2
24414,5724,main,3
24417,5726,main,3
24422,5730,main,3
24423,1024423,rerun,2
24426,5725,main,3
24427,5734,main,3
24429,5732,main,3
24434,1024434,rerun,2
24436,5728,main,3
24439,5731,main,3
24449,5741,main,3
24451,5733,main,3
24453,1024453,rerun,2
24456,5737,main,3
24457,1024457,rerun,1
24458,5735,main,3
24459,5739,main,3
24462,5736,main,3
24463,5740,main,3
24466,1024466,rerun,1
24467,1024467,rerun,1
24469,5738,main,3
24473,1024473,rerun,1
24474,5742,main,3
24475,1024475,rerun,2
24477,5744,main,3
24482,5746,main,3
24483,1024483,rerun,2
24488,5747,main,3
24489,5745,main,3
24491,5743,main,3
24493,1024493,rerun,2
24495,5748,main,3
24497,5749,main,3
24499,1024499,rerun,1
24505,1024505,rerun,2
24506,5750,main,3
24511,5751,main,3
24515,1024515,rerun,2
24516,5755,main,3
24517,1024517,rerun,1
24519,1024519,rerun,2
24523,5756,main,3
24529,5752,main,3
24532,5753,main,3
24533,5754,main,3
24537,1024537,rerun,1
24542,5758,main,3
24547,1024547,rerun,1
24549,5757,main,3
24551,5762,main,3
24558,5759,main,3
24564,5761,main,3
24565,5760,main,3
24570,1024570,rerun,2
24574,5763,main,3
24575,1024575,rerun,1
24576,5764,main,3
24580,5766,main,3
24586,5765,main,3
24588,1024588,rerun,2
24589,1024589,rerun,1
24590,5767,main,3
24591,5770,main,3
24594,5773,main,3
24595,1024595,rerun,2
24596,1024596,rerun,2
24599,5771,main,3
24602,5769,main,3
24605,1024605,rerun,1
24606,5768,main,3
24607,5772,main,3
24609,1024609,rerun,1
24614,5777,main,3
24615,5774,main,3
24619,1024619,rerun,1
24621,5778,main,3
24623,1024623,rerun,1
24625,5776,main,3
24626,5775,main,3
24628,1024628,rerun,2
24631,1024631,rerun,2
24633,5783,main,3
24639,1024639,rerun,1
24641,1024641,rerun,2
24642,5780,main,3
24643,5782,main,3
24644,5784,main,3
24645,5779,main,3
24646,1024646,rerun,1
24647,5781,main,3
24649,1024649,rerun,1
24652,1024652,rerun,2
24654,5790,main,3
24656,5785,main,3
24657,5786,main,3
24658,1024658,rerun,2
24659,5788,main,3
24661,5787,main,3
24675,5789,main,3
24676,1024676,rerun,2
24679,5792,main,3
24686,5791,main,3
24688,5793,main,3
24690,1024690,rerun,1
24691,1024691,rerun,2
24694,1024694,rerun,2
24695,1024695,rerun,1
24697,5795,main,3
24699,1024699,rerun,2
24704,5798,main,3
24707,5794,main,3
24710,1024710,rerun,2
24718,5797,main,3
24721,1024721,rerun,2
24723,1024723,rerun,2
24726,5796,main,3
24741,1024741,rerun,1
24747,5801,main,3
24756,5799,main,3
24758,5802,main,3
24761,1024761,rerun,2
24765,5800,main,3
24773,5803,main,3
24774,1024774,rerun,1
24775,1024775,rerun,1
24778,1024778,rerun,1
24781,5804,main,3
24782,5805,main,3
24785,1024785,rerun,1
24787,1024787,rerun,2
24789,5806,main,3
24793,1024793,rerun,1
24795,1024795,rerun,1
24796,1024796,rerun,2
24797,5807,main,3
24798,1024798,rerun,2
24800,5808,main,3
24805,1024805,rerun,1
24806,5810,main,3
24810,5813,main,3
24817,5811,main,3
24820,1024820,rerun,2
24821,5812,main,3
24822,1024822,rerun,2
24824,5809,main,3
24828,1024828,rerun,2
24830,5814,main,3
24835,5816,main,3
24837,5815,main,3
24848,5820,main,3
24851,1024851,rerun,2
24854,5818,main,3
24857,5817,main,3
24858,5821,main,3
24863,5824,main,3
24866,5822,main,3
24867,1024867,rerun,1
24871,5827,main,3
24873,5819,main,3
24875,1024875,rerun,2
24876,5826,main,3
24879,5825,main,3
24880,5830,main,3
24881,1024881,rerun,2
24883,5828,main,3
24884,5823,main,3
24886,5834,main,3
24887,1024887,rerun,1
24888,5829,main,3
24890,5833,main,3
24892,5837,main,3
24895,5831,main,3
24897,5832,main,3
24899,1024899,rerun,2
24900,5836,main,3
24901,5835,main,3
24905,5839,main,3
24906,5840,main,3
24910,5841,main,3
24918,1024918,rerun,1
24922,5858,main,3
24923,1024923,rerun,1
24927,1024927,rerun,1
24932,5842,main,3
24933,1024933,rerun,2
24935,5843,main,3
24936,5838,main,3
24937,5853,main,3
24941,5845,main,3
24942,1024942,rerun,2
24943,5846,main,3
24944,1024944,rerun,1
24945,1024945,rerun,1
24946,1024946,rerun,1
24948,5844,main,3
24950,5848,main,3
24955,5847,main,3
24957,1024957,rerun,1
24960,1024960,rerun,1
24967,1024967,rerun,2
24969,1024969,rerun,2
24971,5852,main,3
24972,5855,main,3
24973,1024973,rerun,2
24974,5849,main,3
24976,5850,main,3
24980,1024980,rerun,2
24982,5856,main,3
24983,5851,main,3
24984,5854,main,3
24991,5859,main,3
24994,1024994,rerun,2
24998,5857,main,3
24999,5860,main,3
25000,5862,main,3
25001,1025001,rerun,2
25002,5863,main,3
25005,1025005,rerun,1
25006,5865,main,3
25007,5864,main,3
25009,1025009,rerun,1
25011,5861,main,3
25017,5866,main,3
25019,5870,main,3
25025,5871,main,3
25026,5867,main,3
25030,5869,main,3
25033,5868,main,3
25035,1025035,rerun,2
25039,5874,main,3
25043,5875,main,3
25044,1025044,rerun,1
25046,5876,main,3
25049,5872,main,3
25050,5873,main,3
25052,5882,main,3
25062,5880,main,3
25064,5879,main,3
25068,1025068,rerun,1
25069,5877,main,3
25073,5878,main,3
25076,1025076,rerun,2
25078,1025078,rerun,1
25079,1025079,rerun,2
25080,5881,main,3
25082,1025082,rerun,1
25083,5883,main,3
25084,5884,main,3
25087,5885,main,3
25093,1025093,rerun,2
25098,1025098,rerun,1
25099,1025099,rerun,1
25101,5886,main,3
25102,1025102,rerun,1
25104,1025104,rerun,2
25105,1025105,rerun,1
25106,5892,main,3
25111,1025111,rerun,2
25112,1025112,rerun,2
25113,1025113,rerun,2
25114,1025114,rerun,2
25115,5891,main,3
25117,1025117,rerun,2
25120,5887,main,3
25121,1025121,rerun,2
25124,5888,main,3
25125,1025125,rerun,2
25128,5890,main,3
25130,5893,main,3
25133,5894,main,3
25135,5902,main,3
25136,5889,main,3
25142,1025142,rerun,1
25143,5895,main,3
25145,1025145,rerun,2
25151,5899,main,3
25155,5908,main,3
25161,5896,main,3
25162,5900,main,3
25163,5897,main,3
25167,5898,main,3
25169,1025169,rerun,1
25171,1025171,rerun,1
25172,5903,main,3
25174,5901,main,3
25179,5905,main,3
25182,5904,main,3
25188,1025188,rerun,2
25189,5906,main,3
25191,5907,main,3
25205,5910,main,3
25212,1025212,rerun,1
25215,5909,main,3
25219,1025219,rerun,2
25221,5912,main,3
25227,1025227,rerun,2
25231,5911,main,3
25239,5916,main,3
25245,5914,main,3
25246,5917,main,3
25248,1025248,rerun,2
25249,1025249,rerun,2
25250,1025250,rerun,2
25251,5913,main,3
25255,5919,main,3
25256,1025256,rerun,2
25258,5920,main,3
25260,5915,main,3
25261,1025261,rerun,1
25266,1025266,rerun,1
25270,5922,main,3
25278,5918,main,3
25280,5923,main,3
25281,1025281,rerun,2
25282,5921,main,3
25287,1025287,rerun,1
25289,5924,main,3
25290,5925,main,3
25301,1025301,rerun,2
25303,5928,main,3
25305,5926,main,3
25310,5929,main,3
25311,5931,main,3
25314,5930,main,3
25315,5927,main,3
25322,5935,main,3
25323,1025323,rerun,1
25324,5936,main,3
25327,5932,main,3
25329,5938,main,3
25334,5933,main,3
25344,5942,main,3
25345,5939,main,3
25348,5937,main,3
25349,5941,main,3
25351,5934,main,3
25353,5940,main,3
25354,1025354,rerun,1
25356,5943,main,3
25360,1025360,rerun,2
25366,5944,main,3
25375,5945,main,3
25380,5952,main,3
25382,1025382,rerun,1
25383,5946,main,3
25388,5949,main,3
25389,5948,main,3
25392,5947,main,3
25395,1025395,rerun,2
25400,5950,main,3
25408,1025408,rerun,2
25410,5954,main,3
25412,1025412,rerun,1
25414,5953,main,3
25416,5959,main,3
25417,5951,main,3
25422,5955,main,3
25425,5958,main,3
25429,5956,main,3
25430,5965,main,3
25432,1025432,rerun,2
25439,1025439,rerun,2
25442,1025442,rerun,1
25444,1025444,rerun,1
25445,5962,main,3
25448,5957,main,3
25449,5961,main,3
25452,5960,main,3
25453,1025453,rerun,2
25456,5963,main,3
25458,1025458,rerun,2
25459,5964,main,3
25460,1025460,rerun,2
25466,1025466,rerun,2
25468,1025468,rerun,1
25469,1025469,rerun,2
25474,5968,main,3
25475,5967,main,3
25476,5966,main,3
25478,5972,main,3
25487,5969,main,3
25490,5971,main,3
25491,5970,main,3
25493,5973,main,3
25495,5975,main,3
25499,5977,main,3
25501,1025501,rerun,1
25503,1025503,rerun,1
25505,1025505,rerun,2
25507,1025507,rerun,1
25514,5978,main,3
25516,5974,main,3
25518,5976,main,3
25519,1025519,rerun,2
25521,5979,main,3
25522,1025522,rerun,1
25523,5981,main,3
25525,1025525,rerun,2
25526,5982,main,3
25533,5980,main,3
25534,5983,main,3
25537,1025537,rerun,1
25540,5984,main,3
25541,5985,main,3
25545,5986,main,3
25547,1025547,rerun,2
25549,5988,main,3
25553,5987,main,3
25554,1025554,rerun,1
25555,1025555,rerun,1
25556,5991,main,3
25557,5989,main,3
25558,1025558,rerun,2
25564,5990,main,3
25565,5994,main,3
25566,5995,main,3
25576,5996,main,3
25577,5993,main,3
25582,5992,main,3
25585,6000,main,3
25588,1025588,rerun,1
25594,5999,main,3
25595,6003,main,3
25598,1025598,rerun,1
25599,1025599,rerun,1
25601,5997,main,3
25602,5998,main,3
25607,6008,main,3
25614,6007,main,3
25615,6002,main,3
25617,6005,main,3
25618,6001,main,3
25623,6004,main,3
25633,1025633,rerun,1
25634,6011,main,3
25637,6006,main,3
25639,6010,main,3
25640,6012,main,3
25641,1025641,rerun,1
25642,6009,main,3
25643,1025643,rerun,2
25646,1025646,rerun,2
25648,6016,main,3
25649,1025649,rerun,1
25650,6013,main,3
25651,1025651,rerun,1
25654,6018,main,3
25655,6014,main,3
25657,6019,main,3
25658,1025658,rerun,1
25659,6017,main,3
25667,6021,main,3
25669,6015,main,3
25673,6024,main,3
25675,6023,main,3
25681,6020,main,3
25683,6022,main,3
25686,1025686,rerun,2
25687,6026,main,3
25688,6025,main,3
25689,6027,main,3
25695,1025695,rerun,2
25697,1025697,rerun,1
25700,6034,main,3
25702,6028,main,3
25703,6032,main,3
25704,6030,main,3
25705,1025705,rerun,1
25707,6035,main,3
25712,6037,main,3
25714,6029,main,3
25715,1025715,rerun,1
25718,6036,main,3
25719,6031,main,3
25720,1025720,rerun,1
25721,6033,main,3
25722,6038,main,3
25724,6043,main,3
25726,6040,main,3
25727,6042,main,3
25730,6046,main,3
25732,6041,main,3
25733,6039,main,3
25735,6044,main,3
25736,1025736,rerun,2
25737,1025737,rerun,2
25747,6045,main,3
25750,6048,main,3
25754,6047,main,3
25759,6049,main,3
25763,6051,main,3
25769,6054,main,3
25775,6050,main,3
25776,6052,main,3
25781,6056,main,3
25783,6055,main,3
25784,6053,main,3
25786,6059,main,3
25792,1025792,rerun,1
25794,1025794,rerun,2
25795,1025795,rerun,1
25798,1025798,rerun,2
25799,6058,main,3
25803,6057,main,3
25805,6061,main,3
25808,1025808,rerun,1
25812,6060,main,3
25815,6062,main,3
25819,6063,main,3
25823,6064,main,3
25825,1025825,rerun,1
25831,6065,main,3
25838,1025838,rerun,2
25842,6066,main,3
25843,6067,main,3
25848,6071,main,3
25850,6075,main,3
25851,6069,main,3
25852,6072,main,3
25853,6068,main,3
25854,1025854,rerun,2
25860,6077,main,3
25861,6070,main,3
25864,6076,main,3
25866,6073,main,3
25868,6074,main,3
25874,6081,main,3
25876,6078,main,3
25881,1025881,rerun,1
25889,6079,main,3
25890,1025890,rerun,1
25892,6080,main,3
25897,6082,main,3
25899,6086,main,3
25904,1025904,rerun,1
25907,6084,main,3
25908,1025908,rerun,2
25910,6085,main,3
25912,6083,main,3
25915,1025915,rerun,2
25916,1025916,rerun,2
25918,1025918,rerun,2
25920,6087,main,3
25921,6089,main,3
25928,1025928,rerun,2
25929,6088,main,3
25930,6090,main,3
25932,6093,main,3
25935,1025935,rerun,1
25942,1025942,rerun,1
25950,1025950,rerun,1
25956,6091,main,3
25957,6094,main,3
25958,1025958,rerun,2
25961,6092,main,3
25966,6095,main,3
25974,1025974,rerun,1
25975,1025975,rerun,1
25976,6097,main,3
25979,1025979,rerun,1
25981,6099,main,3
25985,1025985,rerun,2
25987,6101,main,3
25990,6096,main,3
25993,6100,main,3
25994,1025994,rerun,1
25999,6103,main,3
26001,6098,main,3
26002,6108,main,3
26004,6102,main,3
26011,1026011,rerun,1
26017,6105,main,3
26019,6104,main,3
26020,6110,main,3
26025,6106,main,3
26026,1026026,rerun,1
26027,6113,main,3
26028,6114,main,3
26030,6107,main,3
26033,6109,main,3
26036,1026036,rerun,2
26039,1026039,rerun,2
26041,6112,main,3
26043,6111,main,3
26044,6115,main,3
26047,1026047,rerun,2
26050,6116,main,3
26055,1026055,rerun,2
26056,6117,main,3
26057,6119,main,3
26060,6118,main,3
26061,1026061,rerun,1
26068,1026068,rerun,1
26069,6120,main,3
26071,6125,main,3
26075,6124,main,3
26076,6126,main,3
26079,1026079,rerun,2
26081,6122,main,3
26082,1026082,rerun,1
26084,6123,main,3
26085,1026085,rerun,1
26086,6127,main,3
26087,1026087,rerun,1
26091,6121,main,3
26092,1026092,rerun,2
26109,6128,main,3
26112,6131,main,3
26114,6129,main,3
26116,6130,main,3
26119,1026119,rerun,2
26121,1026121,rerun,1
26124,1026124,rerun,1
26125,6135,main,3
26127,6132,main,3
26131,1026131,rerun,1
26136,1026136,rerun,2
26141,6133,main,3
26142,6134,main,3
26143,1026143,rerun,1
26147,6139,main,3
26149,6142,main,3
26154,6138,main,3
26159,1026159,rerun,2
26160,1026160,rerun,1
26161,1026161,rerun,2
26162,6136,main,3
26165,6137,main,3
26169,1026169,rerun,2
26173,6141,main,3
26174,6144,main,3
26177,6143,main,3
26179,6140,main,3
26183,1026183,rerun,2
26185,1026185,rerun,2
26188,1026188,rerun,2
26192,6148,main,3
26194,6145,main,3
26195,1026195,rerun,1
26196,6146,main,3
26200,1026200,rerun,1
26203,1026203,rerun,1
26204,1026204,rerun,2
26206,1026206,rerun,1
26219,6149,main,3
26221,6147,main,3
26228,6150,main,3
26235,6156,main,3
26243,6152,main,3
26246,6157,main,3
26249,6154,main,3
26250,6151,main,3
26254,6155,main,3
26260,6153,main,3
26261,1026261,rerun,1
26262,6166,main,3
26266,6164,main,3
26275,1026275,rerun,2
26277,6160,main,3
26278,6159,main,3
26282,6165,main,3
26283,1026283,rerun,2
26286,6161,main,3
26287,6163,main,3
26288,6162,main,3
26289,1026289,rerun,2
26290,6158,main,3
26291,6167,main,3
26294,6169,main,3
26299,1026299,rerun,1
26305,1026305,rerun,2
26307,1026307,rerun,1
26309,6168,main,3
26311,6174,main,3
26312,6170,main,3
26313,6175,main,3
26314,6171,main,3
26328,1026328,rerun,1
26330,1026330,rerun,1
26331,6172,main,3
26336,6178,main,3
26340,6177,main,3
26341,6173,main,3
26343,6176,main,3
26344,1026344,rerun,2
26352,1026352,rerun,2
26358,6182,main,3
26361,6180,main,3
26362,1026362,rerun,1
26363,1026363,rerun,2
26365,6190,main,3
26367,6179,main,3
26368,6181,main,3
26371,6183,main,3
26372,6184,main,3
26377,1026377,rerun,2
26378,1026378,rerun,1
26379,6185,main,3
26384,6188,main,3
26387,6195,main,3
26388,6186,main,3
26389,1026389,rerun,1
26391,6191,main,3
26392,6187,main,3
26394,6189,main,3
26395,6197,main,3
26396,1026396,rerun,1
26399,6194,main,3
26400,1026400,rerun,2
26401,6193,main,3
26402,1026402,rerun,1
26404,1026404,rerun,1
26406,6192,main,3
26409,1026409,rerun,2
26411,6196,main,3
26417,6200,main,3
26420,1026420,rerun,2
26422,6203,main,3
26425,6202,main,3
26427,6199,main,3
26428,6201,main,3
26430,6206,main,3
26435,6204,main,3
26437,6198,main,3
26442,6209,main,3
26447,6205,main,3
26448,6207,main,3
26451,6208,main,3
26459,6211,main,3
26460,1026460,rerun,1
26463,6210,main,3
26466,6212,main,3
26470,1026470,rerun,1
26473,6213,main,3
26481,6214,main,3
26483,1026483,rerun,2
26491,1026491,rerun,2
26494,1026494,rerun,2
26495,1026495,rerun,1
26496,6217,main,3
26498,6219,main,3
26501,1026501,rerun,2
26502,1026502,rerun,2
26504,6216,main,3
26506,6218,main,3
26509,1026509,rerun,2
26511,6215,main,3
26512,6222,main,3
26515,6221,main,3
26522,6220,main,3
26524,6223,main,3
26527,6231,main,3
26530,6225,main,3
26531,1026531,rerun,2
26532,6226,main,3
26533,6224,main,3
26535,6227,main,3
26537,1026537,rerun,2
26539,6230,main,3
26541,6229,main,3
26546,1026546,rerun,1
26547,6228,main,3
26554,6242,main,3
26559,6239,main,3
26561,6232,main,3
26563,6234,main,3
26565,6233,main,3
26567,1026567,rerun,1
26570,6236,main,3
26571,6235,main,3
26577,6240,main,3
26578,6244,main,3
26579,6237,main,3
26580,6241,main,3
26581,6243,main,3
26582,6238,main,3
26583,6246,main,3
26587,6247,main,3
26591,6245,main,3
26596,1026596,rerun,2
26598,6248,main,3
26601,6250,main,3
26602,1026602,rerun,2
26603,1026603,rerun,2
26605,6249,main,3
26608,6252,main,3
26609,6251,main,3
26612,6254,main,3
26619,6259,main,3
26621,6256,main,3
26622,6255,main,3
26626,6253,main,3
26629,1026629,rerun,1
26634,6257,main,3
26635,6261,main,3
26641,6258,main,3
26642,6260,main,3
26645,6263,main,3
26649,6262,main,3
26654,1026654,rerun,1
26656,1026656,rerun,2
26661,6265,main,3
26664,6267,main,3
26671,6264,main,3
26673,1026673,rerun,1
26677,1026677,rerun,1
26678,1026678,rerun,1
26686,6266,main,3
26688,1026688,rerun,1
26690,1026690,rerun,1
26692,1026692,rerun,1
26694,1026694,rerun,1
26697,1026697,rerun,1
26699,6268,main,3
26700,1026700,rerun,2
26701,6269,main,3
26711,6271,main,3
26712,1026712,rerun,2
26714,6270,main,3
26718,6277,main,3
26719,1026719,rerun,2
26720,1026720,rerun,2
26722,6276,main,3
26723,1026723,rerun,1
26724,6272,main,3
26727,6274,main,3
26730,6275,main,3
26731,1026731,rerun,2
26732,6273,main,3
26734,1026734,rerun,2
26735,1026735,rerun,2
26740,6281,main,3
26742,6278,main,3
26743,1026743,rerun,2
26746,6279,main,3
26747,6282,main,3
26749,6280,main,3
26751,1026751,rerun,2
26752,6283,main,3
26759,6284,main,3
26766,6287,main,3
26767,6285,main,3
26769,6286,main,3
26780,1026780,rerun,1
26783,6294,main,3
26785,6288,main,3
26786,6291,main,3
26787,6289,main,3
26791,6296,main,3
26794,1026794,rerun,2
26795,6290,main,3
26797,6293,main,3
26800,6292,main,3
26804,1026804,rerun,1
26805,1026805,rerun,1
26806,1026806,rerun,2
26808,6301,main,3
26809,6295,main,3
26811,6306,main,3
26813,1026813,rerun,1
26814,6302,main,3
26815,1026815,rerun,1
26817,6303,main,3
26818,1026818,rerun,2
26819,6299,main,3
26821,6300,main,3
26822,6297,main,3
26824,6298,main,3
26826,6304,main,3
26829,6305,main,3
26832,1026832,rerun,1
26834,1026834,rerun,2
26835,1026835,rerun,2
26837,6309,main,3
26839,1026839,rerun,2
26842,1026842,rerun,2
26844,1026844,rerun,1
26848,1026848,rerun,1
26855,6307,main,3
26856,1026856,rerun,1
26859,6310,main,3
26860,1026860,rerun,2
26864,6312,main,3
26865,6313,main,3
26866,1026866,rerun,2
26867,6316,main,3
26868,6311,main,3
26870,6315,main,3
26871,6308,main,3
26874,1026874,rerun,1
26877,6314,main,3
26879,6318,main,3
26881,6319,main,3
26882,6321,main,3
26884,6324,main,3
26887,6317,main,3
26892,6325,main,3
26894,6320,main,3
26895,6322,main,3
26899,6323,main,3
26904,1026904,rerun,2
26909,6326,main,3
26914,1026914,rerun,2
26916,1026916,rerun,1
26924,1026924,rerun,2
26933,6327,main,3
26937,1026937,rerun,1
26939,6331,main,3
26941,6328,main,3
26945,6329,main,3
26947,6335,main,3
26957,6332,main,3
26968,6334,main,3
26971,6336,main,3
26972,6330,main,3
26975,1026975,rerun,2
26977,1026977,rerun,2
26980,1026980,rerun,2
26981,6338,main,3
26982,6340,main,3
26990,6333,main,3
26996,1026996,rerun,1
26998,6341,main,3
26999,6339,main,3
27004,6337,main,3
27006,1027006,rerun,2
27011,6343,main,3
27013,1027013,rerun,1
27017,1027017,rerun,2
27019,6342,main,3
27022,6346,main,3
27027,6345,main,3
27029,6347,main,3
27030,6344,main,3
27032,1027032,rerun,1
27045,1027045,rerun,1
27047,6354,main,3
27048,1027048,rerun,1
27051,1027051,rerun,1
27054,1027054,rerun,2
27055,1027055,rerun,1
27056,1027056,rerun,1
27058,6348,main,3
27060,6351,main,3
27061,6350,main,3
27063,1027063,rerun,2
27066,1027066,rerun,1
27067,6352,main,3
27068,6349,main,3
27070,6361,main,3
27072,6356,main,3
27073,1027073,rerun,1
27075,6353,main,3
27077,6355,main,3
27079,6359,main,3
27080,6358,main,3
27081,6357,main,3
27085,6360,main,3
27100,1027100,rerun,2
27101,6363,main,3
27106,6364,main,3
27109,6362,main,3
27111,1027111,rerun,2
27116,6370,main,3
27117,6365,main,3
27120,6368,main,3
27121,1027121,rerun,2
27123,6367,main,3
27125,6371,main,3
27126,1027126,rerun,2
27127,6373,main,3
27128,6369,main,3
27130,6375,main,3
27131,6366,main,3
27141,1027141,rerun,1
27143,1027143,rerun,2
27147,6376,main,3
27148,1027148,rerun,2
27149,6372,main,3
27150,1027150,rerun,2
27153,6374,main,3
27161,6377,main,3
27162,6379,main,3
27163,1027163,rerun,1
27164,6378,main,3
27165,1027165,rerun,1
27166,1027166,rerun,1
27168,6381,main,3
27178,6383,main,3
27179,6380,main,3
27180,6384,main,3
27182,6382,main,3
27185,6391,main,3
27187,6388,main,3
27191,6386,main,3
27194,6385,main,3
27196,1027196,rerun,2
27198,6394,main,3
27201,6387,main,3
27204,6389,main,3
27207,6390,main,3
27208,6393,main,3
27210,6395,main,3
27211,6392,main,3
27214,6396,main,3
27216,1027216,rerun,2
27219,6397,main,3
27223,6399,main,3
27226,6398,main,3
27233,6401,main,3
27245,6402,main,3
27246,1027246,rerun,1
27247,6400,main,3
27251,6405,main,3
27252,6406,main,3
27255,1027255,rerun,1
27257,1027257,rerun,2
27258,6408,main,3
27260,6404,main,3
27262,6403,main,3
27265,6407,main,3
27266,6410,main,3
27268,1027268,rerun,1
27271,6411,main,3
27272,6413,main,3
27274,6412,main,3
27279,1027279,rerun,2
27281,6417,main,3
27282,6414,main,3
27283,1027283,rerun,1
27288,6419,main,3
27291,6416,main,3
27293,6409,main,3
27294,6418,main,3
27297,6415,main,3
27299,6421,main,3
27300,6420,main,3
27301,1027301,rerun,2
27302,1027302,rerun,1
27303,6422,main,3
27305,1027305,rerun,2
27308,1027308,rerun,2
27310,6424,main,3
27314,1027314,rerun,1
27322,1027322,rerun,1
27327,6427,main,3
27329,6425,main,3
27334,6423,main,3
27337,6429,main,3
27338,6426,main,3
27339,6428,main,3
27341,6430,main,3
27346,1027346,rerun,1
27349,6432,main,3
27351,1027351,rerun,1
27356,6434,main,3
27361,6431,main,3
27362,6433,main,3
27364,1027364,rerun,2
27366,6440,main,3
27367,6436,main,3
27371,6439,main,3
27375,6435,main,3
27381,6441,main,3
27385,6438,main,3
27387,6442,main,3
27389,6437,main,3
27393,6449,main,3
27394,1027394,rerun,2
27401,1027401,rerun,1
27402,1027402,rerun,2
27405,1027405,rerun,2
27406,6444,main,3
27408,6452,main,3
27412,6445,main,3
27413,6448,main,3
27415,6443,main,3
27416,6454,main,3
27418,6446,main,3
27420,6451,main,3
27421,6447,main,3
27424,6450,main,3
27431,6455,main,3
27433,6453,main,3
27435,1027435,rerun,1
27438,6456,main,3
27439,1027439,rerun,1
27442,1027442,rerun,1
27443,1027443,rerun,1
27450,6458,main,3
27453,6459,main,3
27456,6464,main,3
27460,6457,main,3
27461,6462,main,3
27465,6460,main,3
27467,6463,main,3
27469,6461,main,3
27470,6465,main,3
27471,1027471,rerun,2
27476,1027476,rerun,2
27478,1027478,rerun,1
27481,1027481,rerun,2
27484,6466,main,3
27485,6475,main,3
27486,1027486,rerun,2
27488,1027488,rerun,2
27493,6469,main,3
27494,6468,main,3
27496,6467,main,3
27498,6471,main,3
27501,1027501,rerun,2
27503,6470,main,3
27507,1027507,rerun,1
27511,1027511,rerun,1
27513,6473,main,3
27515,6474,main,3
27516,6472,main,3
27519,6479,main,3
27522,6477,main,3
27524,6476,main,3
27525,1027525,rerun,2
27526,6478,main,3
27528,1027528,rerun,1
27530,6480,main,3
27533,6481,main,3
27534,1027534,rerun,2
27535,6482,main,3
27536,1027536,rerun,1
27537,6484,main,3
27545,6483,main,3
27553,6488,main,3
27554,1027554,rerun,1
27555,6485,main,3
27556,6486,main,3
27560,1027560,rerun,1
27563,6489,main,3
27566,6487,main,3
27569,1027569,rerun,2
27575,1027575,rerun,1
27576,1027576,rerun,1
27578,6492,main,3
27583,1027583,rerun,2
27584,6490,main,3
27588,6497,main,3
27589,6493,main,3
27590,1027590,rerun,2
27591,6491,main,3
27595,6495,main,3
27600,1027600,rerun,2
27603,1027603,rerun,2
27605,1027605,rerun,2
27610,6499,main,3
27611,6494,main,3
27616,1027616,rerun,2
27623,6496,main,3
27624,6500,main,3
27625,6498,main,3
27626,1027626,rerun,1
27627,6501,main,3
27632,1027632,rerun,1
27639,6502,main,3
27641,1027641,rerun,1
27646,6503,main,3
27647,1027647,rerun,2
27648,6504,main,3
27649,6505,main,3
27654,1027654,rerun,2
27672,6509,main,3
27673,6507,main,3
27674,6513,main,3
27676,1027676,rerun,2
27678,6508,main,3
27680,1027680,rerun,1
27681,1027681,rerun,1
27682,6506,main,3
27685,6510,main,3
27686,6511,main,3
27687,1027687,rerun,2
27688,6516,main,3
27690,6512,main,3
27693,6514,main,3
27694,6517,main,3
27696,6515,main,3
27700,1027700,rerun,1
27704,6519,main,3
27710,6518,main,3
27720,6522,main,3
27721,6532,main,3
27724,1027724,rerun,1
27728,6525,main,3
27729,6524,main,3
27730,6520,main,3
27731,6523,main,3
27732,6529,main,3
27733,6521,main,3
27736,1027736,rerun,1
27740,1027740,rerun,1
27741,6527,main,3
27742,1027742,rerun,1
27743,6530,main,3
27745,6528,main,3
27746,6526,main,3
27747,6534,main,3
27748,6535,main,3
27752,6531,main,3
27753,6533,main,3
27756,1027756,rerun,2
27766,6536,main,3
27768,1027768,rerun,1
27769,1027769,rerun,1
27771,1027771,rerun,1
27775,1027775,rerun,2
27791,1027791,rerun,1
27792,6542,main,3
27801,1027801,rerun,1
27803,6544,main,3
27804,6546,main,3
27805,6537,main,3
27808,6538,main,3
27809,6539,main,3
27810,1027810,rerun,1
27812,6548,main,3
27814,6545,main,3
27816,1027816,rerun,1
27817,6543,main,3
27823,6547,main,3
27825,6540,main,3
27828,6541,main,3
27830,1027830,rerun,2
27832,6549,main,3
27835,6550,main,3
27838,6553,main,3
27840,1027840,rerun,1
27844,6552,main,3
27846,1027846,rerun,2
27848,6551,main,3
27850,6554,main,3
27856,6556,main,3
27860,6558,main,3
27864,6555,main,3
27867,6560,main,3
27868,6557,main,3
27869,6559,main,3
27876,6561,main,3
27877,6564,main,3
27878,6562,main,3
27879,6565,main,3
27884,6566,main,3
27889,6568,main,3
27893,1027893,rerun,2
27894,6569,main,3
27895,6563,main,3
27900,1027900,rerun,1
27901,1027901,rerun,2
27904,6571,main,3
27905,6567,main,3
27908,6570,main,3
27913,1027913,rerun,1
27920,6572,main,3
27929,6573,main,3
27930,1027930,rerun,2
27931,6575,main,3
27933,6576,main,3
27938,6578,main,3
27943,1027943,rerun,1
27944,6577,main,3
27946,6580,main,3
27947,6574,main,3
27948,6584,main,3
27953,6579,main,3
27954,6582,main,3
27955,6581,main,3
27956,6583,main,3
27957,1027957,rerun,1
27958,1027958,rerun,2
27961,6585,main,3
27962,1027962,rerun,1
27965,6592,main,3
27968,6587,main,3
27969,6588,main,3
27970,1027970,rerun,2
27971,6589,main,3
27975,6586,main,3
27976,6593,main,3
27979,6595,main,3
27982,6590,main,3
27985,1027985,rerun,1
27988,6599,main,3
27990,6598,main,3
27994,6594,main,3
27996,6591,main,3
27998,1027998,rerun,1
28000,6597,main,3
28002,6601,main,3
28004,6596,main,3
28011,1028011,rerun,2
28014,6600,main,3
28016,6602,main,3
28023,6608,main,3
28025,1028025,rerun,1
28027,6603,main,3
28030,6605,main,3
28032,1028032,rerun,2
28035,6606,main,3
28040,1028040,rerun,1
28041,1028041,rerun,1
28045,6611,main,3
28046,6609,main,3
28047,6604,main,3
28049,1028049,rerun,2
28051,6607,main,3
28052,6612,main,3
28054,6610,main,3
28061,6613,main,3
28063,6614,main,3
28064,1028064,rerun,1
28067,1028067,rerun,2
28069,1028069,rerun,2
28076,1028076,rerun,1
28077,1028077,rerun,1
28078,6615,main,3
28081,6616,main,3
28082,1028082,rerun,1
28085,1028085,rerun,2
28090,6617,main,3
28095,1028095,rerun,2
28104,1028104,rerun,1
28105,6618,main,3
28106,6626,main,3
28108,6623,main,3
28109,6619,main,3
28113,6622,main,3
28116,6620,main,3
28117,6621,main,3
28122,1028122,rerun,2
28123,1028123,rerun,2
28124,6625,main,3
28128,1028128,rerun,1
28132,1028132,rerun,2
28136,6624,main,3
28144,1028144,rerun,1
28145,1028145,rerun,2
28151,6627,main,3
28152,6629,main,3
28155,6630,main,3
28159,6628,main,3
28162,1028162,rerun,2
28166,6636,main,3
28173,6637,main,3
28174,6632,main,3
28177,1028177,rerun,2
28180,1028180,rerun,2
28182,6635,main,3
28185,6634,main,3
28186,6631,main,3
28188,1028188,rerun,2
28193,6633,main,3
28196,1028196,rerun,1
28201,6639,main,3
28203,6638,main,3
28205,1028205,rerun,1
28207,6643,main,3
28217,1028217,rerun,2
28221,6641,main,3
28222,1028222,rerun,2
28227,6642,main,3
28230,6653,main,3
28231,6640,main,3
28233,1028233,rerun,2
28237,6645,main,3
28241,1028241,rerun,1
28245,6644,main,3
28246,1028246,rerun,1
28249,1028249,rerun,2
28253,1028253,rerun,2
28255,6648,main,3
