{
  "C": 1000000.0,
  "gamma": 0.0001,
  "status": "did_not_converge",
  "timestamp": 1778199696.5220978,
  "max_iter": 500000,
  "prepare_data_seconds": 207.31245350837708,
  "n_features": 25,
  "n_train": 24024,
  "n_test": 8008,
  "single_fit_seconds": 47.371487855911255,
  "n_iter": 500000,
  "converged": false,
  "quick_test_accuracy": 0.6492257742257742
}