{
  "C": 1000000.0,
  "gamma": 0.001,
  "status": "did_not_converge",
  "timestamp": 1778199953.6671782,
  "max_iter": 500000,
  "prepare_data_seconds": 211.06862831115723,
  "n_features": 25,
  "n_train": 24024,
  "n_test": 8008,
  "single_fit_seconds": 79.56217932701111,
  "n_iter": 500000,
  "converged": false,
  "quick_test_accuracy": 0.7115384615384616
}