{
  "reference": {
    "C": 100000,
    "gamma": 0.0001,
    "test_accuracy": 0.878,
    "cv_accuracy": 0.881,
    "source": "results/hp_search_focused/static"
  },
  "tests": [
    {
      "C": 1000000.0,
      "gamma": 1e-05,
      "status": "did_not_converge",
      "timestamp": 1778199451.4013455,
      "max_iter": 500000,
      "prepare_data_seconds": 227.48887515068054,
      "n_features": 25,
      "n_train": 24024,
      "n_test": 8008,
      "single_fit_seconds": 15.35606598854065,
      "n_iter": 500000,
      "converged": false,
      "quick_test_accuracy": 0.7718531468531469
    },
    {
      "C": 1000000.0,
      "gamma": 0.0001,
      "status": "did_not_converge",
      "timestamp": 1778199696.5220978,
      "max_iter": 500000,
      "prepare_data_seconds": 207.31245350837708,
      "n_features": 25,
      "n_train": 24024,
      "n_test": 8008,
      "single_fit_seconds": 47.371487855911255,
      "n_iter": 500000,
      "converged": false,
      "quick_test_accuracy": 0.6492257742257742
    },
    {
      "C": 1000000.0,
      "gamma": 0.001,
      "status": "did_not_converge",
      "timestamp": 1778199953.6671782,
      "max_iter": 500000,
      "prepare_data_seconds": 211.06862831115723,
      "n_features": 25,
      "n_train": 24024,
      "n_test": 8008,
      "single_fit_seconds": 79.56217932701111,
      "n_iter": 500000,
      "converged": false,
      "quick_test_accuracy": 0.7115384615384616
    }
  ]
}