seed,run_id,source,hop_category
2,2,main,3
5,5,main,3
7,1,main,3
8,1000008,rerun,2
10,4,main,3
12,9,main,3
13,15,main,3
16,8,main,3
18,1000018,rerun,2
20,1000020,rerun,1
26,3,main,3
27,6,main,3
30,1000030,rerun,2
32,11,main,3
34,1000034,rerun,2
36,14,main,3
42,18,main,3
44,7,main,3
45,13,main,3
48,1000048,rerun,1
49,1000049,rerun,1
50,19,main,3
51,16,main,3
53,1000053,rerun,2
54,1000054,rerun,1
55,17,main,3
56,12,main,3
58,10,main,3
59,20,main,3
60,21,main,3
61,1000061,rerun,2
66,1000066,rerun,2
68,1000068,rerun,2
69,24,main,3
70,1000070,rerun,2
75,23,main,3
81,1000081,rerun,1
83,27,main,3
84,25,main,3
88,22,main,3
90,30,main,3
91,28,main,3
96,26,main,3
99,29,main,3
102,35,main,3
103,31,main,3
106,1000106,rerun,1
107,38,main,3
108,33,main,3
110,1000110,rerun,2
111,32,main,3
114,34,main,3
115,39,main,3
116,36,main,3
118,41,main,3
120,37,main,3
121,40,main,3
127,1000127,rerun,2
129,43,main,3
131,1000131,rerun,1
132,42,main,3
134,1000134,rerun,2
136,1000136,rerun,2
142,49,main,3
143,50,main,3
144,44,main,3
145,1000145,rerun,1
148,1000148,rerun,2
160,1000160,rerun,1
162,46,main,3
166,1000166,rerun,2
167,47,main,3
168,55,main,3
169,1000169,rerun,1
170,48,main,3
171,51,main,3
173,45,main,3
176,1000176,rerun,1
181,53,main,3
187,52,main,3
188,54,main,3
189,59,main,3
198,56,main,3
200,58,main,3
201,64,main,3
203,1000203,rerun,1
205,60,main,3
207,62,main,3
209,61,main,3
211,57,main,3
212,65,main,3
216,63,main,3
219,66,main,3
220,1000220,rerun,2
221,71,main,3
222,68,main,3
224,69,main,3
225,67,main,3
227,70,main,3
229,1000229,rerun,1
231,76,main,3
233,72,main,3
234,73,main,3
237,81,main,3
240,75,main,3
241,84,main,3
246,78,main,3
248,82,main,3
251,80,main,3
252,77,main,3
253,74,main,3
254,79,main,3
256,1000256,rerun,2
258,83,main,3
260,1000260,rerun,1
262,85,main,3
266,86,main,3
267,87,main,3
271,88,main,3
272,1000272,rerun,2
273,92,main,3
274,1000274,rerun,2
276,91,main,3
278,89,main,3
279,1000279,rerun,1
285,1000285,rerun,1
286,90,main,3
290,97,main,3
291,93,main,3
292,1000292,rerun,2
294,94,main,3
296,95,main,3
297,1000297,rerun,1
298,1000298,rerun,1
300,1000300,rerun,1
301,1000301,rerun,2
304,98,main,3
307,96,main,3
308,99,main,3
309,100,main,3
310,101,main,3
315,1000315,rerun,1
316,102,main,3
323,1000323,rerun,2
325,1000325,rerun,1
326,103,main,3
327,1000327,rerun,2
329,1000329,rerun,1
330,104,main,3
332,1000332,rerun,1
333,107,main,3
335,106,main,3
336,105,main,3
339,1000339,rerun,2
345,108,main,3
346,112,main,3
347,111,main,3
348,1000348,rerun,2
350,109,main,3
355,110,main,3
360,1000360,rerun,2
361,117,main,3
362,113,main,3
365,114,main,3
366,115,main,3
367,1000367,rerun,1
368,1000368,rerun,2
370,116,main,3
372,120,main,3
373,118,main,3
374,119,main,3
377,1000377,rerun,1
378,121,main,3
379,122,main,3
380,123,main,3
383,124,main,3
385,1000385,rerun,2
388,1000388,rerun,2
391,1000391,rerun,2
392,126,main,3
393,1000393,rerun,2
394,125,main,3
398,1000398,rerun,1
402,1000402,rerun,1
403,128,main,3
405,130,main,3
406,1000406,rerun,2
409,1000409,rerun,2
410,131,main,3
411,129,main,3
412,140,main,3
413,127,main,3
414,135,main,3
415,133,main,3
416,132,main,3
417,136,main,3
418,137,main,3
420,138,main,3
421,142,main,3
422,134,main,3
423,141,main,3
424,144,main,3
427,139,main,3
428,146,main,3
431,145,main,3
433,143,main,3
438,156,main,3
441,152,main,3
443,147,main,3
445,1000445,rerun,1
447,151,main,3
450,149,main,3
451,1000451,rerun,1
455,148,main,3
461,155,main,3
463,153,main,3
465,1000465,rerun,2
466,157,main,3
467,158,main,3
469,154,main,3
471,1000471,rerun,2
472,1000472,rerun,2
474,150,main,3
476,162,main,3
479,163,main,3
480,1000480,rerun,1
481,1000481,rerun,1
483,165,main,3
484,166,main,3
487,159,main,3
488,161,main,3
490,167,main,3
492,160,main,3
494,1000494,rerun,2
495,164,main,3
496,168,main,3
499,169,main,3
501,1000501,rerun,1
503,172,main,3
505,1000505,rerun,1
506,171,main,3
509,174,main,3
510,179,main,3
511,170,main,3
512,175,main,3
514,173,main,3
516,1000516,rerun,2
523,177,main,3
524,181,main,3
525,1000525,rerun,2
527,182,main,3
528,176,main,3
529,180,main,3
530,1000530,rerun,2
532,1000532,rerun,1
534,1000534,rerun,1
536,187,main,3
537,186,main,3
539,178,main,3
540,184,main,3
542,183,main,3
544,185,main,3
549,192,main,3
552,189,main,3
553,1000553,rerun,1
554,188,main,3
555,190,main,3
559,194,main,3
561,191,main,3
562,1000562,rerun,2
563,193,main,3
568,195,main,3
569,199,main,3
570,1000570,rerun,2
572,1000572,rerun,2
573,203,main,3
575,1000575,rerun,1
576,202,main,3
577,197,main,3
578,1000578,rerun,2
579,196,main,3
581,200,main,3
583,198,main,3
585,207,main,3
587,201,main,3
588,204,main,3
590,1000590,rerun,2
591,206,main,3
595,1000595,rerun,2
596,208,main,3
597,209,main,3
600,205,main,3
601,210,main,3
603,216,main,3
605,217,main,3
607,211,main,3
609,218,main,3
615,213,main,3
616,212,main,3
617,1000617,rerun,2
619,1000619,rerun,1
624,220,main,3
626,215,main,3
627,1000627,rerun,2
629,214,main,3
631,219,main,3
632,221,main,3
635,1000635,rerun,2
636,222,main,3
637,1000637,rerun,2
642,225,main,3
644,223,main,3
646,226,main,3
647,228,main,3
648,224,main,3
650,1000650,rerun,2
651,1000651,rerun,1
653,231,main,3
657,1000657,rerun,2
662,229,main,3
663,230,main,3
664,227,main,3
665,1000665,rerun,1
666,1000666,rerun,1
669,232,main,3
670,1000670,rerun,2
671,1000671,rerun,2
672,1000672,rerun,1
673,235,main,3
675,233,main,3
676,238,main,3
678,1000678,rerun,2
681,1000681,rerun,2
683,239,main,3
685,1000685,rerun,2
686,242,main,3
688,240,main,3
689,1000689,rerun,1
690,237,main,3
692,236,main,3
695,234,main,3
699,244,main,3
700,241,main,3
702,243,main,3
710,246,main,3
712,1000712,rerun,2
713,1000713,rerun,2
714,1000714,rerun,1
715,245,main,3
719,250,main,3
720,253,main,3
722,1000722,rerun,2
725,248,main,3
727,255,main,3
728,249,main,3
729,247,main,3
733,251,main,3
736,256,main,3
737,1000737,rerun,1
738,257,main,3
739,259,main,3
740,254,main,3
741,252,main,3
748,262,main,3
751,260,main,3
752,258,main,3
753,1000753,rerun,2
754,1000754,rerun,2
756,261,main,3
759,264,main,3
760,1000760,rerun,1
766,1000766,rerun,2
767,265,main,3
768,263,main,3
770,1000770,rerun,1
774,269,main,3
775,268,main,3
777,1000777,rerun,1
779,270,main,3
780,271,main,3
781,275,main,3
782,278,main,3
783,273,main,3
786,267,main,3
790,266,main,3
792,274,main,3
793,272,main,3
797,280,main,3
800,276,main,3
804,277,main,3
805,279,main,3
807,1000807,rerun,1
810,1000810,rerun,1
812,283,main,3
814,289,main,3
815,281,main,3
816,1000816,rerun,1
821,285,main,3
822,284,main,3
825,288,main,3
826,282,main,3
827,1000827,rerun,2
828,291,main,3
829,1000829,rerun,1
830,290,main,3
831,286,main,3
834,287,main,3
837,293,main,3
838,1000838,rerun,1
841,295,main,3
844,1000844,rerun,2
845,292,main,3
850,294,main,3
851,300,main,3
856,296,main,3
858,302,main,3
859,297,main,3
860,299,main,3
861,298,main,3
864,303,main,3
866,301,main,3
867,1000867,rerun,2
868,306,main,3
869,307,main,3
870,309,main,3
871,304,main,3
873,1000873,rerun,2
874,305,main,3
876,1000876,rerun,2
877,311,main,3
880,316,main,3
883,1000883,rerun,1
888,313,main,3
890,308,main,3
891,314,main,3
893,1000893,rerun,2
894,310,main,3
895,318,main,3
898,315,main,3
904,322,main,3
905,312,main,3
911,317,main,3
912,330,main,3
913,319,main,3
916,320,main,3
918,328,main,3
919,326,main,3
921,1000921,rerun,1
923,1000923,rerun,1
924,323,main,3
925,321,main,3
926,324,main,3
927,325,main,3
928,331,main,3
929,1000929,rerun,2
931,338,main,3
932,327,main,3
933,329,main,3
934,334,main,3
935,333,main,3
936,337,main,3
937,332,main,3
939,340,main,3
940,335,main,3
941,336,main,3
942,339,main,3
947,343,main,3
948,341,main,3
950,1000950,rerun,2
952,342,main,3
955,1000955,rerun,1
957,1000957,rerun,1
962,360,main,3
963,346,main,3
964,345,main,3
967,344,main,3
968,348,main,3
970,1000970,rerun,1
971,1000971,rerun,2
973,1000973,rerun,2
978,1000978,rerun,2
981,350,main,3
982,354,main,3
983,347,main,3
984,352,main,3
985,355,main,3
986,349,main,3
988,353,main,3
990,351,main,3
995,356,main,3
997,358,main,3
998,359,main,3
999,357,main,3
1001,1001001,rerun,2
1005,361,main,3
1006,364,main,3
1008,363,main,3
1010,362,main,3
1011,365,main,3
1012,366,main,3
1013,367,main,3
1015,368,main,3
1019,1001019,rerun,1
1020,369,main,3
1024,379,main,3
1026,371,main,3
1028,383,main,3
1029,1001029,rerun,2
1033,1001033,rerun,1
1035,1001035,rerun,1
1036,374,main,3
1038,370,main,3
1039,372,main,3
1040,375,main,3
1044,373,main,3
1048,377,main,3
1050,1001050,rerun,2
1051,378,main,3
1052,382,main,3
1054,376,main,3
1055,380,main,3
1057,381,main,3
1062,1001062,rerun,2
1063,387,main,3
1066,384,main,3
1067,385,main,3
1068,1001068,rerun,2
1069,386,main,3
1072,1001072,rerun,1
1073,393,main,3
1075,1001075,rerun,1
1076,388,main,3
1078,391,main,3
1081,395,main,3
1082,389,main,3
1083,390,main,3
1088,392,main,3
1089,1001089,rerun,2
1090,394,main,3
1091,399,main,3
1093,397,main,3
1097,396,main,3
1098,1001098,rerun,1
1100,398,main,3
1101,403,main,3
1102,401,main,3
1103,402,main,3
1105,404,main,3
1106,400,main,3
1107,410,main,3
1108,1001108,rerun,1
1109,1001109,rerun,2
1111,406,main,3
1112,405,main,3
1113,408,main,3
1114,411,main,3
1115,413,main,3
1117,407,main,3
1118,415,main,3
1119,409,main,3
1126,416,main,3
1132,412,main,3
1133,414,main,3
1134,419,main,3
1137,1001137,rerun,1
1138,418,main,3
1139,417,main,3
1140,1001140,rerun,2
1141,1001141,rerun,2
1144,1001144,rerun,2
1146,1001146,rerun,2
1147,1001147,rerun,1
1149,1001149,rerun,2
1152,1001152,rerun,1
1154,1001154,rerun,1
1157,420,main,3
1159,1001159,rerun,1
1160,422,main,3
1162,424,main,3
1163,425,main,3
1168,421,main,3
1171,1001171,rerun,2
1173,432,main,3
1174,426,main,3
1176,423,main,3
1179,431,main,3
1183,429,main,3
1184,1001184,rerun,2
1185,428,main,3
1187,427,main,3
1188,1001188,rerun,2
1191,1001191,rerun,1
1192,436,main,3
1197,1001197,rerun,1
1198,437,main,3
1199,433,main,3
1200,434,main,3
1201,438,main,3
1203,430,main,3
1204,1001204,rerun,2
1205,435,main,3
1212,439,main,3
1215,440,main,3
1222,441,main,3
1227,1001227,rerun,2
1230,443,main,3
1232,442,main,3
1233,451,main,3
1237,450,main,3
1239,1001239,rerun,1
1240,453,main,3
1242,449,main,3
1244,445,main,3
1245,448,main,3
1246,456,main,3
1248,444,main,3
1249,452,main,3
1250,446,main,3
1251,447,main,3
1253,454,main,3
1260,455,main,3
1261,1001261,rerun,2
1264,1001264,rerun,2
1267,458,main,3
1269,1001269,rerun,2
1271,457,main,3
1273,1001273,rerun,2
1274,461,main,3
1276,460,main,3
1277,459,main,3
1280,1001280,rerun,1
1282,1001282,rerun,2
1283,463,main,3
1284,1001284,rerun,1
1285,1001285,rerun,1
1291,1001291,rerun,1
1292,1001292,rerun,1
1294,467,main,3
1295,464,main,3
1296,462,main,3
1298,466,main,3
1302,465,main,3
1304,1001304,rerun,2
1305,472,main,3
1308,1001308,rerun,2
1309,1001309,rerun,2
1310,1001310,rerun,2
1312,469,main,3
1314,473,main,3
1315,468,main,3
1316,474,main,3
1319,1001319,rerun,1
1320,470,main,3
1321,475,main,3
1323,471,main,3
1325,1001325,rerun,2
1326,477,main,3
1327,476,main,3
1329,481,main,3
1330,1001330,rerun,1
1331,478,main,3
1332,480,main,3
1335,479,main,3
1336,489,main,3
1337,482,main,3
1338,484,main,3
1339,1001339,rerun,1
1340,483,main,3
1341,487,main,3
1342,486,main,3
1343,488,main,3
1345,485,main,3
1348,490,main,3
1354,1001354,rerun,2
1361,1001361,rerun,2
1362,1001362,rerun,1
1364,493,main,3
1365,1001365,rerun,1
1369,1001369,rerun,2
1370,495,main,3
1371,494,main,3
1373,1001373,rerun,1
1374,1001374,rerun,1
1375,1001375,rerun,2
1377,492,main,3
1378,496,main,3
1379,498,main,3
1381,497,main,3
1383,491,main,3
1386,503,main,3
1387,501,main,3
1389,505,main,3
1393,499,main,3
1395,502,main,3
1396,1001396,rerun,2
1397,509,main,3
1399,504,main,3
1400,500,main,3
1402,1001402,rerun,2
1403,506,main,3
1405,1001405,rerun,2
1406,507,main,3
1410,508,main,3
1414,511,main,3
1416,1001416,rerun,2
1417,1001417,rerun,1
1418,510,main,3
1420,1001420,rerun,2
1421,518,main,3
1422,512,main,3
1425,513,main,3
1427,514,main,3
1428,1001428,rerun,2
1432,1001432,rerun,2
1433,1001433,rerun,2
1435,516,main,3
1437,1001437,rerun,1
1439,523,main,3
1440,1001440,rerun,1
1441,515,main,3
1442,1001442,rerun,1
1444,520,main,3
1450,526,main,3
1451,525,main,3
1454,521,main,3
1455,1001455,rerun,2
1459,517,main,3
1460,519,main,3
1463,527,main,3
1466,1001466,rerun,2
1469,1001469,rerun,1
1471,522,main,3
1472,531,main,3
1473,528,main,3
1474,524,main,3
1476,1001476,rerun,2
1478,1001478,rerun,2
1480,529,main,3
1484,530,main,3
1485,533,main,3
1486,532,main,3
1492,534,main,3
1494,536,main,3
1497,539,main,3
1498,537,main,3
1499,1001499,rerun,1
1500,538,main,3
1501,1001501,rerun,2
1507,535,main,3
1508,1001508,rerun,1
1509,1001509,rerun,2
1510,1001510,rerun,2
1513,1001513,rerun,1
1515,544,main,3
1517,541,main,3
1520,546,main,3
1521,540,main,3
1525,543,main,3
1526,551,main,3
1529,542,main,3
1532,1001532,rerun,1
1533,548,main,3
1535,549,main,3
1536,1001536,rerun,2
1537,550,main,3
1538,545,main,3
1539,547,main,3
1542,552,main,3
1543,1001543,rerun,2
1544,553,main,3
1545,1001545,rerun,2
1547,1001547,rerun,2
1550,1001550,rerun,2
1553,554,main,3
1559,555,main,3
1560,1001560,rerun,2
1562,1001562,rerun,1
1564,556,main,3
1566,557,main,3
1567,558,main,3
1574,1001574,rerun,2
1575,560,main,3
1576,559,main,3
1581,1001581,rerun,1
1586,565,main,3
1588,563,main,3
1589,566,main,3
1592,562,main,3
1595,568,main,3
1596,571,main,3
1597,1001597,rerun,2
1599,561,main,3
1601,1001601,rerun,1
1607,569,main,3
1610,570,main,3
1611,567,main,3
1612,1001612,rerun,1
1613,564,main,3
1623,572,main,3
1626,573,main,3
1629,576,main,3
1631,574,main,3
1632,575,main,3
1635,577,main,3
1637,1001637,rerun,1
1641,581,main,3
1642,580,main,3
1645,578,main,3
1647,582,main,3
1649,579,main,3
1654,1001654,rerun,2
1658,586,main,3
1662,584,main,3
1667,587,main,3
1668,583,main,3
1671,588,main,3
1673,585,main,3
1674,1001674,rerun,2
1675,589,main,3
1676,590,main,3
1677,591,main,3
1686,1001686,rerun,1
1690,596,main,3
1696,592,main,3
1697,593,main,3
1700,594,main,3
1704,595,main,3
1705,1001705,rerun,2
1706,598,main,3
1708,1001708,rerun,1
1709,599,main,3
1713,1001713,rerun,2
1714,597,main,3
1717,600,main,3
1718,1001718,rerun,1
1719,603,main,3
1721,601,main,3
1723,602,main,3
1726,1001726,rerun,1
1728,615,main,3
1729,610,main,3
1730,608,main,3
1731,606,main,3
1733,604,main,3
1734,1001734,rerun,1
1736,605,main,3
1739,609,main,3
1741,607,main,3
1742,1001742,rerun,1
1743,614,main,3
1744,612,main,3
1745,613,main,3
1747,616,main,3
1750,618,main,3
1752,611,main,3
1760,1001760,rerun,2
1761,617,main,3
1762,1001762,rerun,1
1763,623,main,3
1764,620,main,3
1767,621,main,3
1768,619,main,3
1769,622,main,3
1772,625,main,3
1773,626,main,3
1774,1001774,rerun,1
1775,1001775,rerun,2
1776,628,main,3
1779,629,main,3
1780,1001780,rerun,2
1781,634,main,3
1782,631,main,3
1783,1001783,rerun,2
1784,627,main,3
1785,624,main,3
1787,632,main,3
1788,630,main,3
1789,633,main,3
1790,1001790,rerun,2
1793,638,main,3
1795,637,main,3
1796,641,main,3
1797,635,main,3
1798,1001798,rerun,1
1800,1001800,rerun,1
1802,636,main,3
1803,1001803,rerun,2
1805,1001805,rerun,1
1806,639,main,3
1807,1001807,rerun,2
1811,640,main,3
1812,1001812,rerun,1
1817,648,main,3
1819,645,main,3
1820,1001820,rerun,1
1821,643,main,3
1822,647,main,3
1823,642,main,3
1824,1001824,rerun,2
1832,650,main,3
1833,644,main,3
1835,652,main,3
1838,646,main,3
1839,649,main,3
1840,1001840,rerun,1
1841,1001841,rerun,2
1851,654,main,3
1852,657,main,3
1853,653,main,3
1854,1001854,rerun,2
1857,658,main,3
1858,651,main,3
1860,655,main,3
1862,1001862,rerun,1
1865,660,main,3
1869,659,main,3
1870,656,main,3
1876,663,main,3
1880,662,main,3
1882,664,main,3
1884,665,main,3
1885,661,main,3
1890,669,main,3
1891,667,main,3
1892,668,main,3
1893,666,main,3
1894,671,main,3
1903,673,main,3
1904,670,main,3
1905,1001905,rerun,2
1906,680,main,3
1910,674,main,3
1911,675,main,3
1913,672,main,3
1914,677,main,3
1915,676,main,3
1918,681,main,3
1919,679,main,3
1922,682,main,3
1923,683,main,3
1924,678,main,3
1925,687,main,3
1927,684,main,3
1929,688,main,3
1930,685,main,3
1931,689,main,3
1936,686,main,3
1938,691,main,3
1939,1001939,rerun,1
1940,692,main,3
1941,1001941,rerun,2
1942,1001942,rerun,2
1945,690,main,3
1948,699,main,3
1950,694,main,3
1952,702,main,3
1953,693,main,3
1954,696,main,3
1956,700,main,3
1958,698,main,3
1959,695,main,3
1960,1001960,rerun,1
1961,697,main,3
1963,701,main,3
1964,707,main,3
1965,703,main,3
1968,704,main,3
1969,1001969,rerun,2
1970,706,main,3
1971,708,main,3
1972,713,main,3
1973,705,main,3
1975,709,main,3
1979,714,main,3
1981,710,main,3
1982,711,main,3
1983,712,main,3
1986,1001986,rerun,1
1996,715,main,3
1999,1001999,rerun,2
2002,716,main,3
2006,719,main,3
2009,1002009,rerun,1
2010,718,main,3
2011,720,main,3
2013,1002013,rerun,1
2015,721,main,3
2016,1002016,rerun,2
2019,717,main,3
2020,1002020,rerun,1
2023,726,main,3
2025,723,main,3
2028,722,main,3
2031,1002031,rerun,2
2035,730,main,3
2036,729,main,3
2038,1002038,rerun,2
2040,733,main,3
2041,1002041,rerun,1
2042,724,main,3
2043,728,main,3
2044,1002044,rerun,1
2047,725,main,3
2048,727,main,3
2050,731,main,3
2052,734,main,3
2054,732,main,3
2055,735,main,3
2058,737,main,3
2059,738,main,3
2061,736,main,3
2068,1002068,rerun,2
2069,740,main,3
2070,1002070,rerun,1
2074,739,main,3
2075,749,main,3
2078,741,main,3
2080,1002080,rerun,2
2081,1002081,rerun,1
2086,744,main,3
2094,752,main,3
2095,753,main,3
2097,746,main,3
2100,1002100,rerun,2
2102,747,main,3
2103,742,main,3
2104,743,main,3
2106,1002106,rerun,2
2108,748,main,3
2111,745,main,3
2112,1002112,rerun,1
2116,756,main,3
2120,750,main,3
2123,754,main,3
2125,751,main,3
2129,760,main,3
2130,1002130,rerun,1
2132,1002132,rerun,1
2133,1002133,rerun,2
2134,755,main,3
2135,759,main,3
2136,761,main,3
2137,757,main,3
2139,1002139,rerun,2
2140,758,main,3
2153,767,main,3
2154,762,main,3
2155,1002155,rerun,1
2156,763,main,3
2157,768,main,3
2158,765,main,3
2165,764,main,3
2166,769,main,3
2168,777,main,3
2169,775,main,3
2170,766,main,3
2174,773,main,3
2175,776,main,3
2176,1002176,rerun,1
2177,770,main,3
2178,778,main,3
2179,772,main,3
2180,771,main,3
2182,780,main,3
2183,781,main,3
2184,774,main,3
2186,779,main,3
2187,1002187,rerun,2
2191,784,main,3
2192,785,main,3
2193,786,main,3
2194,782,main,3
2196,783,main,3
2197,789,main,3
2203,788,main,3
2204,1002204,rerun,1
2205,793,main,3
2206,787,main,3
2208,791,main,3
2209,1002209,rerun,1
2210,792,main,3
2215,795,main,3
2216,790,main,3
2218,1002218,rerun,1
2220,1002220,rerun,1
2223,1002223,rerun,2
2226,1002226,rerun,1
2230,794,main,3
2231,796,main,3
2233,1002233,rerun,1
2236,1002236,rerun,1
2237,799,main,3
2238,798,main,3
2239,797,main,3
2244,1002244,rerun,2
2246,803,main,3
2251,806,main,3
2253,807,main,3
2255,802,main,3
2256,800,main,3
2258,801,main,3
2260,1002260,rerun,1
2262,809,main,3
2263,805,main,3
2264,1002264,rerun,2
2265,804,main,3
2267,1002267,rerun,1
2268,814,main,3
2269,808,main,3
2271,813,main,3
2272,812,main,3
2273,810,main,3
2278,1002278,rerun,1
2282,1002282,rerun,2
2284,817,main,3
2285,811,main,3
2287,816,main,3
2289,1002289,rerun,2
2290,815,main,3
2291,822,main,3
2292,1002292,rerun,1
2294,818,main,3
2298,823,main,3
2299,820,main,3
2300,821,main,3
2301,1002301,rerun,2
2303,819,main,3
2305,1002305,rerun,1
2308,831,main,3
2312,827,main,3
2318,1002318,rerun,2
2322,824,main,3
2323,826,main,3
2327,829,main,3
2332,825,main,3
2333,832,main,3
2334,828,main,3
2336,834,main,3
2337,1002337,rerun,2
2338,830,main,3
2339,833,main,3
2344,1002344,rerun,1
2345,836,main,3
2347,835,main,3
2349,837,main,3
2353,1002353,rerun,2
2354,1002354,rerun,1
2355,838,main,3
2357,842,main,3
2358,839,main,3
2362,841,main,3
2363,844,main,3
2365,1002365,rerun,1
2366,840,main,3
2368,846,main,3
2369,843,main,3
2374,1002374,rerun,2
2375,1002375,rerun,1
2376,1002376,rerun,1
2378,847,main,3
2379,851,main,3
2380,845,main,3
2381,850,main,3
2382,1002382,rerun,1
2385,852,main,3
2388,848,main,3
2389,849,main,3
2390,853,main,3
2391,854,main,3
2393,1002393,rerun,1
2394,1002394,rerun,1
2395,1002395,rerun,2
2396,856,main,3
2397,861,main,3
2399,857,main,3
2400,1002400,rerun,2
2401,858,main,3
2402,855,main,3
2403,859,main,3
2406,862,main,3
2407,860,main,3
2409,863,main,3
2416,1002416,rerun,1
2422,1002422,rerun,1
2425,864,main,3
2427,875,main,3
2429,865,main,3
2430,1002430,rerun,1
2435,1002435,rerun,2
2443,868,main,3
2446,870,main,3
2447,872,main,3
2448,1002448,rerun,1
2449,876,main,3
2450,867,main,3
2451,871,main,3
2452,1002452,rerun,1
2453,869,main,3
2454,874,main,3
2455,1002455,rerun,1
2457,873,main,3
2458,866,main,3
2462,1002462,rerun,1
2463,877,main,3
2467,881,main,3
2468,880,main,3
2469,879,main,3
2471,1002471,rerun,2
2472,878,main,3
2477,885,main,3
2482,1002482,rerun,1
2483,883,main,3
2485,884,main,3
2486,882,main,3
2488,886,main,3
2489,887,main,3
2491,1002491,rerun,2
2492,890,main,3
2498,895,main,3
2499,888,main,3
2500,1002500,rerun,1
2504,893,main,3
2506,1002506,rerun,1
2507,897,main,3
2508,889,main,3
2509,892,main,3
2511,898,main,3
2512,1002512,rerun,2
2513,894,main,3
2514,891,main,3
2515,900,main,3
2516,899,main,3
2518,1002518,rerun,1
2522,896,main,3
2538,901,main,3
2540,1002540,rerun,2
2543,902,main,3
2549,905,main,3
2552,907,main,3
2554,903,main,3
2555,906,main,3
2556,1002556,rerun,2
2557,1002557,rerun,1
2558,909,main,3
2559,911,main,3
2560,1002560,rerun,2
2563,1002563,rerun,2
2565,904,main,3
2567,910,main,3
2568,908,main,3
2571,1002571,rerun,1
2572,1002572,rerun,1
2577,1002577,rerun,2
2578,912,main,3
2579,1002579,rerun,2
2582,914,main,3
2584,915,main,3
2586,918,main,3
2589,919,main,3
2590,913,main,3
2591,916,main,3
2592,920,main,3
2594,1002594,rerun,1
2595,917,main,3
2597,921,main,3
2598,1002598,rerun,1
2600,1002600,rerun,1
2602,924,main,3
2603,1002603,rerun,2
2604,922,main,3
2605,927,main,3
2608,1002608,rerun,2
2610,1002610,rerun,2
2613,1002613,rerun,2
2615,1002615,rerun,2
2616,926,main,3
2617,925,main,3
2619,923,main,3
2622,940,main,3
2623,928,main,3
2624,932,main,3
2626,937,main,3
2629,936,main,3
2631,1002631,rerun,2
2632,933,main,3
2633,929,main,3
2634,1002634,rerun,2
2635,935,main,3
2637,934,main,3
2638,930,main,3
2639,1002639,rerun,2
2642,931,main,3
2643,941,main,3
2644,944,main,3
2645,938,main,3
2646,939,main,3
2648,945,main,3
2649,943,main,3
2650,1002650,rerun,2
2651,942,main,3
2653,1002653,rerun,2
2654,1002654,rerun,2
2656,947,main,3
2659,1002659,rerun,2
2665,951,main,3
2666,946,main,3
2667,950,main,3
2668,949,main,3
2671,955,main,3
2673,1002673,rerun,2
2674,954,main,3
2675,1002675,rerun,2
2676,956,main,3
2677,948,main,3
2681,1002681,rerun,2
2682,1002682,rerun,2
2683,953,main,3
2687,952,main,3
2690,965,main,3
2695,957,main,3
2698,958,main,3
2699,1002699,rerun,2
2701,962,main,3
2702,1002702,rerun,2
2704,1002704,rerun,1
2706,960,main,3
2707,964,main,3
2708,961,main,3
2709,968,main,3
2710,959,main,3
2711,1002711,rerun,1
2714,967,main,3
2716,966,main,3
2717,963,main,3
2724,1002724,rerun,2
2727,1002727,rerun,2
2733,1002733,rerun,1
2735,1002735,rerun,2
2736,971,main,3
2737,969,main,3
2741,972,main,3
2742,976,main,3
2743,970,main,3
2748,973,main,3
2750,1002750,rerun,1
2751,975,main,3
2757,978,main,3
2759,977,main,3
2760,974,main,3
2762,984,main,3
2770,980,main,3
2772,979,main,3
2773,1002773,rerun,2
2774,989,main,3
2775,983,main,3
2779,981,main,3
2781,982,main,3
2785,986,main,3
2786,1002786,rerun,2
2787,987,main,3
2789,990,main,3
2790,1002790,rerun,2
2791,985,main,3
2793,992,main,3
2794,1002794,rerun,2
2795,988,main,3
2798,991,main,3
2799,994,main,3
2801,1002801,rerun,2
2803,999,main,3
2808,1002808,rerun,2
2810,997,main,3
2814,1002814,rerun,2
2815,995,main,3
2817,993,main,3
2821,1002821,rerun,1
2822,1002822,rerun,2
2824,1002824,rerun,2
2826,1002826,rerun,2
2829,1005,main,3
2830,998,main,3
2833,1003,main,3
2834,996,main,3
2836,1002836,rerun,1
2838,1006,main,3
2842,1001,main,3
2844,1002844,rerun,1
2846,1000,main,3
2847,1004,main,3
2849,1007,main,3
2853,1002,main,3
2854,1008,main,3
2856,1002856,rerun,1
2858,1013,main,3
2860,1002860,rerun,1
2861,1009,main,3
2862,1002862,rerun,2
2863,1002863,rerun,2
2866,1010,main,3
2868,1002868,rerun,1
2870,1002870,rerun,2
2871,1018,main,3
2872,1011,main,3
2874,1002874,rerun,1
2875,1012,main,3
2876,1002876,rerun,1
2877,1019,main,3
2878,1017,main,3
2879,1014,main,3
2880,1016,main,3
2881,1015,main,3
2882,1002882,rerun,2
2885,1022,main,3
2887,1020,main,3
2890,1021,main,3
2891,1027,main,3
2892,1024,main,3
2894,1026,main,3
2895,1030,main,3
2896,1025,main,3
2897,1029,main,3
2898,1031,main,3
2899,1028,main,3
2900,1023,main,3
2902,1032,main,3
2905,1033,main,3
2908,1002908,rerun,1
2909,1042,main,3
2910,1043,main,3
2911,1002911,rerun,2
2912,1035,main,3
2915,1034,main,3
2917,1044,main,3
2918,1039,main,3
2919,1037,main,3
2920,1002920,rerun,1
2921,1041,main,3
2923,1040,main,3
2925,1036,main,3
2927,1038,main,3
2928,1049,main,3
2929,1047,main,3
2930,1045,main,3
2931,1050,main,3
2932,1051,main,3
2933,1046,main,3
2934,1002934,rerun,1
2936,1048,main,3
2937,1002937,rerun,2
2940,1052,main,3
2941,1055,main,3
2942,1002942,rerun,2
2943,1058,main,3
2944,1053,main,3
2945,1002945,rerun,1
2949,1054,main,3
2952,1059,main,3
2953,1056,main,3
2957,1060,main,3
2961,1057,main,3
2963,1064,main,3
2964,1002964,rerun,2
2966,1002966,rerun,2
2968,1066,main,3
2970,1063,main,3
2971,1002971,rerun,1
2972,1002972,rerun,1
2973,1068,main,3
2975,1062,main,3
2978,1061,main,3
2990,1067,main,3
2991,1002991,rerun,1
2992,1065,main,3
2995,1074,main,3
2997,1071,main,3
2998,1002998,rerun,2
3001,1070,main,3
3002,1069,main,3
3003,1073,main,3
3004,1072,main,3
3006,1075,main,3
3007,1080,main,3
3011,1003011,rerun,2
3014,1077,main,3
3015,1076,main,3
3017,1078,main,3
3020,1079,main,3
3023,1003023,rerun,2
3025,1081,main,3
3026,1083,main,3
3028,1003028,rerun,1
3029,1082,main,3
3031,1084,main,3
3037,1086,main,3
3038,1085,main,3
3039,1087,main,3
3042,1003042,rerun,2
3044,1003044,rerun,2
3045,1003045,rerun,1
3047,1003047,rerun,2
3050,1088,main,3
3052,1003052,rerun,2
3055,1003055,rerun,2
3056,1089,main,3
3058,1091,main,3
3061,1090,main,3
3062,1093,main,3
3063,1099,main,3
3065,1092,main,3
3066,1095,main,3
3068,1094,main,3
3071,1003071,rerun,2
3072,1098,main,3
3075,1101,main,3
3081,1097,main,3
3084,1105,main,3
3085,1102,main,3
3086,1103,main,3
3087,1108,main,3
3088,1100,main,3
3089,1096,main,3
3090,1003090,rerun,2
3095,1104,main,3
3096,1111,main,3
3097,1107,main,3
3099,1106,main,3
3100,1112,main,3
3101,1109,main,3
3102,1003102,rerun,1
3103,1113,main,3
3104,1110,main,3
3108,1114,main,3
3109,1003109,rerun,1
3111,1117,main,3
3115,1116,main,3
3117,1115,main,3
3120,1120,main,3
3126,1121,main,3
3127,1122,main,3
3131,1118,main,3
3134,1124,main,3
3135,1123,main,3
3140,1003140,rerun,2
3143,1119,main,3
3145,1003145,rerun,2
3146,1126,main,3
3147,1125,main,3
3148,1130,main,3
3149,1133,main,3
3150,1127,main,3
3153,1003153,rerun,2
3155,1129,main,3
3157,1128,main,3
3158,1003158,rerun,2
3160,1003160,rerun,1
3165,1134,main,3
3167,1131,main,3
3172,1003172,rerun,1
3173,1003173,rerun,2
3175,1132,main,3
3176,1136,main,3
3177,1141,main,3
3178,1137,main,3
3181,1003181,rerun,2
3182,1135,main,3
3183,1140,main,3
3186,1003186,rerun,2
3188,1139,main,3
3194,1003194,rerun,1
3195,1003195,rerun,1
3197,1146,main,3
3198,1148,main,3
3200,1138,main,3
3201,1142,main,3
3203,1003203,rerun,2
3211,1149,main,3
3212,1143,main,3
3216,1145,main,3
3217,1147,main,3
3222,1144,main,3
3224,1003224,rerun,2
3225,1003225,rerun,2
3230,1003230,rerun,1
3232,1151,main,3
3233,1153,main,3
3234,1154,main,3
3235,1152,main,3
3236,1003236,rerun,2
3241,1150,main,3
3242,1003242,rerun,1
3244,1003244,rerun,2
3246,1156,main,3
3247,1159,main,3
3249,1157,main,3
3250,1164,main,3
3251,1003251,rerun,1
3252,1155,main,3
3254,1158,main,3
3255,1163,main,3
3256,1003256,rerun,2
3258,1162,main,3
3259,1161,main,3
3260,1160,main,3
3265,1003265,rerun,2
3266,1003266,rerun,2
3269,1003269,rerun,1
3270,1003270,rerun,2
3277,1165,main,3
3278,1166,main,3
3280,1003280,rerun,1
3282,1003282,rerun,1
3284,1003284,rerun,1
3286,1169,main,3
3288,1167,main,3
3290,1003290,rerun,2
3291,1176,main,3
3295,1168,main,3
3296,1177,main,3
3297,1170,main,3
3301,1171,main,3
3304,1174,main,3
3305,1172,main,3
3309,1173,main,3
3310,1003310,rerun,1
3314,1175,main,3
3315,1180,main,3
3316,1003316,rerun,1
3319,1182,main,3
3321,1003321,rerun,2
3323,1178,main,3
3324,1179,main,3
3330,1184,main,3
3331,1181,main,3
3332,1183,main,3
3333,1003333,rerun,1
3336,1186,main,3
3337,1003337,rerun,1
3340,1003340,rerun,2
3341,1185,main,3
3343,1003343,rerun,1
3344,1190,main,3
3345,1188,main,3
3349,1189,main,3
3351,1187,main,3
3353,1191,main,3
3354,1193,main,3
3356,1197,main,3
3357,1192,main,3
3358,1196,main,3
3359,1200,main,3
3360,1003360,rerun,1
3361,1003361,rerun,2
3364,1198,main,3
3365,1194,main,3
3366,1195,main,3
3373,1199,main,3
3378,1003378,rerun,2
3382,1003382,rerun,2
3383,1206,main,3
3384,1209,main,3
3385,1201,main,3
3387,1203,main,3
3394,1202,main,3
3395,1205,main,3
3397,1210,main,3
3398,1208,main,3
3401,1207,main,3
3403,1204,main,3
3404,1212,main,3
3405,1211,main,3
3408,1214,main,3
3410,1003410,rerun,2
3412,1003412,rerun,2
3413,1216,main,3
3415,1215,main,3
3416,1213,main,3
3421,1220,main,3
3428,1218,main,3
3429,1003429,rerun,1
3431,1003431,rerun,1
3435,1217,main,3
3436,1222,main,3
3438,1223,main,3
3439,1221,main,3
3441,1219,main,3
3443,1003443,rerun,2
3445,1003445,rerun,1
3447,1003447,rerun,2
3449,1003449,rerun,1
3453,1224,main,3
3454,1225,main,3
3456,1003456,rerun,2
3458,1230,main,3
3459,1227,main,3
3462,1003462,rerun,2
3463,1003463,rerun,2
3467,1226,main,3
3468,1003468,rerun,1
3472,1003472,rerun,1
3473,1003473,rerun,2
3474,1228,main,3
3481,1003481,rerun,1
3482,1235,main,3
3484,1229,main,3
3485,1231,main,3
3488,1003488,rerun,2
3489,1232,main,3
3490,1233,main,3
3492,1003492,rerun,1
3496,1234,main,3
3497,1003497,rerun,2
3498,1003498,rerun,2
3499,1003499,rerun,2
3500,1003500,rerun,1
3501,1003501,rerun,1
3503,1003503,rerun,2
3506,1237,main,3
3509,1240,main,3
3511,1236,main,3
3513,1244,main,3
3516,1238,main,3
3517,1243,main,3
3519,1247,main,3
3520,1239,main,3
3521,1241,main,3
3522,1242,main,3
3523,1003523,rerun,2
3525,1248,main,3
3528,1003528,rerun,1
3529,1003529,rerun,2
3530,1246,main,3
3531,1250,main,3
3532,1245,main,3
3534,1249,main,3
3544,1251,main,3
3549,1252,main,3
3552,1255,main,3
3553,1256,main,3
3556,1263,main,3
3557,1254,main,3
3558,1253,main,3
3559,1261,main,3
3560,1262,main,3
3562,1258,main,3
3563,1257,main,3
3565,1259,main,3
3566,1260,main,3
3568,1264,main,3
3571,1003571,rerun,2
3572,1265,main,3
3578,1267,main,3
3579,1269,main,3
3580,1266,main,3
3581,1003581,rerun,1
3587,1270,main,3
3588,1268,main,3
3590,1003590,rerun,1
3591,1003591,rerun,2
3597,1272,main,3
3598,1271,main,3
3600,1274,main,3
3601,1003601,rerun,2
3602,1003602,rerun,1
3604,1003604,rerun,1
3606,1276,main,3
3608,1273,main,3
3609,1281,main,3
3611,1003611,rerun,2
3613,1275,main,3
3615,1279,main,3
3617,1003617,rerun,2
3619,1003619,rerun,1
3620,1278,main,3
3621,1003621,rerun,1
3623,1003623,rerun,2
3624,1003624,rerun,2
3627,1283,main,3
3628,1277,main,3
3629,1284,main,3
3630,1290,main,3
3634,1003634,rerun,2
3636,1280,main,3
3638,1282,main,3
3642,1287,main,3
3647,1292,main,3
3650,1286,main,3
3651,1285,main,3
3652,1288,main,3
3654,1289,main,3
3655,1293,main,3
3656,1003656,rerun,2
3659,1296,main,3
3661,1291,main,3
3662,1295,main,3
3664,1294,main,3
3668,1297,main,3
3670,1003670,rerun,1
3674,1003674,rerun,2
3681,1298,main,3
3682,1003682,rerun,1
3684,1305,main,3
3686,1299,main,3
3687,1303,main,3
3688,1003688,rerun,2
3690,1300,main,3
3691,1304,main,3
3694,1302,main,3
3695,1003695,rerun,1
3696,1301,main,3
3698,1308,main,3
3700,1312,main,3
3702,1003702,rerun,2
3703,1003703,rerun,2
3704,1003704,rerun,2
3706,1307,main,3
3707,1309,main,3
3710,1003710,rerun,2
3711,1311,main,3
3713,1310,main,3
3714,1306,main,3
3715,1315,main,3
3717,1313,main,3
3718,1003718,rerun,1
3719,1314,main,3
3720,1003720,rerun,2
3723,1003723,rerun,2
3726,1316,main,3
3729,1320,main,3
3730,1317,main,3
3731,1321,main,3
3734,1319,main,3
3735,1318,main,3
3739,1326,main,3
3740,1322,main,3
3742,1324,main,3
3746,1323,main,3
3747,1003747,rerun,2
3748,1325,main,3
3753,1328,main,3
3754,1336,main,3
3757,1334,main,3
3758,1327,main,3
3761,1330,main,3
3763,1329,main,3
3764,1003764,rerun,1
3765,1338,main,3
3767,1332,main,3
3768,1331,main,3
3769,1337,main,3
3770,1003770,rerun,1
3771,1003771,rerun,2
3773,1003773,rerun,2
3777,1339,main,3
3778,1335,main,3
3779,1340,main,3
3780,1343,main,3
3781,1333,main,3
3782,1342,main,3
3783,1341,main,3
3786,1003786,rerun,2
3791,1344,main,3
3795,1003795,rerun,2
3799,1345,main,3
3800,1348,main,3
3802,1003802,rerun,2
3803,1003803,rerun,1
3804,1349,main,3
3805,1347,main,3
3808,1350,main,3
3809,1351,main,3
3811,1346,main,3
3812,1352,main,3
3814,1003814,rerun,1
3816,1356,main,3
3819,1362,main,3
3820,1360,main,3
3822,1354,main,3
3823,1353,main,3
3825,1003825,rerun,1
3826,1357,main,3
3828,1358,main,3
3830,1363,main,3
3831,1361,main,3
3833,1359,main,3
3834,1355,main,3
3836,1366,main,3
3837,1364,main,3
3838,1365,main,3
3840,1371,main,3
3842,1369,main,3
3843,1370,main,3
3844,1003844,rerun,1
3846,1367,main,3
3848,1372,main,3
3849,1368,main,3
3851,1003851,rerun,2
3853,1003853,rerun,1
3854,1374,main,3
3855,1003855,rerun,2
3857,1377,main,3
3858,1003858,rerun,1
3860,1003860,rerun,2
3864,1376,main,3
3866,1003866,rerun,1
3867,1003867,rerun,1
3868,1373,main,3
3870,1375,main,3
3872,1381,main,3
3875,1378,main,3
3880,1383,main,3
3882,1379,main,3
3886,1384,main,3
3887,1382,main,3
3888,1380,main,3
3890,1386,main,3
3892,1385,main,3
3894,1387,main,3
3895,1391,main,3
3896,1389,main,3
3897,1003897,rerun,2
3899,1390,main,3
3900,1388,main,3
3903,1392,main,3
3905,1394,main,3
3906,1393,main,3
3911,1003911,rerun,1
3913,1395,main,3
3914,1003914,rerun,2
3915,1396,main,3
3918,1003918,rerun,1
3919,1400,main,3
3923,1397,main,3
3928,1398,main,3
3931,1399,main,3
3933,1407,main,3
3936,1402,main,3
3943,1408,main,3
3946,1003946,rerun,1
3948,1401,main,3
3950,1003950,rerun,1
3952,1406,main,3
3955,1003955,rerun,2
3956,1403,main,3
3957,1003957,rerun,2
3958,1412,main,3
3959,1404,main,3
3961,1003961,rerun,2
3962,1409,main,3
3963,1405,main,3
3964,1416,main,3
3965,1413,main,3
3966,1003966,rerun,1
3968,1410,main,3
3970,1003970,rerun,2
3971,1415,main,3
3972,1419,main,3
3973,1414,main,3
3974,1411,main,3
3979,1423,main,3
3980,1424,main,3
3983,1417,main,3
3985,1418,main,3
3988,1420,main,3
3989,1433,main,3
3990,1003990,rerun,2
3991,1426,main,3
3992,1421,main,3
3993,1425,main,3
3994,1422,main,3
3995,1427,main,3
3996,1428,main,3
3999,1003999,rerun,2
4000,1429,main,3
4001,1431,main,3
4002,1430,main,3
4006,1432,main,3
4009,1434,main,3
4011,1435,main,3
4013,1004013,rerun,1
4014,1438,main,3
4019,1004019,rerun,1
4024,1436,main,3
4025,1437,main,3
4026,1441,main,3
4027,1004027,rerun,2
4029,1004029,rerun,1
4030,1004030,rerun,2
4031,1440,main,3
4032,1439,main,3
4033,1004033,rerun,2
4035,1004035,rerun,1
4038,1004038,rerun,2
4040,1443,main,3
4042,1442,main,3
4044,1446,main,3
4045,1449,main,3
4046,1447,main,3
4048,1004048,rerun,2
4049,1004049,rerun,2
4050,1444,main,3
4051,1445,main,3
4053,1004053,rerun,2
4054,1004054,rerun,2
4055,1004055,rerun,2
4056,1448,main,3
4061,1450,main,3
4063,1004063,rerun,2
4066,1452,main,3
4070,1455,main,3
4074,1451,main,3
4077,1454,main,3
4081,1453,main,3
4083,1456,main,3
4085,1457,main,3
4087,1459,main,3
4089,1004089,rerun,2
4090,1004090,rerun,2
4091,1458,main,3
4092,1004092,rerun,1
4093,1462,main,3
4097,1465,main,3
4098,1004098,rerun,2
4101,1461,main,3
4104,1463,main,3
4106,1460,main,3
4108,1004108,rerun,2
4111,1468,main,3
4113,1467,main,3
4115,1464,main,3
4116,1004116,rerun,2
4118,1004118,rerun,2
4119,1004119,rerun,2
4120,1004120,rerun,2
4121,1004121,rerun,2
4122,1466,main,3
4125,1471,main,3
4128,1470,main,3
4129,1472,main,3
4131,1004131,rerun,2
4132,1474,main,3
4133,1469,main,3
4135,1004135,rerun,2
4140,1004140,rerun,1
4141,1004141,rerun,1
4143,1476,main,3
4145,1004145,rerun,2
4146,1473,main,3
4148,1475,main,3
4149,1004149,rerun,1
4150,1004150,rerun,1
4152,1479,main,3
4154,1004154,rerun,2
4159,1478,main,3
4160,1004160,rerun,1
4161,1004161,rerun,2
4164,1482,main,3
4165,1004165,rerun,1
4166,1477,main,3
4170,1488,main,3
4171,1480,main,3
4172,1004172,rerun,1
4173,1487,main,3
4176,1483,main,3
4177,1486,main,3
4178,1485,main,3
4179,1481,main,3
4182,1490,main,3
4183,1489,main,3
4184,1484,main,3
4189,1491,main,3
4190,1004190,rerun,1
4193,1004193,rerun,1
4194,1493,main,3
4195,1492,main,3
4196,1004196,rerun,2
4199,1004199,rerun,2
4201,1494,main,3
4204,1495,main,3
4205,1497,main,3
4206,1496,main,3
4208,1498,main,3
4209,1501,main,3
4211,1004211,rerun,2
4215,1004215,rerun,1
4217,1499,main,3
4220,1500,main,3
4221,1508,main,3
4222,1502,main,3
4229,1004229,rerun,1
4230,1503,main,3
4232,1004232,rerun,1
4236,1506,main,3
4237,1505,main,3
4238,1504,main,3
4241,1004241,rerun,2
4245,1507,main,3
4249,1513,main,3
4253,1509,main,3
4256,1512,main,3
4258,1511,main,3
4260,1510,main,3
4262,1515,main,3
4278,1514,main,3
4279,1516,main,3
4281,1517,main,3
4287,1004287,rerun,2
4289,1520,main,3
4291,1518,main,3
4293,1519,main,3
4294,1004294,rerun,1
4296,1527,main,3
4297,1004297,rerun,1
4299,1004299,rerun,1
4300,1530,main,3
4301,1521,main,3
4302,1528,main,3
4304,1522,main,3
4306,1524,main,3
4307,1004307,rerun,1
4309,1523,main,3
4312,1525,main,3
4314,1526,main,3
4317,1531,main,3
4319,1004319,rerun,1
4321,1529,main,3
4322,1532,main,3
4325,1004325,rerun,1
4326,1533,main,3
4328,1534,main,3
4329,1540,main,3
4330,1537,main,3
4331,1535,main,3
4333,1004333,rerun,1
4334,1538,main,3
4336,1536,main,3
4338,1539,main,3
4339,1544,main,3
4340,1543,main,3
4341,1542,main,3
4343,1541,main,3
4344,1547,main,3
4347,1545,main,3
4348,1551,main,3
4350,1546,main,3
4351,1004351,rerun,1
4355,1553,main,3
4362,1548,main,3
4363,1550,main,3
4365,1004365,rerun,1
4367,1549,main,3
4368,1004368,rerun,1
4369,1552,main,3
4373,1555,main,3
4374,1004374,rerun,1
4378,1556,main,3
4379,1004379,rerun,1
4380,1560,main,3
4381,1554,main,3
4382,1558,main,3
4383,1004383,rerun,2
4384,1559,main,3
4392,1562,main,3
4393,1561,main,3
4394,1557,main,3
4395,1564,main,3
4401,1566,main,3
4402,1565,main,3
4403,1563,main,3
4404,1004404,rerun,1
4405,1568,main,3
4407,1004407,rerun,2
4408,1570,main,3
4409,1567,main,3
4410,1569,main,3
4412,1573,main,3
4416,1004416,rerun,1
4417,1004417,rerun,1
4424,1585,main,3
4425,1572,main,3
4427,1574,main,3
4428,1575,main,3
4429,1576,main,3
4430,1571,main,3
4433,1004433,rerun,2
4434,1004434,rerun,1
4435,1581,main,3
4437,1004437,rerun,2
4438,1577,main,3
4440,1579,main,3
4442,1580,main,3
4444,1578,main,3
4447,1584,main,3
4449,1582,main,3
4450,1583,main,3
4457,1004457,rerun,1
4459,1586,main,3
4460,1004460,rerun,1
4461,1004461,rerun,2
4464,1588,main,3
4465,1587,main,3
4466,1589,main,3
4467,1593,main,3
4469,1591,main,3
4471,1590,main,3
4473,1004473,rerun,2
4474,1592,main,3
4475,1596,main,3
4477,1595,main,3
4479,1594,main,3
4480,1599,main,3
4481,1597,main,3
4484,1600,main,3
4485,1598,main,3
4487,1004487,rerun,2
4490,1004490,rerun,1
4491,1601,main,3
4492,1606,main,3
4493,1004493,rerun,1
4498,1004498,rerun,2
4500,1004500,rerun,1
4501,1604,main,3
4502,1603,main,3
4503,1602,main,3
4504,1607,main,3
4505,1605,main,3
4510,1608,main,3
4514,1609,main,3
4519,1611,main,3
4523,1004523,rerun,2
4524,1616,main,3
4525,1610,main,3
4526,1612,main,3
4527,1614,main,3
4528,1004528,rerun,1
4530,1613,main,3
4531,1615,main,3
4532,1004532,rerun,2
4533,1620,main,3
4534,1619,main,3
4535,1617,main,3
4536,1004536,rerun,2
4538,1621,main,3
4540,1004540,rerun,2
4542,1618,main,3
4544,1625,main,3
4545,1624,main,3
4546,1622,main,3
4547,1623,main,3
4548,1004548,rerun,2
4549,1626,main,3
4550,1628,main,3
4551,1629,main,3
4554,1004554,rerun,1
4555,1627,main,3
4559,1630,main,3
4562,1004562,rerun,2
4566,1004566,rerun,2
4567,1634,main,3
4569,1635,main,3
4572,1004572,rerun,1
4573,1642,main,3
4577,1637,main,3
4579,1638,main,3
4580,1004580,rerun,1
4582,1633,main,3
4583,1639,main,3
4585,1632,main,3
4590,1631,main,3
4592,1640,main,3
4593,1004593,rerun,1
4595,1641,main,3
4596,1636,main,3
4599,1643,main,3
4602,1645,main,3
4604,1004604,rerun,1
4605,1004605,rerun,1
4606,1004606,rerun,1
4610,1658,main,3
4612,1644,main,3
4613,1647,main,3
4615,1646,main,3
4617,1004617,rerun,2
4620,1004620,rerun,2
4624,1649,main,3
4627,1004627,rerun,1
4628,1651,main,3
4629,1648,main,3
4630,1650,main,3
4633,1656,main,3
4634,1004634,rerun,1
4636,1004636,rerun,2
4638,1655,main,3
4639,1657,main,3
4640,1004640,rerun,2
4642,1654,main,3
4643,1004643,rerun,1
4644,1653,main,3
4645,1652,main,3
4650,1662,main,3
4654,1660,main,3
4655,1659,main,3
4657,1663,main,3
4658,1661,main,3
4659,1664,main,3
4661,1004661,rerun,2
4662,1667,main,3
4664,1004664,rerun,2
4665,1004665,rerun,1
4666,1665,main,3
4669,1666,main,3
4672,1672,main,3
4674,1669,main,3
4675,1671,main,3
4676,1668,main,3
4678,1673,main,3
4680,1670,main,3
4681,1004681,rerun,2
4683,1674,main,3
4686,1675,main,3
4687,1676,main,3
4690,1677,main,3
4691,1679,main,3
4694,1678,main,3
4696,1004696,rerun,2
4697,1682,main,3
4698,1004698,rerun,2
4702,1683,main,3
4709,1681,main,3
4712,1680,main,3
4717,1686,main,3
4718,1684,main,3
4719,1004719,rerun,2
4721,1695,main,3
4722,1685,main,3
4723,1698,main,3
4724,1688,main,3
4725,1696,main,3
4727,1004727,rerun,1
4728,1691,main,3
4735,1687,main,3
4736,1690,main,3
4737,1004737,rerun,1
4739,1692,main,3
4740,1693,main,3
4743,1689,main,3
4744,1694,main,3
4745,1697,main,3
4746,1699,main,3
4748,1701,main,3
4750,1709,main,3
4752,1706,main,3
4754,1702,main,3
4759,1707,main,3
4760,1004760,rerun,2
4762,1710,main,3
4763,1700,main,3
4767,1703,main,3
4770,1004770,rerun,1
4771,1708,main,3
4773,1713,main,3
4775,1712,main,3
4776,1705,main,3
4777,1714,main,3
4778,1704,main,3
4781,1711,main,3
4783,1004783,rerun,2
4785,1718,main,3
4786,1716,main,3
4790,1715,main,3
4792,1717,main,3
4794,1721,main,3
4796,1719,main,3
4797,1720,main,3
4798,1004798,rerun,1
4799,1004799,rerun,1
4801,1726,main,3
4802,1722,main,3
4806,1723,main,3
4807,1727,main,3
4811,1728,main,3
4817,1731,main,3
4818,1725,main,3
4819,1730,main,3
4820,1004820,rerun,2
4822,1737,main,3
4825,1724,main,3
4827,1738,main,3
4831,1734,main,3
4835,1004835,rerun,2
4837,1732,main,3
4840,1729,main,3
4842,1004842,rerun,2
4843,1004843,rerun,1
4846,1740,main,3
4848,1736,main,3
4849,1733,main,3
4850,1739,main,3
4851,1735,main,3
4857,1741,main,3
4858,1004858,rerun,2
4859,1746,main,3
4861,1742,main,3
4862,1745,main,3
4863,1743,main,3
4864,1004864,rerun,1
4866,1744,main,3
4867,1004867,rerun,2
4868,1004868,rerun,1
4869,1004869,rerun,1
4872,1747,main,3
4873,1004873,rerun,2
4875,1004875,rerun,1
4876,1004876,rerun,1
4877,1750,main,3
4879,1748,main,3
4882,1749,main,3
4884,1004884,rerun,1
4888,1753,main,3
4890,1004890,rerun,2
4892,1756,main,3
4894,1004894,rerun,2
4899,1763,main,3
4900,1751,main,3
4902,1752,main,3
4904,1754,main,3
4905,1004905,rerun,1
4906,1758,main,3
4907,1757,main,3
4908,1004908,rerun,1
4913,1759,main,3
4915,1755,main,3
4916,1004916,rerun,2
4920,1004920,rerun,2
4921,1761,main,3
4922,1760,main,3
4924,1004924,rerun,1
4926,1767,main,3
4928,1762,main,3
4930,1764,main,3
4936,1765,main,3
4937,1004937,rerun,1
4938,1766,main,3
4942,1004942,rerun,2
4943,1771,main,3
4946,1773,main,3
4948,1768,main,3
4949,1769,main,3
4953,1770,main,3
4956,1772,main,3
4961,1004961,rerun,1
4964,1778,main,3
4965,1004965,rerun,1
4971,1004971,rerun,2
4972,1776,main,3
4973,1775,main,3
4975,1779,main,3
4976,1777,main,3
4977,1004977,rerun,2
4980,1774,main,3
4981,1004981,rerun,1
4982,1781,main,3
4986,1780,main,3
4987,1782,main,3
4990,1783,main,3
4993,1004993,rerun,2
4997,1786,main,3
4998,1791,main,3
5001,1784,main,3
5002,1005002,rerun,2
5003,1785,main,3
5004,1789,main,3
5005,1790,main,3
5006,1788,main,3
5011,1787,main,3
5012,1005012,rerun,2
5013,1796,main,3
5016,1005016,rerun,2
5017,1792,main,3
5018,1005018,rerun,2
5019,1005019,rerun,2
5021,1795,main,3
5023,1005023,rerun,1
5025,1794,main,3
5026,1793,main,3
5027,1005027,rerun,2
5029,1798,main,3
5033,1005033,rerun,1
5036,1005036,rerun,2
5037,1005037,rerun,2
5040,1797,main,3
5041,1800,main,3
5045,1799,main,3
5046,1005046,rerun,1
5048,1802,main,3
5050,1005050,rerun,2
5051,1005051,rerun,1
5052,1805,main,3
5053,1801,main,3
5055,1005055,rerun,1
5056,1005056,rerun,2
5057,1804,main,3
5058,1005058,rerun,2
5059,1811,main,3
5060,1005060,rerun,1
5062,1005062,rerun,1
5063,1803,main,3
5065,1005065,rerun,2
5067,1808,main,3
5071,1806,main,3
5072,1005072,rerun,1
5073,1807,main,3
5074,1810,main,3
5075,1005075,rerun,1
5077,1005077,rerun,1
5078,1812,main,3
5079,1814,main,3
5082,1005082,rerun,1
5087,1816,main,3
5088,1809,main,3
5089,1005089,rerun,2
5092,1813,main,3
5093,1005093,rerun,2
5095,1819,main,3
5096,1817,main,3
5097,1815,main,3
5100,1823,main,3
5101,1005101,rerun,1
5103,1818,main,3
5105,1825,main,3
5106,1820,main,3
5108,1828,main,3
5109,1821,main,3
5110,1822,main,3
5111,1826,main,3
5112,1005112,rerun,2
5113,1005113,rerun,1
5115,1829,main,3
5116,1830,main,3
5119,1827,main,3
5120,1824,main,3
5123,1832,main,3
5128,1005128,rerun,1
5131,1836,main,3
5135,1005135,rerun,2
5136,1831,main,3
5137,1835,main,3
5138,1833,main,3
5142,1837,main,3
5143,1834,main,3
5144,1841,main,3
5147,1839,main,3
5148,1005148,rerun,2
5149,1838,main,3
5150,1005150,rerun,1
5151,1840,main,3
5155,1844,main,3
5156,1843,main,3
5158,1005158,rerun,2
5164,1842,main,3
5167,1845,main,3
5171,1847,main,3
5173,1846,main,3
5174,1850,main,3
5175,1852,main,3
5178,1851,main,3
5179,1849,main,3
5183,1853,main,3
5186,1859,main,3
5187,1848,main,3
5189,1854,main,3
5191,1855,main,3
5192,1856,main,3
5198,1857,main,3
5199,1858,main,3
5203,1860,main,3
5206,1862,main,3
5210,1866,main,3
5211,1864,main,3
5213,1861,main,3
5214,1005214,rerun,2
5215,1865,main,3
5216,1867,main,3
5217,1863,main,3
5224,1869,main,3
5225,1870,main,3
5229,1872,main,3
5231,1005231,rerun,1
5233,1868,main,3
5234,1877,main,3
5237,1874,main,3
5238,1873,main,3
5239,1005239,rerun,1
5240,1876,main,3
5241,1878,main,3
5243,1875,main,3
5244,1871,main,3
5245,1881,main,3
5247,1879,main,3
5249,1880,main,3
5250,1005250,rerun,1
5253,1884,main,3
5256,1005256,rerun,1
5257,1882,main,3
5260,1883,main,3
5261,1005261,rerun,1
5263,1890,main,3
5264,1885,main,3
5266,1886,main,3
5267,1005267,rerun,2
5270,1889,main,3
5273,1892,main,3
5275,1005275,rerun,1
5276,1887,main,3
5281,1894,main,3
5283,1888,main,3
5285,1891,main,3
5286,1897,main,3
5289,1893,main,3
5290,1910,main,3
5291,1896,main,3
5292,1005292,rerun,1
5293,1005293,rerun,1
5294,1005294,rerun,2
5295,1898,main,3
5296,1895,main,3
5299,1899,main,3
5300,1005300,rerun,2
5302,1900,main,3
5303,1901,main,3
5304,1903,main,3
5306,1005306,rerun,2
5308,1902,main,3
5309,1005309,rerun,1
5310,1906,main,3
5311,1005311,rerun,2
5313,1005313,rerun,2
5314,1905,main,3
5317,1909,main,3
5319,1911,main,3
5320,1904,main,3
5321,1907,main,3
5323,1005323,rerun,2
5324,1912,main,3
5326,1913,main,3
5327,1908,main,3
5328,1005328,rerun,2
5332,1914,main,3
5333,1918,main,3
5338,1005338,rerun,2
5339,1920,main,3
5343,1005343,rerun,2
5344,1916,main,3
5345,1915,main,3
5346,1930,main,3
5347,1917,main,3
5351,1005351,rerun,1
5352,1922,main,3
5354,1919,main,3
5356,1924,main,3
5361,1005361,rerun,2
5362,1923,main,3
5363,1005363,rerun,2
5364,1921,main,3
5369,1005369,rerun,2
5371,1926,main,3
5372,1925,main,3
5374,1929,main,3
5375,1927,main,3
5378,1928,main,3
5379,1005379,rerun,2
5382,1005382,rerun,2
5384,1932,main,3
5386,1933,main,3
5388,1931,main,3
5390,1005390,rerun,1
5391,1937,main,3
5392,1936,main,3
5394,1940,main,3
5395,1935,main,3
5396,1938,main,3
5398,1934,main,3
5399,1005399,rerun,2
5400,1941,main,3
5401,1939,main,3
5407,1942,main,3
5409,1943,main,3
5411,1946,main,3
5417,1945,main,3
5419,1944,main,3
5422,1949,main,3
5424,1948,main,3
5425,1956,main,3
5427,1947,main,3
5428,1951,main,3
5429,1950,main,3
5430,1005430,rerun,2
5433,1952,main,3
5434,1005434,rerun,2
5436,1959,main,3
5441,1955,main,3
5443,1954,main,3
5445,1958,main,3
5446,1960,main,3
5448,1957,main,3
5450,1953,main,3
5451,1961,main,3
5455,1005455,rerun,1
5456,1974,main,3
5457,1963,main,3
5458,1964,main,3
5459,1962,main,3
5462,1965,main,3
5464,1966,main,3
5467,1968,main,3
5472,1967,main,3
5473,1970,main,3
5477,1969,main,3
5479,1005479,rerun,2
5480,1972,main,3
5481,1973,main,3
5483,1971,main,3
5484,1975,main,3
5487,1979,main,3
5492,1005492,rerun,1
5493,1005493,rerun,2
5494,1005494,rerun,1
5496,1005496,rerun,1
5498,1977,main,3
5499,1980,main,3
5501,1005501,rerun,2
5502,1005502,rerun,2
5505,1978,main,3
5506,1984,main,3
5507,1976,main,3
5509,1982,main,3
5511,1005511,rerun,1
5512,1983,main,3
5513,1005513,rerun,1
5514,1981,main,3
5516,1987,main,3
5517,1005517,rerun,1
5520,1005520,rerun,2
5521,1986,main,3
5523,1985,main,3
5525,1988,main,3
5531,1005531,rerun,1
5532,1992,main,3
5533,1993,main,3
5535,1999,main,3
5536,1990,main,3
5538,1005538,rerun,1
5540,1995,main,3
5541,1989,main,3
5542,1991,main,3
5543,1996,main,3
5546,1994,main,3
5549,1005549,rerun,2
5550,2001,main,3
5551,1997,main,3
5556,1998,main,3
5559,1005559,rerun,2
5560,1005560,rerun,2
5566,2000,main,3
5568,2004,main,3
5569,1005569,rerun,2
5570,2006,main,3
5571,2003,main,3
5572,2002,main,3
5574,2005,main,3
5575,2008,main,3
5577,1005577,rerun,2
5578,2009,main,3
5579,2010,main,3
5580,1005580,rerun,2
5584,1005584,rerun,1
5585,2007,main,3
5588,1005588,rerun,1
5592,2012,main,3
5593,1005593,rerun,1
5594,1005594,rerun,2
5596,2011,main,3
5599,2016,main,3
5603,2021,main,3
5605,1005605,rerun,1
5606,2013,main,3
5607,1005607,rerun,2
5608,2017,main,3
5610,2019,main,3
5611,1005611,rerun,2
5612,2014,main,3
5613,2018,main,3
5615,2024,main,3
5618,2020,main,3
5619,2023,main,3
5620,2015,main,3
5622,2031,main,3
5625,1005625,rerun,1
5626,2025,main,3
5627,2022,main,3
5629,2027,main,3
5630,2026,main,3
5634,2032,main,3
5635,2030,main,3
5636,1005636,rerun,1
5638,2029,main,3
5639,2035,main,3
5640,2028,main,3
5641,2034,main,3
5642,2033,main,3
5645,2036,main,3
5647,2037,main,3
5651,1005651,rerun,2
5654,1005654,rerun,2
5656,2039,main,3
5657,1005657,rerun,1
5659,1005659,rerun,1
5660,2038,main,3
5669,2041,main,3
5670,2043,main,3
5671,2046,main,3
5674,2042,main,3
5675,2040,main,3
5678,1005678,rerun,1
5679,1005679,rerun,2
5680,1005680,rerun,1
5681,2047,main,3
5682,1005682,rerun,2
5684,2050,main,3
5686,2058,main,3
5687,2052,main,3
5690,2044,main,3
5691,1005691,rerun,1
5694,2045,main,3
5698,2049,main,3
5699,2060,main,3
5700,2051,main,3
5703,2048,main,3
5704,2056,main,3
5706,2054,main,3
5709,2059,main,3
5710,2057,main,3
5711,2055,main,3
5713,2053,main,3
5717,2065,main,3
5720,1005720,rerun,1
5721,1005721,rerun,1
5722,2061,main,3
5723,2062,main,3
5726,2063,main,3
5728,2064,main,3
5729,2066,main,3
5730,1005730,rerun,1
5734,2068,main,3
5736,1005736,rerun,1
5738,2067,main,3
5739,2069,main,3
5748,2070,main,3
5749,2072,main,3
5751,2079,main,3
5752,2075,main,3
5753,2071,main,3
5755,2076,main,3
5757,2073,main,3
5759,2078,main,3
5760,1005760,rerun,1
5761,2080,main,3
5762,2077,main,3
5763,2074,main,3
5768,1005768,rerun,2
5771,2081,main,3
5772,2085,main,3
5773,2084,main,3
5774,1005774,rerun,2
5777,2083,main,3
5779,2082,main,3
5780,2090,main,3
5781,2086,main,3
5788,2089,main,3
5789,2094,main,3
5790,2087,main,3
5791,2091,main,3
5793,2088,main,3
5794,2095,main,3
5796,1005796,rerun,1
5797,1005797,rerun,1
5798,2093,main,3
5799,1005799,rerun,1
5800,2092,main,3
5806,2096,main,3
5809,2099,main,3
5810,1005810,rerun,2
5813,2101,main,3
5814,1005814,rerun,1
5816,2098,main,3
5817,2097,main,3
5822,2100,main,3
5823,2102,main,3
5825,1005825,rerun,1
5829,2104,main,3
5830,1005830,rerun,2
5833,2103,main,3
5838,1005838,rerun,2
5842,2110,main,3
5844,2112,main,3
5846,2119,main,3
5847,2106,main,3
5848,2105,main,3
5849,1005849,rerun,2
5850,2114,main,3
5852,2107,main,3
5853,2109,main,3
5855,2111,main,3
5856,2113,main,3
5857,2108,main,3
5861,1005861,rerun,1
5862,1005862,rerun,2
5864,2120,main,3
5865,2117,main,3
5866,1005866,rerun,2
5867,2115,main,3
5869,2116,main,3
5872,2118,main,3
5877,2126,main,3
5880,2121,main,3
5882,2125,main,3
5883,2124,main,3
5886,2123,main,3
5887,2122,main,3
5889,1005889,rerun,1
5895,2128,main,3
5899,1005899,rerun,2
5900,1005900,rerun,1
5903,2134,main,3
5905,2131,main,3
5909,2129,main,3
5912,2127,main,3
5920,2136,main,3
5922,2130,main,3
5923,2132,main,3
5925,2142,main,3
5927,2133,main,3
5930,1005930,rerun,2
5932,2135,main,3
5933,1005933,rerun,1
5935,2138,main,3
5937,2137,main,3
5938,2140,main,3
5941,2141,main,3
5944,2143,main,3
5945,2139,main,3
5947,1005947,rerun,2
5950,2147,main,3
5954,2144,main,3
5959,2145,main,3
5962,1005962,rerun,2
5965,2150,main,3
5969,2146,main,3
5974,2149,main,3
5977,2148,main,3
5978,2152,main,3
5979,1005979,rerun,2
5981,2153,main,3
5982,2155,main,3
5987,1005987,rerun,1
5990,2151,main,3
5992,2156,main,3
5993,2158,main,3
5994,2154,main,3
5995,2157,main,3
6001,2159,main,3
6002,2162,main,3
6006,1006006,rerun,2
6007,2165,main,3
6008,2160,main,3
6009,2166,main,3
6010,2168,main,3
6012,2161,main,3
6013,2164,main,3
6015,2163,main,3
6019,2167,main,3
6022,1006022,rerun,1
6023,1006023,rerun,1
6025,1006025,rerun,2
6027,2170,main,3
6030,2172,main,3
6031,2173,main,3
6036,2169,main,3
6041,2174,main,3
6044,2175,main,3
6046,2176,main,3
6047,1006047,rerun,1
6049,2171,main,3
6050,2184,main,3
6051,1006051,rerun,2
6053,2179,main,3
6055,2180,main,3
6056,2178,main,3
6058,2177,main,3
6060,1006060,rerun,1
6064,2183,main,3
6065,2181,main,3
6068,2182,main,3
6069,2187,main,3
6070,2186,main,3
6071,2185,main,3
6072,2188,main,3
6079,2193,main,3
6080,2189,main,3
6088,1006088,rerun,1
6093,2191,main,3
6094,2194,main,3
6096,1006096,rerun,1
6099,2190,main,3
6101,2204,main,3
6103,2196,main,3
6104,2192,main,3
6107,2197,main,3
6111,2203,main,3
6112,2198,main,3
6113,2195,main,3
6117,1006117,rerun,2
6119,2200,main,3
6121,1006121,rerun,2
6122,2201,main,3
6124,2199,main,3
6130,2205,main,3
6134,2202,main,3
6140,2210,main,3
6141,2206,main,3
6143,1006143,rerun,2
6144,2209,main,3
6146,2213,main,3
6148,2212,main,3
6149,2207,main,3
6151,1006151,rerun,2
6153,2208,main,3
6154,2216,main,3
6156,1006156,rerun,1
6157,2211,main,3
6161,2217,main,3
6163,2215,main,3
6164,1006164,rerun,1
6165,2222,main,3
6171,2214,main,3
6179,2218,main,3
6182,1006182,rerun,2
6185,2219,main,3
6188,2220,main,3
6191,2221,main,3
6192,1006192,rerun,1
6195,2223,main,3
6196,2230,main,3
6200,1006200,rerun,2
6201,1006201,rerun,1
6202,2228,main,3
6203,2225,main,3
6204,2224,main,3
6207,2229,main,3
6208,2226,main,3
6209,2227,main,3
6210,2232,main,3
6211,1006211,rerun,2
6214,2231,main,3
6222,1006222,rerun,2
6223,1006223,rerun,2
6224,2234,main,3
6227,2233,main,3
6231,1006231,rerun,2
6236,2237,main,3
6238,1006238,rerun,1
6239,2235,main,3
6244,1006244,rerun,2
6246,1006246,rerun,2
6247,2239,main,3
6248,2236,main,3
6251,1006251,rerun,1
6256,2238,main,3
6257,1006257,rerun,2
6258,1006258,rerun,2
6259,1006259,rerun,1
6263,1006263,rerun,1
6264,2240,main,3
6269,2247,main,3
6270,1006270,rerun,2
6272,2245,main,3
6273,1006273,rerun,2
6275,2241,main,3
6276,1006276,rerun,1
6278,2242,main,3
6279,1006279,rerun,1
6281,2243,main,3
6282,2244,main,3
6285,1006285,rerun,2
6287,1006287,rerun,2
6288,2246,main,3
6289,2248,main,3
6290,2249,main,3
6292,1006292,rerun,1
6301,2253,main,3
6303,2251,main,3
6304,2252,main,3
6305,2254,main,3
6307,2250,main,3
6317,1006317,rerun,2
6318,2258,main,3
6320,1006320,rerun,1
6321,2255,main,3
6322,2257,main,3
6332,2256,main,3
6333,1006333,rerun,2
6334,2266,main,3
6335,2260,main,3
6337,2261,main,3
6338,2259,main,3
6339,2262,main,3
6342,2264,main,3
6344,2269,main,3
6347,2268,main,3
6349,1006349,rerun,2
6350,2267,main,3
6353,2263,main,3
6354,2273,main,3
6358,1006358,rerun,2
6359,2274,main,3
6360,2265,main,3
6366,2272,main,3
6370,1006370,rerun,2
6371,2270,main,3
6372,1006372,rerun,2
6375,1006375,rerun,1
6376,2271,main,3
6377,1006377,rerun,1
6379,2277,main,3
6380,1006380,rerun,1
6381,2278,main,3
6382,2280,main,3
6383,2279,main,3
6384,2275,main,3
6385,2276,main,3
6386,1006386,rerun,1
6387,2285,main,3
6388,2289,main,3
6390,2288,main,3
6391,1006391,rerun,1
6395,2281,main,3
6397,2290,main,3
6398,1006398,rerun,1
6399,2283,main,3
6400,2287,main,3
6401,2282,main,3
6403,2286,main,3
6405,2284,main,3
6411,2291,main,3
6414,2297,main,3
6415,2293,main,3
6416,2294,main,3
6417,2292,main,3
6421,1006421,rerun,1
6422,2295,main,3
6425,2299,main,3
6426,1006426,rerun,1
6428,2298,main,3
6430,2302,main,3
6431,2303,main,3
6432,2296,main,3
6434,1006434,rerun,1
6437,2300,main,3
6444,2304,main,3
6445,1006445,rerun,2
6446,2301,main,3
6447,1006447,rerun,2
6449,2306,main,3
6451,2308,main,3
6454,2305,main,3
6455,2307,main,3
6456,1006456,rerun,1
6458,2309,main,3
6462,2316,main,3
6464,2313,main,3
6468,2311,main,3
6469,1006469,rerun,2
6470,2314,main,3
6472,2310,main,3
6474,2317,main,3
6476,2319,main,3
6477,2315,main,3
6480,1006480,rerun,2
6481,2312,main,3
6482,2318,main,3
6484,2320,main,3
6489,2324,main,3
6492,2321,main,3
6493,1006493,rerun,2
6495,2323,main,3
6496,2322,main,3
6501,2326,main,3
6503,2325,main,3
6504,2330,main,3
6505,2328,main,3
6506,1006506,rerun,2
6507,2327,main,3
6508,2333,main,3
6515,2332,main,3
6516,2331,main,3
6517,2334,main,3
6519,2329,main,3
6524,1006524,rerun,1
6526,2335,main,3
6527,2340,main,3
6528,2336,main,3
6534,2337,main,3
6536,1006536,rerun,2
6537,2342,main,3
6541,1006541,rerun,1
6543,1006543,rerun,2
6545,2338,main,3
6546,2347,main,3
6547,2343,main,3
6551,1006551,rerun,2
6554,2346,main,3
6555,2339,main,3
6556,2344,main,3
6559,2341,main,3
6561,1006561,rerun,2
6563,2349,main,3
6564,2348,main,3
6567,2345,main,3
6568,2352,main,3
6569,2351,main,3
6570,2353,main,3
6571,1006571,rerun,1
6572,2350,main,3
6576,1006576,rerun,2
6577,2356,main,3
6579,1006579,rerun,1
6580,1006580,rerun,1
6584,2355,main,3
6585,2354,main,3
6586,2358,main,3
6590,2357,main,3
6591,2364,main,3
6593,1006593,rerun,1
6594,1006594,rerun,2
6595,1006595,rerun,1
6596,2360,main,3
6597,2359,main,3
6601,2361,main,3
6602,2363,main,3
6604,2370,main,3
6607,2362,main,3
6608,1006608,rerun,1
6610,2371,main,3
6611,2365,main,3
6613,2366,main,3
6617,2376,main,3
6620,2368,main,3
6621,2369,main,3
6623,2367,main,3
6628,2379,main,3
6631,2372,main,3
6632,2373,main,3
6633,2378,main,3
6635,2375,main,3
6636,2374,main,3
6637,1006637,rerun,1
6638,2377,main,3
6640,2380,main,3
6641,2384,main,3
6642,2381,main,3
6643,1006643,rerun,2
6644,2382,main,3
6645,1006645,rerun,2
6648,2383,main,3
6649,1006649,rerun,2
6650,2386,main,3
6651,2385,main,3
6653,2387,main,3
6654,1006654,rerun,2
6655,1006655,rerun,2
6657,2388,main,3
6658,1006658,rerun,2
6660,1006660,rerun,2
6661,1006661,rerun,2
6662,2396,main,3
6664,2394,main,3
6665,2395,main,3
6666,2389,main,3
6667,2391,main,3
6668,2390,main,3
6669,2393,main,3
6670,2397,main,3
6671,2392,main,3
6673,2398,main,3
6679,1006679,rerun,2
6682,2399,main,3
6684,2401,main,3
6685,2404,main,3
6687,2403,main,3
6688,2406,main,3
6689,2400,main,3
6690,2402,main,3
6695,1006695,rerun,1
6698,2408,main,3
6700,2405,main,3
6702,1006702,rerun,2
6705,2407,main,3
6706,2409,main,3
6707,2413,main,3
6709,1006709,rerun,2
6710,2414,main,3
6712,2417,main,3
6713,1006713,rerun,2
6714,2412,main,3
6715,1006715,rerun,2
6716,2411,main,3
6717,2420,main,3
6718,2410,main,3
6722,2416,main,3
6723,2415,main,3
6727,2424,main,3
6728,2418,main,3
6733,1006733,rerun,2
6735,2419,main,3
6737,1006737,rerun,2
6738,1006738,rerun,2
6741,1006741,rerun,2
6743,2425,main,3
6745,2422,main,3
6746,2421,main,3
6752,1006752,rerun,1
6754,2423,main,3
6758,1006758,rerun,1
6759,1006759,rerun,1
6769,2429,main,3
6773,2426,main,3
6774,2427,main,3
6780,1006780,rerun,2
6783,2430,main,3
6785,1006785,rerun,1
6791,2432,main,3
6793,1006793,rerun,2
6794,2435,main,3
6797,1006797,rerun,1
6798,2431,main,3
6799,2434,main,3
6800,2428,main,3
6801,2437,main,3
6802,2433,main,3
6803,1006803,rerun,1
6804,2443,main,3
6806,1006806,rerun,1
6808,2438,main,3
6809,2436,main,3
6810,2439,main,3
6812,1006812,rerun,1
6813,1006813,rerun,1
6814,2448,main,3
6817,1006817,rerun,1
6818,2442,main,3
6820,2440,main,3
6823,2441,main,3
6824,2444,main,3
6825,1006825,rerun,1
6826,2445,main,3
6827,2446,main,3
6828,2449,main,3
6829,1006829,rerun,2
6830,2447,main,3
6831,2450,main,3
6833,2451,main,3
6834,1006834,rerun,1
6835,2452,main,3
6836,1006836,rerun,2
6842,2455,main,3
6845,2458,main,3
6846,1006846,rerun,2
6847,1006847,rerun,2
6848,2453,main,3
6849,2456,main,3
6850,2454,main,3
6853,2459,main,3
6854,2460,main,3
6855,2457,main,3
6859,2461,main,3
6863,1006863,rerun,1
6865,2463,main,3
6867,2464,main,3
6868,1006868,rerun,2
6869,2467,main,3
6873,2466,main,3
6875,2468,main,3
6876,2462,main,3
6877,2465,main,3
6887,1006887,rerun,2
6890,1006890,rerun,2
6892,1006892,rerun,2
6893,1006893,rerun,1
6896,2470,main,3
6897,2472,main,3
6899,2469,main,3
6900,2471,main,3
6901,2473,main,3
6902,2482,main,3
6903,2475,main,3
6905,2477,main,3
6907,2474,main,3
6908,2478,main,3
6910,1006910,rerun,1
6914,2479,main,3
6916,2476,main,3
6917,1006917,rerun,2
6920,2483,main,3
6924,1006924,rerun,2
6927,2481,main,3
6928,2480,main,3
6930,1006930,rerun,2
6939,2484,main,3
6944,2488,main,3
6947,2485,main,3
6949,2486,main,3
6952,2492,main,3
6953,2497,main,3
6956,1006956,rerun,2
6957,2491,main,3
6959,2487,main,3
6962,2490,main,3
6964,2493,main,3
6965,2489,main,3
6969,2495,main,3
6973,1006973,rerun,2
6974,1006974,rerun,1
6975,1006975,rerun,2
6976,1006976,rerun,2
6977,2496,main,3
6981,2494,main,3
6983,2500,main,3
6984,2499,main,3
6985,1006985,rerun,2
6987,2498,main,3
6991,2503,main,3
6992,2502,main,3
6993,1006993,rerun,1
6994,2501,main,3
6996,1006996,rerun,1
7000,2504,main,3
7002,1007002,rerun,1
7003,2512,main,3
7006,2506,main,3
7007,1007007,rerun,1
7008,2508,main,3
7017,1007017,rerun,1
7018,2505,main,3
7023,1007023,rerun,1
7027,2513,main,3
7031,2509,main,3
7032,2507,main,3
7034,2515,main,3
7037,1007037,rerun,1
7039,2510,main,3
7041,2517,main,3
7043,2518,main,3
7044,1007044,rerun,2
7045,2514,main,3
7046,2511,main,3
7048,2516,main,3
7054,1007054,rerun,1
7055,2519,main,3
7058,2520,main,3
7059,2521,main,3
7064,1007064,rerun,2
7065,1007065,rerun,1
7066,1007066,rerun,2
7067,1007067,rerun,1
7069,2523,main,3
7070,2526,main,3
7072,2525,main,3
7073,2529,main,3
7074,2522,main,3
7076,1007076,rerun,1
7077,2524,main,3
7078,2530,main,3
7079,2528,main,3
7080,2531,main,3
7081,2533,main,3
7083,2527,main,3
7085,2535,main,3
7086,2532,main,3
7087,2536,main,3
7088,1007088,rerun,1
7089,2534,main,3
7091,2539,main,3
7094,2537,main,3
7095,2538,main,3
7097,2541,main,3
7102,2543,main,3
7103,1007103,rerun,1
7105,1007105,rerun,1
7107,2542,main,3
7108,1007108,rerun,2
7112,2540,main,3
7113,1007113,rerun,2
7118,1007118,rerun,1
7119,2544,main,3
7120,2545,main,3
7129,2551,main,3
7130,2552,main,3
7131,1007131,rerun,2
7134,1007134,rerun,2
7137,1007137,rerun,2
7139,1007139,rerun,2
7141,1007141,rerun,1
7142,2554,main,3
7144,2549,main,3
7145,1007145,rerun,1
7147,2553,main,3
7148,2550,main,3
7151,1007151,rerun,1
7153,2548,main,3
7154,1007154,rerun,1
7155,2546,main,3
7156,2547,main,3
7157,2555,main,3
7163,2558,main,3
7166,2556,main,3
7167,1007167,rerun,2
7170,1007170,rerun,1
7171,2566,main,3
7174,2557,main,3
7176,1007176,rerun,1
7177,2560,main,3
7178,2563,main,3
7180,2561,main,3
7181,2559,main,3
7183,2562,main,3
7184,2564,main,3
7186,2565,main,3
7187,2567,main,3
7191,2571,main,3
7194,2574,main,3
7195,2570,main,3
7196,2568,main,3
7201,2576,main,3
7203,2572,main,3
7207,2569,main,3
7209,2573,main,3
7211,2582,main,3
7212,1007212,rerun,1
7213,2580,main,3
7216,2578,main,3
7217,2584,main,3
7219,2575,main,3
7221,2577,main,3
7222,1007222,rerun,2
7223,2579,main,3
7224,2581,main,3
7225,2585,main,3
7230,2587,main,3
7232,2583,main,3
7233,2586,main,3
7236,2588,main,3
7237,1007237,rerun,1
7240,2599,main,3
7241,2591,main,3
7242,2590,main,3
7244,1007244,rerun,2
7249,2592,main,3
7251,1007251,rerun,2
7252,2589,main,3
7253,1007253,rerun,2
7254,2594,main,3
7255,1007255,rerun,2
7256,2593,main,3
7259,2595,main,3
7260,1007260,rerun,2
7261,2596,main,3
7263,1007263,rerun,2
7264,1007264,rerun,1
7266,2600,main,3
7268,2597,main,3
7270,1007270,rerun,1
7276,1007276,rerun,1
7277,2602,main,3
7279,2603,main,3
7280,1007280,rerun,2
7285,2598,main,3
7286,1007286,rerun,2
7287,2601,main,3
7288,2606,main,3
7291,2604,main,3
7299,1007299,rerun,1
7306,2613,main,3
7307,2605,main,3
7308,1007308,rerun,2
7309,2608,main,3
7310,2611,main,3
7312,1007312,rerun,2
7313,2607,main,3
7315,2610,main,3
7316,2617,main,3
7317,2609,main,3
7318,2615,main,3
7319,1007319,rerun,2
7320,2619,main,3
7321,2616,main,3
7323,2612,main,3
7324,1007324,rerun,2
7326,2614,main,3
7328,2618,main,3
7329,1007329,rerun,1
7331,2621,main,3
7333,2620,main,3
7334,1007334,rerun,2
7335,1007335,rerun,1
7339,1007339,rerun,1
7341,2622,main,3
7344,2623,main,3
7347,2625,main,3
7353,1007353,rerun,2
7354,1007354,rerun,2
7355,2627,main,3
7356,1007356,rerun,2
7357,1007357,rerun,2
7359,2624,main,3
7360,2626,main,3
7364,2630,main,3
7365,2631,main,3
7366,2633,main,3
7368,2628,main,3
7370,1007370,rerun,2
7374,2632,main,3
7379,2629,main,3
7383,2636,main,3
7385,2635,main,3
7387,2638,main,3
7388,2634,main,3
7391,2640,main,3
7392,1007392,rerun,2
7393,1007393,rerun,2
7394,2642,main,3
7396,2637,main,3
7399,2639,main,3
7401,1007401,rerun,1
7406,2641,main,3
7410,2646,main,3
7412,2648,main,3
7413,2644,main,3
7415,2645,main,3
7416,2643,main,3
7419,2651,main,3
7420,2652,main,3
7421,2647,main,3
7422,1007422,rerun,1
7423,2649,main,3
7431,2650,main,3
7435,1007435,rerun,1
7436,1007436,rerun,1
7437,1007437,rerun,1
7438,2659,main,3
7440,1007440,rerun,2
7441,2653,main,3
7443,1007443,rerun,1
7444,1007444,rerun,2
7446,2654,main,3
7448,1007448,rerun,1
7450,2656,main,3
7454,2655,main,3
7455,2663,main,3
7456,2657,main,3
7457,2658,main,3
7458,1007458,rerun,2
7460,2662,main,3
7461,2660,main,3
7464,1007464,rerun,2
7465,2661,main,3
7466,1007466,rerun,2
7470,2665,main,3
7471,2667,main,3
7472,2664,main,3
7473,2669,main,3
7479,2668,main,3
7480,2666,main,3
7481,1007481,rerun,1
7484,1007484,rerun,1
7485,1007485,rerun,2
7487,2671,main,3
7488,1007488,rerun,1
7492,1007492,rerun,2
7493,1007493,rerun,2
7496,2674,main,3
7498,1007498,rerun,2
7499,2677,main,3
7500,2681,main,3
7501,2676,main,3
7504,2670,main,3
7505,1007505,rerun,1
7507,1007507,rerun,1
7509,2673,main,3
7512,2675,main,3
7515,2682,main,3
7517,1007517,rerun,2
7520,2679,main,3
7521,2672,main,3
7522,2678,main,3
7526,1007526,rerun,2
7532,2687,main,3
7534,2688,main,3
7535,2684,main,3
7536,2690,main,3
7537,2689,main,3
7538,1007538,rerun,1
7539,2680,main,3
7541,2685,main,3
7542,1007542,rerun,2
7543,2683,main,3
7546,2686,main,3
7549,2691,main,3
7552,1007552,rerun,2
7553,2695,main,3
7555,1007555,rerun,1
7558,2699,main,3
7559,2693,main,3
7560,2700,main,3
7561,2692,main,3
7563,2696,main,3
7565,2694,main,3
7566,2701,main,3
7568,2702,main,3
7570,1007570,rerun,2
7571,1007571,rerun,2
7572,2703,main,3
7574,2698,main,3
7575,2697,main,3
7580,1007580,rerun,1
7581,2705,main,3
7583,1007583,rerun,2
7587,2708,main,3
7589,2706,main,3
7592,2709,main,3
7594,2712,main,3
7595,1007595,rerun,1
7597,2704,main,3
7599,2707,main,3
7600,2711,main,3
7601,2710,main,3
7603,2713,main,3
7605,2716,main,3
7606,2715,main,3
7607,1007607,rerun,1
7608,2719,main,3
7609,2714,main,3
7610,1007610,rerun,2
7613,2717,main,3
7614,1007614,rerun,1
7615,2721,main,3
7616,1007616,rerun,1
7617,2720,main,3
7618,1007618,rerun,2
7621,2722,main,3
7622,1007622,rerun,1
7623,2723,main,3
7624,2718,main,3
7626,1007626,rerun,2
7627,1007627,rerun,1
7629,1007629,rerun,1
7630,2731,main,3
7632,2725,main,3
7637,2727,main,3
7641,2726,main,3
7642,2728,main,3
7644,2724,main,3
7647,2730,main,3
7648,1007648,rerun,1
7649,2734,main,3
7650,2732,main,3
7651,2729,main,3
7652,1007652,rerun,1
7653,1007653,rerun,1
7657,2736,main,3
7658,1007658,rerun,1
7659,2733,main,3
7660,1007660,rerun,1
7661,2735,main,3
7662,2739,main,3
7664,2746,main,3
7666,2738,main,3
7667,2737,main,3
7670,2740,main,3
7671,2742,main,3
7672,1007672,rerun,1
7673,2741,main,3
7675,2743,main,3
7676,2745,main,3
7681,2749,main,3
7682,2744,main,3
7685,2748,main,3
7687,1007687,rerun,1
7688,2751,main,3
7692,2747,main,3
7694,2750,main,3
7695,1007695,rerun,2
7696,1007696,rerun,2
7697,2753,main,3
7698,1007698,rerun,2
7699,2752,main,3
7702,2756,main,3
7710,1007710,rerun,1
7712,2757,main,3
7713,2754,main,3
7714,2755,main,3
7715,1007715,rerun,2
7716,1007716,rerun,2
7721,1007721,rerun,2
7722,2758,main,3
7723,2763,main,3
7728,2760,main,3
7732,2759,main,3
7733,1007733,rerun,2
7737,2761,main,3
7740,2762,main,3
7741,2768,main,3
7742,2764,main,3
7745,1007745,rerun,1
7748,2765,main,3
7749,2769,main,3
7750,2766,main,3
7752,2767,main,3
7754,2775,main,3
7755,2770,main,3
7756,1007756,rerun,2
7757,2773,main,3
7759,2771,main,3
7762,2772,main,3
7764,2774,main,3
7765,2776,main,3
7766,2778,main,3
7767,1007767,rerun,1
7768,2779,main,3
7769,2780,main,3
7770,2781,main,3
7771,2777,main,3
7773,2785,main,3
7774,2783,main,3
7775,2782,main,3
7777,2788,main,3
7778,2784,main,3
7781,2789,main,3
7783,2787,main,3
7785,1007785,rerun,1
7788,2786,main,3
7791,2790,main,3
7793,1007793,rerun,1
7795,1007795,rerun,2
7796,1007796,rerun,1
7798,1007798,rerun,1
7800,1007800,rerun,1
7801,1007801,rerun,2
7805,2793,main,3
7807,1007807,rerun,1
7808,2792,main,3
7810,1007810,rerun,1
7813,2794,main,3
7819,2796,main,3
7821,2795,main,3
7822,2791,main,3
7839,2799,main,3
7840,2801,main,3
7841,1007841,rerun,2
7843,2800,main,3
7844,1007844,rerun,1
7845,2808,main,3
7846,1007846,rerun,1
7848,2797,main,3
7854,2798,main,3
7858,2802,main,3
7859,2805,main,3
7864,2803,main,3
7865,1007865,rerun,1
7867,1007867,rerun,2
7868,2806,main,3
7869,1007869,rerun,1
7870,2804,main,3
7871,1007871,rerun,2
7873,1007873,rerun,1
7874,2807,main,3
7879,2810,main,3
7881,2809,main,3
7882,2812,main,3
7885,1007885,rerun,1
7887,2814,main,3
7888,1007888,rerun,1
7889,2811,main,3
7890,2815,main,3
7893,2816,main,3
7894,1007894,rerun,2
7896,2813,main,3
7898,2820,main,3
7899,1007899,rerun,2
7900,2817,main,3
7901,2818,main,3
7902,2819,main,3
7903,2821,main,3
7904,1007904,rerun,2
7908,2822,main,3
7910,2823,main,3
7914,1007914,rerun,1
7917,2824,main,3
7918,2830,main,3
7923,2832,main,3
7925,2828,main,3
7926,1007926,rerun,2
7927,2827,main,3
7928,2825,main,3
7929,2826,main,3
7930,1007930,rerun,1
7933,2829,main,3
7938,1007938,rerun,2
7939,1007939,rerun,1
7940,2833,main,3
7941,2831,main,3
7942,1007942,rerun,2
7947,2838,main,3
7948,1007948,rerun,1
7949,2834,main,3
7951,2836,main,3
7952,2837,main,3
7954,2835,main,3
7955,2842,main,3
7961,1007961,rerun,2
7964,2843,main,3
7965,2839,main,3
7967,1007967,rerun,1
7968,2840,main,3
7969,2841,main,3
7970,1007970,rerun,2
7973,2844,main,3
7974,2846,main,3
7975,2849,main,3
7976,2845,main,3
7982,2850,main,3
7985,2851,main,3
7986,2847,main,3
7987,2848,main,3
7988,2853,main,3
7990,2852,main,3
7992,2857,main,3
7994,2855,main,3
7995,1007995,rerun,2
7996,2858,main,3
7997,2854,main,3
7999,2856,main,3
8000,1008000,rerun,1
8001,1008001,rerun,2
8006,2861,main,3
8010,2859,main,3
8011,2860,main,3
8012,2863,main,3
8013,2865,main,3
8015,2868,main,3
8017,2867,main,3
8020,2864,main,3
8021,2866,main,3
8026,2862,main,3
8027,2871,main,3
8028,2876,main,3
8029,2873,main,3
8030,1008030,rerun,2
8031,1008031,rerun,1
8032,2869,main,3
8033,2872,main,3
8034,1008034,rerun,2
8035,1008035,rerun,1
8036,2870,main,3
8037,2875,main,3
8038,2878,main,3
8039,2879,main,3
8040,2874,main,3
8041,1008041,rerun,1
8044,1008044,rerun,2
8045,2877,main,3
8046,2883,main,3
8047,1008047,rerun,1
8048,2880,main,3
8050,2881,main,3
8051,1008051,rerun,1
8052,2882,main,3
8056,2891,main,3
8058,2885,main,3
8059,2884,main,3
8063,1008063,rerun,2
8067,2886,main,3
8072,2887,main,3
8074,2890,main,3
8077,2889,main,3
8079,1008079,rerun,2
8080,1008080,rerun,2
8083,2888,main,3
8086,2893,main,3
8088,1008088,rerun,2
8090,2892,main,3
8091,1008091,rerun,2
8094,2894,main,3
8096,2897,main,3
8097,1008097,rerun,2
8102,2911,main,3
8105,1008105,rerun,1
8106,2903,main,3
8107,1008107,rerun,1
8108,2895,main,3
8110,1008110,rerun,1
8112,2900,main,3
8114,1008114,rerun,2
8116,2902,main,3
8117,2896,main,3
8119,1008119,rerun,1
8120,2898,main,3
8121,1008121,rerun,2
8122,2901,main,3
8126,2899,main,3
8127,1008127,rerun,1
8129,1008129,rerun,2
8130,1008130,rerun,2
8132,2904,main,3
8136,2909,main,3
8137,2905,main,3
8139,1008139,rerun,1
8140,2906,main,3
8141,1008141,rerun,1
8144,2913,main,3
8145,2914,main,3
8146,2907,main,3
8148,2910,main,3
8149,2908,main,3
8150,2912,main,3
8152,2917,main,3
8153,2916,main,3
8154,1008154,rerun,1
8157,2915,main,3
8161,2918,main,3
8163,1008163,rerun,2
8167,2921,main,3
8168,1008168,rerun,2
8169,2922,main,3
8170,2924,main,3
8171,2920,main,3
8172,2926,main,3
8173,2925,main,3
8174,2919,main,3
8175,1008175,rerun,1
8176,1008176,rerun,2
8178,2923,main,3
8179,1008179,rerun,2
8180,1008180,rerun,1
8182,2929,main,3
8184,1008184,rerun,1
8185,1008185,rerun,1
8189,2928,main,3
8190,1008190,rerun,2
8193,2932,main,3
8194,2933,main,3
8196,1008196,rerun,1
8197,2927,main,3
8201,2931,main,3
8202,2930,main,3
8203,1008203,rerun,2
8204,1008204,rerun,2
8205,2934,main,3
8209,2935,main,3
8210,1008210,rerun,1
8214,1008214,rerun,2
8216,1008216,rerun,1
8218,1008218,rerun,2
8220,1008220,rerun,2
8222,1008222,rerun,2
8223,2938,main,3
8225,1008225,rerun,2
8229,2939,main,3
8233,2937,main,3
8235,2936,main,3
8236,2942,main,3
8239,2940,main,3
8240,1008240,rerun,1
8248,2944,main,3
8250,2941,main,3
8252,2947,main,3
8253,1008253,rerun,2
8255,1008255,rerun,2
8256,2950,main,3
8258,2948,main,3
8259,1008259,rerun,1
8262,2949,main,3
8265,2943,main,3
8267,2946,main,3
8269,2951,main,3
8271,2945,main,3
8272,2952,main,3
8273,2953,main,3
8276,1008276,rerun,1
8289,2956,main,3
8291,1008291,rerun,1
8292,2960,main,3
8295,2955,main,3
8296,2958,main,3
8297,1008297,rerun,1
8298,2954,main,3
8301,2957,main,3
8302,1008302,rerun,2
8306,2959,main,3
8312,2961,main,3
8314,1008314,rerun,1
8319,1008319,rerun,1
8322,1008322,rerun,2
8323,2965,main,3
8328,1008328,rerun,2
8329,2963,main,3
8331,2966,main,3
8333,1008333,rerun,1
8337,2962,main,3
8340,1008340,rerun,2
8342,2974,main,3
8344,2969,main,3
8345,2973,main,3
8346,2964,main,3
8347,2967,main,3
8352,2968,main,3
8353,2972,main,3
8354,2970,main,3
8356,2971,main,3
8359,2975,main,3
8360,1008360,rerun,1
8362,2979,main,3
8363,1008363,rerun,1
8369,2977,main,3
8373,2988,main,3
8378,2976,main,3
8379,2987,main,3
8381,2978,main,3
8384,2980,main,3
8386,1008386,rerun,2
8389,2981,main,3
8390,2983,main,3
8393,2982,main,3
8394,1008394,rerun,2
8396,2985,main,3
8399,2990,main,3
8400,2986,main,3
8401,1008401,rerun,1
8404,1008404,rerun,2
8405,2991,main,3
8406,2993,main,3
8407,2984,main,3
8408,2992,main,3
8409,2989,main,3
8412,2995,main,3
8416,2996,main,3
8417,2994,main,3
8418,2997,main,3
8419,2998,main,3
8421,1008421,rerun,2
8422,1008422,rerun,1
8426,3006,main,3
8430,3001,main,3
8431,2999,main,3
8435,1008435,rerun,2
8436,1008436,rerun,1
8437,3000,main,3
8439,3007,main,3
8442,3002,main,3
8444,3003,main,3
8445,3008,main,3
8447,3005,main,3
8448,3009,main,3
8449,3004,main,3
8451,3010,main,3
8453,1008453,rerun,2
8454,1008454,rerun,1
8457,1008457,rerun,2
8460,3014,main,3
8462,3011,main,3
8463,1008463,rerun,1
8465,1008465,rerun,1
8467,3012,main,3
8470,1008470,rerun,1
8478,3013,main,3
8480,3021,main,3
8481,1008481,rerun,1
8483,3019,main,3
8485,3017,main,3
8486,3016,main,3
8487,3015,main,3
8492,3018,main,3
8493,1008493,rerun,1
8494,3022,main,3
8497,3020,main,3
8501,3023,main,3
8502,1008502,rerun,2
8504,3025,main,3
8505,1008505,rerun,1
8506,3024,main,3
8508,3026,main,3
8510,1008510,rerun,1
8512,3028,main,3
8513,3027,main,3
8515,1008515,rerun,2
8516,1008516,rerun,1
8518,1008518,rerun,2
8521,3029,main,3
8525,3030,main,3
8527,3034,main,3
8528,3032,main,3
8532,3033,main,3
8533,1008533,rerun,1
8534,3031,main,3
8535,1008535,rerun,1
8540,1008540,rerun,1
8541,1008541,rerun,2
8543,1008543,rerun,2
8544,3036,main,3
8545,3035,main,3
8547,1008547,rerun,2
8548,3038,main,3
8549,1008549,rerun,1
8550,3039,main,3
8551,3040,main,3
8552,1008552,rerun,1
8553,3041,main,3
8554,1008554,rerun,1
8556,1008556,rerun,1
8557,1008557,rerun,1
8558,3037,main,3
8559,3047,main,3
8561,3044,main,3
8563,3045,main,3
8564,3046,main,3
8568,3043,main,3
8569,3042,main,3
8572,3050,main,3
8575,3048,main,3
8576,1008576,rerun,1
8577,3049,main,3
8579,3052,main,3
8582,3051,main,3
8583,3053,main,3
8587,3056,main,3
8592,3057,main,3
8594,3055,main,3
8595,3058,main,3
8596,1008596,rerun,1
8597,3059,main,3
8598,3060,main,3
8601,3054,main,3
8602,3069,main,3
8604,1008604,rerun,1
8605,3061,main,3
8606,3063,main,3
8607,3064,main,3
8609,1008609,rerun,2
8611,3067,main,3
8612,3062,main,3
8615,3066,main,3
8617,1008617,rerun,2
8619,1008619,rerun,2
8620,1008620,rerun,1
8622,3065,main,3
8623,3068,main,3
8626,3070,main,3
8627,1008627,rerun,1
8632,1008632,rerun,2
8633,3071,main,3
8634,1008634,rerun,1
8635,1008635,rerun,1
8637,3074,main,3
8639,3073,main,3
8640,3072,main,3
8641,1008641,rerun,1
8642,1008642,rerun,2
8645,1008645,rerun,1
8646,3076,main,3
8649,3075,main,3
8652,3077,main,3
8653,1008653,rerun,1
8656,3078,main,3
8659,1008659,rerun,1
8660,3079,main,3
8664,3081,main,3
8665,1008665,rerun,2
8666,3086,main,3
8667,3080,main,3
8671,3084,main,3
8676,3083,main,3
8678,3085,main,3
8680,3082,main,3
8681,3087,main,3
8683,3088,main,3
8684,3090,main,3
8686,1008686,rerun,1
8688,1008688,rerun,1
8691,1008691,rerun,1
8693,3089,main,3
8695,1008695,rerun,2
8697,1008697,rerun,2
8699,1008699,rerun,2
8701,3091,main,3
8702,3099,main,3
8705,3096,main,3
8706,3092,main,3
8709,3094,main,3
8710,3098,main,3
8712,1008712,rerun,1
8713,1008713,rerun,1
8714,1008714,rerun,2
8715,3095,main,3
8717,3093,main,3
8719,1008719,rerun,1
8720,3097,main,3
8721,3104,main,3
8722,3102,main,3
8724,3107,main,3
8725,3103,main,3
8726,3101,main,3
8727,3105,main,3
8729,3100,main,3
8732,3106,main,3
8736,1008736,rerun,1
8737,1008737,rerun,1
8740,1008740,rerun,1
8742,3121,main,3
8743,3111,main,3
8744,3108,main,3
8746,3110,main,3
8749,3116,main,3
8750,3109,main,3
8751,3112,main,3
8754,3118,main,3
8755,3115,main,3
8756,3113,main,3
8757,3119,main,3
8761,3114,main,3
8764,3120,main,3
8766,3125,main,3
8768,3123,main,3
8769,1008769,rerun,1
8771,3122,main,3
8772,3117,main,3
8773,3124,main,3
8776,1008776,rerun,2
8777,3126,main,3
8779,3128,main,3
8783,1008783,rerun,1
8786,3129,main,3
8787,1008787,rerun,1
8788,3131,main,3
8789,3132,main,3
8790,1008790,rerun,2
8791,3127,main,3
8792,1008792,rerun,2
8793,3130,main,3
8795,3139,main,3
8798,3135,main,3
8799,3133,main,3
8801,3144,main,3
8804,1008804,rerun,2
8805,3136,main,3
8808,3138,main,3
8810,3140,main,3
8811,3142,main,3
8812,1008812,rerun,2
8818,3134,main,3
8819,1008819,rerun,1
8820,3143,main,3
8823,1008823,rerun,2
8824,3141,main,3
8825,3149,main,3
8826,3137,main,3
8827,3146,main,3
8830,3147,main,3
8834,3148,main,3
8835,3145,main,3
8842,3154,main,3
8843,3151,main,3
8844,3153,main,3
8845,3150,main,3
8849,3152,main,3
8850,3155,main,3
8854,1008854,rerun,1
8855,3158,main,3
8856,3157,main,3
8858,3159,main,3
8859,3162,main,3
8860,3156,main,3
8865,3165,main,3
8866,3160,main,3
8867,3164,main,3
8869,3171,main,3
8873,3163,main,3
8874,3169,main,3
8875,3166,main,3
8877,3161,main,3
8878,1008878,rerun,2
8880,1008880,rerun,2
8884,1008884,rerun,2
8885,3170,main,3
8886,3172,main,3
8887,1008887,rerun,2
8888,1008888,rerun,2
8890,3168,main,3
8892,1008892,rerun,1
8893,3167,main,3
8900,3173,main,3
8902,3174,main,3
8907,3180,main,3
8909,1008909,rerun,1
8910,3181,main,3
8911,1008911,rerun,1
8912,3179,main,3
8913,3176,main,3
8915,3175,main,3
8917,1008917,rerun,2
8918,3183,main,3
8919,3178,main,3
8920,1008920,rerun,1
8924,3182,main,3
8925,3177,main,3
8926,1008926,rerun,2
8929,3187,main,3
8937,1008937,rerun,2
8941,3185,main,3
8942,3184,main,3
8943,3188,main,3
8947,3190,main,3
8951,3186,main,3
8954,3189,main,3
8955,3192,main,3
8957,3191,main,3
8959,3194,main,3
8962,3199,main,3
8963,3198,main,3
8964,3193,main,3
8965,3195,main,3
8967,3196,main,3
8969,1008969,rerun,1
8971,3197,main,3
8979,3200,main,3
8984,1008984,rerun,1
8985,1008985,rerun,2
8986,3201,main,3
8988,1008988,rerun,2
8991,3202,main,3
8993,3207,main,3
8997,3205,main,3
8998,3203,main,3
9000,3204,main,3
9005,3211,main,3
9009,3209,main,3
9010,3208,main,3
9012,1009012,rerun,2
9014,3206,main,3
9017,3215,main,3
9019,3212,main,3
9022,1009022,rerun,1
9023,3213,main,3
9024,1009024,rerun,1
9026,3214,main,3
9027,3221,main,3
9029,1009029,rerun,1
9031,3216,main,3
9032,3210,main,3
9033,3222,main,3
9035,3217,main,3
9036,3219,main,3
9037,3218,main,3
9039,3223,main,3
9041,1009041,rerun,2
9042,3220,main,3
9045,1009045,rerun,2
9048,3225,main,3
9049,3224,main,3
9050,3231,main,3
9054,3226,main,3
9058,3229,main,3
9065,1009065,rerun,2
9066,3232,main,3
9068,1009068,rerun,2
9069,1009069,rerun,1
9070,3235,main,3
9071,1009071,rerun,2
9073,1009073,rerun,1
9074,3227,main,3
9078,3233,main,3
9079,3228,main,3
9081,1009081,rerun,2
9082,3230,main,3
9086,3237,main,3
9088,3238,main,3
9094,3234,main,3
9096,1009096,rerun,2
9097,3236,main,3
9100,1009100,rerun,2
9103,3239,main,3
9104,1009104,rerun,2
9105,3240,main,3
9107,1009107,rerun,1
9109,3241,main,3
9111,1009111,rerun,1
9115,3242,main,3
9118,3245,main,3
9122,1009122,rerun,1
9123,3243,main,3
9125,3246,main,3
9127,3248,main,3
9128,3250,main,3
9129,1009129,rerun,2
9130,3247,main,3
9131,3244,main,3
9134,3251,main,3
9135,1009135,rerun,2
9136,1009136,rerun,2
9137,3252,main,3
9138,3259,main,3
9142,3256,main,3
9144,3255,main,3
9145,3249,main,3
9147,3253,main,3
9148,3254,main,3
9153,3257,main,3
9156,3264,main,3
9157,1009157,rerun,2
9158,3260,main,3
9160,3263,main,3
9163,3258,main,3
9165,3262,main,3
9166,1009166,rerun,1
9169,3267,main,3
9170,3268,main,3
9171,3269,main,3
9172,3261,main,3
9173,3266,main,3
9176,3265,main,3
9177,3270,main,3
9182,1009182,rerun,1
9185,3271,main,3
9187,3273,main,3
9189,1009189,rerun,1
9191,3274,main,3
9194,1009194,rerun,2
9195,3272,main,3
9196,3281,main,3
9199,3275,main,3
9201,3277,main,3
9214,3285,main,3
9218,3284,main,3
9219,3278,main,3
9220,3283,main,3
9221,3276,main,3
9223,1009223,rerun,2
9224,1009224,rerun,1
9227,1009227,rerun,2
9228,1009228,rerun,2
9230,3279,main,3
9231,1009231,rerun,1
9232,3282,main,3
9234,3286,main,3
9236,3280,main,3
9237,3287,main,3
9240,3289,main,3
9241,3288,main,3
9243,1009243,rerun,2
9245,1009245,rerun,1
9248,3291,main,3
9254,3293,main,3
9256,3295,main,3
9257,3292,main,3
9258,1009258,rerun,1
9259,3308,main,3
9261,3290,main,3
9266,3297,main,3
9267,3299,main,3
9268,3294,main,3
9269,3298,main,3
9270,1009270,rerun,2
9271,3296,main,3
9272,3300,main,3
9275,3303,main,3
9276,3302,main,3
9278,1009278,rerun,1
9279,3305,main,3
9282,3306,main,3
9284,1009284,rerun,2
9285,3301,main,3
9286,3304,main,3
9287,3307,main,3
9288,3311,main,3
9291,3309,main,3
9292,3310,main,3
9293,3312,main,3
9295,3313,main,3
9297,3314,main,3
9298,1009298,rerun,2
9301,1009301,rerun,1
9302,3316,main,3
9303,3321,main,3
9304,3315,main,3
9305,1009305,rerun,1
9306,3320,main,3
9309,3317,main,3
9311,3322,main,3
9312,3319,main,3
9313,3318,main,3
9316,3323,main,3
9323,3326,main,3
9324,3324,main,3
9325,3329,main,3
9326,3330,main,3
9328,3328,main,3
9329,3331,main,3
9330,3325,main,3
9332,1009332,rerun,1
9335,3332,main,3
9336,3335,main,3
9337,1009337,rerun,2
9339,3327,main,3
9340,3334,main,3
9341,3336,main,3
9344,1009344,rerun,1
9346,3337,main,3
9350,3333,main,3
9352,3344,main,3
9355,3338,main,3
9357,3342,main,3
9358,1009358,rerun,2
9359,3340,main,3
9361,3343,main,3
9362,3339,main,3
9363,3341,main,3
9364,3347,main,3
9369,3346,main,3
9371,3350,main,3
9372,3348,main,3
9373,3345,main,3
9374,3349,main,3
9377,3355,main,3
9378,1009378,rerun,2
9379,3358,main,3
9382,1009382,rerun,1
9384,3353,main,3
9385,1009385,rerun,1
9388,3357,main,3
9391,3351,main,3
9392,3356,main,3
9394,1009394,rerun,2
9395,3361,main,3
9396,3359,main,3
9397,3352,main,3
9398,3354,main,3
9401,3360,main,3
9403,3365,main,3
9406,3362,main,3
9407,3363,main,3
9408,3364,main,3
9414,1009414,rerun,2
9415,1009415,rerun,2
9417,3366,main,3
9419,3367,main,3
9421,3369,main,3
9425,3368,main,3
9426,3376,main,3
9429,3370,main,3
9430,1009430,rerun,2
9431,3375,main,3
9432,3380,main,3
9434,3371,main,3
9435,3378,main,3
9437,3373,main,3
9438,3372,main,3
9439,1009439,rerun,2
9444,3374,main,3
9445,3382,main,3
9446,1009446,rerun,2
9447,3379,main,3
9451,3377,main,3
9452,3383,main,3
9456,3381,main,3
9459,3384,main,3
9461,1009461,rerun,1
9466,3386,main,3
9467,3390,main,3
9471,3385,main,3
9473,3389,main,3
9474,3388,main,3
9478,3387,main,3
9482,3391,main,3
9485,1009485,rerun,2
9487,3395,main,3
9488,1009488,rerun,2
9495,3392,main,3
9496,3396,main,3
9499,3394,main,3
9500,3398,main,3
9504,3393,main,3
9505,3401,main,3
9506,1009506,rerun,2
9508,3404,main,3
9509,1009509,rerun,2
9514,3403,main,3
9518,3397,main,3
9519,3400,main,3
9521,3406,main,3
9522,3399,main,3
9525,3402,main,3
9527,3410,main,3
9528,3408,main,3
9529,3405,main,3
9530,1009530,rerun,1
9531,1009531,rerun,2
9532,3407,main,3
9533,3409,main,3
9535,3411,main,3
9537,3413,main,3
9538,1009538,rerun,1
9539,3412,main,3
9541,1009541,rerun,2
9544,3414,main,3
9547,1009547,rerun,1
9549,1009549,rerun,2
9553,3422,main,3
9554,3416,main,3
9555,3415,main,3
9558,3420,main,3
9562,1009562,rerun,1
9563,3419,main,3
9564,1009564,rerun,2
9566,3418,main,3
9567,1009567,rerun,2
9568,3426,main,3
9569,3425,main,3
9570,3417,main,3
9572,1009572,rerun,1
9576,3423,main,3
9577,3421,main,3
9579,1009579,rerun,1
9582,1009582,rerun,1
9587,3430,main,3
9590,3424,main,3
9591,3427,main,3
9592,3429,main,3
9593,3432,main,3
9594,1009594,rerun,2
9595,1009595,rerun,1
9599,1009599,rerun,1
9600,3428,main,3
9602,1009602,rerun,1
9605,3434,main,3
9608,3435,main,3
9609,1009609,rerun,2
9610,3431,main,3
9611,3433,main,3
9612,3436,main,3
9620,3437,main,3
9623,3439,main,3
9625,1009625,rerun,1
9627,1009627,rerun,2
9631,3444,main,3
9632,3443,main,3
9633,3448,main,3
9634,1009634,rerun,1
9636,1009636,rerun,2
9638,1009638,rerun,1
9639,3442,main,3
9640,3438,main,3
9642,3440,main,3
9644,1009644,rerun,1
9646,3441,main,3
9651,3446,main,3
9652,3447,main,3
9653,3445,main,3
9657,1009657,rerun,2
9658,3450,main,3
9660,3459,main,3
9662,1009662,rerun,1
9663,3462,main,3
9664,1009664,rerun,2
9665,3449,main,3
9667,3452,main,3
9668,3451,main,3
9671,3453,main,3
9672,3455,main,3
9675,1009675,rerun,2
9676,3457,main,3
9677,3454,main,3
9679,3461,main,3
9680,3456,main,3
9682,1009682,rerun,1
9683,3458,main,3
9686,3460,main,3
9689,1009689,rerun,2
9691,3464,main,3
9694,3463,main,3
9696,3465,main,3
9697,3466,main,3
9698,1009698,rerun,2
9699,1009699,rerun,2
9701,1009701,rerun,2
9702,3470,main,3
9703,3467,main,3
9704,3468,main,3
9707,3469,main,3
9710,3472,main,3
9711,3471,main,3
9713,3479,main,3
9714,1009714,rerun,1
9715,3475,main,3
9716,3477,main,3
9718,3473,main,3
9723,3474,main,3
9724,1009724,rerun,1
9729,3482,main,3
9730,3476,main,3
9733,1009733,rerun,2
9734,3478,main,3
9737,3481,main,3
9739,3485,main,3
9741,3480,main,3
9743,3486,main,3
9748,3484,main,3
9750,3483,main,3
9752,1009752,rerun,2
9753,1009753,rerun,1
9757,3487,main,3
9760,1009760,rerun,1
9761,3499,main,3
9763,3498,main,3
9764,3493,main,3
9765,1009765,rerun,1
9766,1009766,rerun,2
9769,1009769,rerun,2
9772,1009772,rerun,2
9774,3488,main,3
9775,3489,main,3
9778,3500,main,3
9779,3491,main,3
9781,3505,main,3
9782,3492,main,3
9785,3490,main,3
9787,3494,main,3
9788,3495,main,3
9789,3496,main,3
9791,3502,main,3
9792,3501,main,3
9797,3503,main,3
9799,3504,main,3
9800,3497,main,3
9802,3506,main,3
9803,3508,main,3
9805,3509,main,3
9806,3511,main,3
9808,3507,main,3
9809,1009809,rerun,1
9813,3512,main,3
9815,3510,main,3
9818,3514,main,3
9821,3515,main,3
9822,1009822,rerun,2
9823,3513,main,3
9824,3516,main,3
9826,3517,main,3
9828,1009828,rerun,2
9829,3520,main,3
9830,3521,main,3
9833,3524,main,3
9836,3523,main,3
9837,3518,main,3
9838,3522,main,3
9839,1009839,rerun,2
9840,1009840,rerun,1
9841,3519,main,3
9844,3525,main,3
9848,3526,main,3
9850,3528,main,3
9851,3527,main,3
9853,3531,main,3
9854,1009854,rerun,2
9856,1009856,rerun,1
9858,3530,main,3
9861,3529,main,3
9862,3540,main,3
9866,1009866,rerun,2
9869,3534,main,3
9870,1009870,rerun,2
9874,3539,main,3
9875,1009875,rerun,2
9877,3532,main,3
9878,1009878,rerun,2
9880,1009880,rerun,2
9881,3538,main,3
9883,1009883,rerun,1
9884,3533,main,3
9886,3537,main,3
9887,3542,main,3
9888,3535,main,3
9889,3541,main,3
9891,3536,main,3
9892,3544,main,3
9893,3543,main,3
9897,3546,main,3
9899,3545,main,3
9900,3547,main,3
9901,1009901,rerun,2
9902,3552,main,3
9904,3548,main,3
9906,3549,main,3
9907,3550,main,3
9908,1009908,rerun,2
9909,3551,main,3
9910,3553,main,3
9911,3556,main,3
9913,1009913,rerun,1
9914,3554,main,3
9915,1009915,rerun,1
9917,3555,main,3
9923,3560,main,3
9925,3558,main,3
9926,3565,main,3
9927,3559,main,3
9932,3561,main,3
9933,3566,main,3
9936,3569,main,3
9938,3563,main,3
9939,3557,main,3
9941,3568,main,3
9943,3562,main,3
9945,3564,main,3
9949,3567,main,3
9952,3570,main,3
9954,3571,main,3
9956,3573,main,3
9957,3572,main,3
9959,3574,main,3
9962,1009962,rerun,1
9963,3577,main,3
9966,1009966,rerun,1
9968,3575,main,3
9970,3584,main,3
9973,3576,main,3
9978,3581,main,3
9979,3580,main,3
9981,3579,main,3
9982,3587,main,3
9983,3583,main,3
9984,3582,main,3
9986,3585,main,3
9987,3578,main,3
9989,1009989,rerun,2
9991,3586,main,3
9992,3588,main,3
9993,1009993,rerun,2
9994,1009994,rerun,2
9995,3592,main,3
9996,1009996,rerun,2
10000,3593,main,3
10001,3590,main,3
10002,3591,main,3
10004,3589,main,3
10009,3596,main,3
10010,3594,main,3
10011,3595,main,3
10016,1010016,rerun,2
10018,1010018,rerun,1
10021,1010021,rerun,2
10025,3597,main,3
10030,3606,main,3
10033,3599,main,3
10036,3598,main,3
10038,3601,main,3
10043,1010043,rerun,1
10045,3607,main,3
10046,3602,main,3
10048,3600,main,3
10049,3603,main,3
10050,1010050,rerun,1
10053,1010053,rerun,1
10057,3604,main,3
10058,3608,main,3
10063,3605,main,3
10064,3611,main,3
10070,3612,main,3
10072,3615,main,3
10073,3609,main,3
10075,1010075,rerun,1
10079,3613,main,3
10082,3619,main,3
10084,3614,main,3
10085,3617,main,3
10086,3610,main,3
10088,1010088,rerun,1
10090,3616,main,3
10092,1010092,rerun,2
10093,3618,main,3
10095,3620,main,3
10099,1010099,rerun,2
10104,1010104,rerun,1
10106,3622,main,3
10107,3623,main,3
10109,1010109,rerun,1
10110,1010110,rerun,1
10113,3626,main,3
10114,3624,main,3
10115,3633,main,3
10116,1010116,rerun,1
10117,3631,main,3
10118,3621,main,3
10119,3628,main,3
10121,1010121,rerun,2
10122,3625,main,3
10123,1010123,rerun,1
10124,1010124,rerun,2
10125,3630,main,3
10126,3627,main,3
10128,3632,main,3
10130,3629,main,3
10131,3634,main,3
10133,3636,main,3
10138,3635,main,3
10139,3637,main,3
10141,1010141,rerun,2
10142,1010142,rerun,2
10144,3640,main,3
10146,1010146,rerun,2
10149,3643,main,3
10150,3639,main,3
10151,3645,main,3
10152,3644,main,3
10153,3638,main,3
10154,1010154,rerun,2
10155,3641,main,3
10159,3647,main,3
10160,3642,main,3
10163,1010163,rerun,2
10165,1010165,rerun,2
10166,3646,main,3
10168,3649,main,3
10173,3648,main,3
10175,1010175,rerun,2
10176,3651,main,3
10177,3650,main,3
10180,3652,main,3
10181,1010181,rerun,2
10182,3653,main,3
10183,3666,main,3
10186,3655,main,3
10188,1010188,rerun,1
10193,3657,main,3
10196,3654,main,3
10197,1010197,rerun,1
10198,1010198,rerun,1
10201,3660,main,3
10202,1010202,rerun,2
10205,1010205,rerun,1
10207,1010207,rerun,2
10209,3665,main,3
10210,3661,main,3
10211,3658,main,3
10212,3656,main,3
10213,3667,main,3
10214,3662,main,3
10216,3659,main,3
10219,3664,main,3
10226,3663,main,3
10228,3668,main,3
10229,3670,main,3
10230,3671,main,3
10232,3669,main,3
10233,1010233,rerun,2
10236,3672,main,3
10240,3673,main,3
10244,1010244,rerun,2
10245,1010245,rerun,2
10247,3681,main,3
10252,3675,main,3
10254,3674,main,3
10260,3685,main,3
10261,1010261,rerun,2
10264,3677,main,3
10265,3680,main,3
10268,3683,main,3
10269,3678,main,3
10270,3682,main,3
10271,3687,main,3
10274,3676,main,3
10275,3679,main,3
10276,3688,main,3
10278,3689,main,3
10280,3690,main,3
10281,1010281,rerun,2
10283,3684,main,3
10284,3691,main,3
10285,1010285,rerun,2
10287,3692,main,3
10288,3686,main,3
10289,3693,main,3
10292,3694,main,3
10293,3695,main,3
10295,3698,main,3
10296,3700,main,3
10298,3696,main,3
10302,3697,main,3
10304,3710,main,3
10305,3701,main,3
10306,3699,main,3
10307,3705,main,3
10308,1010308,rerun,2
10309,3713,main,3
10314,3702,main,3
10315,1010315,rerun,1
10316,3708,main,3
10317,3715,main,3
10318,1010318,rerun,1
10319,3704,main,3
10320,3706,main,3
10321,1010321,rerun,1
10322,3703,main,3
10323,3709,main,3
10324,3712,main,3
10327,3707,main,3
10330,3711,main,3
10332,3714,main,3
10337,3716,main,3
10338,1010338,rerun,1
10339,3717,main,3
10340,1010340,rerun,2
10342,1010342,rerun,2
10345,3718,main,3
10346,3724,main,3
10349,3719,main,3
10353,3732,main,3
10355,3721,main,3
10356,3725,main,3
10357,3720,main,3
10361,3726,main,3
10363,3723,main,3
10365,3727,main,3
10368,1010368,rerun,2
10369,3731,main,3
10370,3728,main,3
10371,3729,main,3
10373,3722,main,3
10374,1010374,rerun,2
10375,3730,main,3
10376,3735,main,3
10378,3734,main,3
10380,1010380,rerun,2
10382,1010382,rerun,2
10384,3733,main,3
10385,3737,main,3
10386,3736,main,3
10387,1010387,rerun,1
10388,1010388,rerun,1
10389,1010389,rerun,2
10390,3742,main,3
10393,3739,main,3
10397,3740,main,3
10398,1010398,rerun,2
10399,3738,main,3
10403,1010403,rerun,2
10406,3743,main,3
10410,3744,main,3
10412,3748,main,3
10415,3741,main,3
10418,3753,main,3
10421,3750,main,3
10423,3751,main,3
10425,1010425,rerun,1
10426,3746,main,3
10427,3755,main,3
10428,3754,main,3
10429,3745,main,3
10431,3749,main,3
10432,1010432,rerun,1
10436,3757,main,3
10437,3747,main,3
10438,3752,main,3
10441,3756,main,3
10442,3761,main,3
10443,3758,main,3
10444,1010444,rerun,2
10445,3759,main,3
10446,3762,main,3
10447,3760,main,3
10449,3782,main,3
10451,3763,main,3
10452,3772,main,3
10454,3765,main,3
10461,1010461,rerun,1
10462,3766,main,3
10467,3777,main,3
10470,3764,main,3
10471,1010471,rerun,2
10472,3779,main,3
10474,3767,main,3
10475,3775,main,3
10478,3770,main,3
10479,3778,main,3
10480,3769,main,3
10481,3774,main,3
10482,3768,main,3
10485,3773,main,3
10486,3771,main,3
10487,3776,main,3
10488,1010488,rerun,2
10489,1010489,rerun,1
10491,1010491,rerun,2
10492,3781,main,3
10493,3780,main,3
10494,3786,main,3
10496,1010496,rerun,2
10497,3783,main,3
10498,3785,main,3
10499,1010499,rerun,2
10501,3784,main,3
10502,1010502,rerun,2
10504,3787,main,3
10505,1010505,rerun,2
10510,1010510,rerun,2
10512,3791,main,3
10514,1010514,rerun,2
10518,3790,main,3
10519,3796,main,3
10520,1010520,rerun,1
10522,3792,main,3
10523,3795,main,3
10525,3788,main,3
10526,3789,main,3
10527,3793,main,3
10531,3794,main,3
10532,3800,main,3
10536,3797,main,3
10538,1010538,rerun,2
10539,1010539,rerun,2
10542,3798,main,3
10543,3807,main,3
10544,3803,main,3
10546,1010546,rerun,2
10547,3799,main,3
10549,3805,main,3
10550,3801,main,3
10551,1010551,rerun,2
10552,3802,main,3
10553,3804,main,3
10555,3808,main,3
10556,3809,main,3
10559,3806,main,3
10564,3810,main,3
10566,1010566,rerun,2
10567,3813,main,3
10569,3811,main,3
10571,1010571,rerun,1
10572,3814,main,3
10574,3812,main,3
10582,3815,main,3
10583,3819,main,3
10585,3818,main,3
10586,3820,main,3
10587,3821,main,3
10589,3816,main,3
10591,3822,main,3
10592,3817,main,3
10595,1010595,rerun,2
10596,1010596,rerun,2
10598,1010598,rerun,2
10599,3824,main,3
10600,3828,main,3
10602,3826,main,3
10603,3825,main,3
10605,3823,main,3
10607,3827,main,3
10609,3829,main,3
10611,3830,main,3
10613,3831,main,3
10615,3832,main,3
10617,3834,main,3
10619,3833,main,3
10620,3835,main,3
10622,1010622,rerun,1
10623,3839,main,3
10624,3841,main,3
10626,3838,main,3
10628,3837,main,3
10629,3836,main,3
10633,1010633,rerun,2
10634,3840,main,3
10637,3842,main,3
10640,3843,main,3
10642,3844,main,3
10644,1010644,rerun,2
10648,3846,main,3
10652,3855,main,3
10653,1010653,rerun,2
10655,3850,main,3
10657,3847,main,3
10658,3848,main,3
10660,3845,main,3
10663,3859,main,3
10664,3849,main,3
10666,3851,main,3
10669,3853,main,3
10670,1010670,rerun,1
10674,3861,main,3
10676,3852,main,3
10677,1010677,rerun,2
10679,3856,main,3
10680,3857,main,3
10681,3854,main,3
10684,3858,main,3
10686,3860,main,3
10688,1010688,rerun,2
10689,3866,main,3
10690,3864,main,3
10692,3862,main,3
10694,1010694,rerun,2
10696,3867,main,3
10698,3863,main,3
10699,3865,main,3
10701,1010701,rerun,1
10703,3872,main,3
10704,1010704,rerun,2
10707,3870,main,3
10708,3868,main,3
10711,3877,main,3
10712,3869,main,3
10713,3871,main,3
10714,1010714,rerun,2
10717,3874,main,3
10721,1010721,rerun,2
10722,1010722,rerun,1
10723,3873,main,3
10726,3876,main,3
10727,3875,main,3
10729,1010729,rerun,2
10732,3883,main,3
10733,1010733,rerun,1
10735,3878,main,3
10738,1010738,rerun,2
10741,3882,main,3
10742,3881,main,3
10744,3880,main,3
10748,3885,main,3
10749,3879,main,3
10750,3886,main,3
10752,3891,main,3
10754,1010754,rerun,2
10756,3887,main,3
10757,3889,main,3
10759,3888,main,3
10760,3884,main,3
10761,3890,main,3
10765,3892,main,3
10766,3893,main,3
10767,3897,main,3
10774,1010774,rerun,1
10776,3895,main,3
10778,3894,main,3
10779,3902,main,3
10780,3901,main,3
10781,3896,main,3
10783,3905,main,3
10784,3898,main,3
10785,3900,main,3
10787,3899,main,3
10791,1010791,rerun,2
10792,3904,main,3
10795,3903,main,3
10796,3906,main,3
10798,3907,main,3
10799,1010799,rerun,2
10801,3908,main,3
10806,1010806,rerun,2
10808,3910,main,3
10813,3912,main,3
10814,3911,main,3
10815,3913,main,3
10818,3909,main,3
10820,3915,main,3
10824,3917,main,3
10825,3919,main,3
10827,3918,main,3
10828,3914,main,3
10829,1010829,rerun,1
10830,1010830,rerun,2
10832,3916,main,3
10834,1010834,rerun,1
10835,1010835,rerun,1
10838,3920,main,3
10840,1010840,rerun,2
10841,3925,main,3
10842,3924,main,3
10843,3921,main,3
10845,1010845,rerun,1
10848,3922,main,3
10849,3923,main,3
10851,1010851,rerun,1
10852,3926,main,3
10854,3927,main,3
10856,1010856,rerun,1
10859,3929,main,3
10860,3935,main,3
10862,1010862,rerun,2
10863,3928,main,3
10864,1010864,rerun,2
10866,1010866,rerun,2
10868,3931,main,3
10869,3930,main,3
10870,1010870,rerun,2
10871,1010871,rerun,1
10872,3933,main,3
10873,1010873,rerun,2
10877,3934,main,3
10878,1010878,rerun,2
10880,1010880,rerun,1
10881,1010881,rerun,2
10882,1010882,rerun,2
10884,3932,main,3
10887,3938,main,3
10888,3939,main,3
10889,1010889,rerun,1
10890,3940,main,3
10891,3937,main,3
10893,3942,main,3
10895,1010895,rerun,1
10896,3936,main,3
10898,3941,main,3
10900,1010900,rerun,1
10901,3944,main,3
10902,3943,main,3
10904,1010904,rerun,1
10905,1010905,rerun,1
10906,3946,main,3
10907,3951,main,3
10908,3947,main,3
10909,3945,main,3
10910,1010910,rerun,2
10911,1010911,rerun,1
10912,1010912,rerun,2
10913,3949,main,3
10914,1010914,rerun,1
10915,3948,main,3
10920,3953,main,3
10923,3954,main,3
10925,3956,main,3
10927,3950,main,3
10929,3955,main,3
10931,3961,main,3
10932,3952,main,3
10937,3957,main,3
10940,3958,main,3
10941,3959,main,3
10942,1010942,rerun,2
10945,3960,main,3
10948,3962,main,3
10949,3963,main,3
10954,1010954,rerun,1
10956,1010956,rerun,1
10959,3968,main,3
10962,3965,main,3
10963,3966,main,3
10965,3971,main,3
10966,1010966,rerun,2
10967,3970,main,3
10968,3964,main,3
10969,3967,main,3
10970,1010970,rerun,1
10974,3969,main,3
10976,3973,main,3
10980,3974,main,3
10981,1010981,rerun,1
10982,3977,main,3
10985,3979,main,3
10988,3976,main,3
10990,1010990,rerun,2
10991,3981,main,3
10992,3978,main,3
10995,3982,main,3
10996,1010996,rerun,2
10997,3972,main,3
10998,1010998,rerun,1
10999,1010999,rerun,2
11003,3975,main,3
11004,1011004,rerun,2
11005,1011005,rerun,1
11006,3980,main,3
11007,3985,main,3
11011,3984,main,3
11012,3983,main,3
11013,1011013,rerun,1
11015,3987,main,3
11017,3986,main,3
11018,3989,main,3
11026,3990,main,3
11027,3988,main,3
11028,3994,main,3
11029,1011029,rerun,2
11033,3993,main,3
11037,1011037,rerun,1
11038,1011038,rerun,1
11042,3997,main,3
11043,3995,main,3
11045,4002,main,3
11046,3992,main,3
11047,3991,main,3
11048,4000,main,3
11049,3996,main,3
11050,4001,main,3
11052,1011052,rerun,2
11053,3999,main,3
11054,1011054,rerun,2
11055,1011055,rerun,2
11057,4005,main,3
11058,3998,main,3
11059,1011059,rerun,1
11060,1011060,rerun,1
11067,1011067,rerun,1
11068,4006,main,3
11070,4007,main,3
11071,1011071,rerun,2
11072,4004,main,3
11073,4003,main,3
11074,1011074,rerun,1
11075,4008,main,3
11078,4019,main,3
11080,4018,main,3
11083,1011083,rerun,2
11089,4020,main,3
11090,4013,main,3
11091,4014,main,3
11092,4009,main,3
11094,4015,main,3
11095,4017,main,3
11096,4010,main,3
11097,4012,main,3
11098,4011,main,3
11099,1011099,rerun,1
11100,4016,main,3
11101,1011101,rerun,2
11102,1011102,rerun,1
11103,4024,main,3
11104,1011104,rerun,1
11105,4023,main,3
11109,1011109,rerun,1
11110,4022,main,3
11111,4021,main,3
11115,1011115,rerun,2
11116,4025,main,3
11117,1011117,rerun,2
11119,4029,main,3
11121,4026,main,3
11125,4030,main,3
11128,1011128,rerun,1
11130,4028,main,3
11131,4038,main,3
11132,1011132,rerun,1
11133,1011133,rerun,1
11134,1011134,rerun,2
11135,4031,main,3
11136,4033,main,3
11139,4032,main,3
11140,4027,main,3
11141,4036,main,3
11142,4034,main,3
11143,4037,main,3
11147,4035,main,3
11152,4039,main,3
11155,4040,main,3
11161,4042,main,3
11164,4043,main,3
11165,4041,main,3
11167,1011167,rerun,2
11168,4044,main,3
11169,4046,main,3
11170,4051,main,3
11171,1011171,rerun,2
11173,1011173,rerun,1
11179,1011179,rerun,2
11180,4050,main,3
11182,4053,main,3
11183,4045,main,3
11184,1011184,rerun,2
11185,4049,main,3
11187,4047,main,3
11189,4048,main,3
11191,4054,main,3
11192,4052,main,3
11194,4055,main,3
11199,4062,main,3
11200,4061,main,3
11204,4057,main,3
11206,1011206,rerun,1
11208,1011208,rerun,1
11209,4060,main,3
11210,4056,main,3
11211,4058,main,3
11212,4064,main,3
11214,4063,main,3
11216,4059,main,3
11217,4068,main,3
11219,4070,main,3
11220,4065,main,3
11221,4066,main,3
11222,4069,main,3
11224,4072,main,3
11225,4067,main,3
11227,4071,main,3
11230,4073,main,3
11231,4078,main,3
11238,1011238,rerun,2
11239,4080,main,3
11243,4074,main,3
11245,4079,main,3
11247,4075,main,3
11248,4077,main,3
11250,4076,main,3
11252,4081,main,3
11253,4083,main,3
11254,1011254,rerun,1
11256,4086,main,3
11258,1011258,rerun,1
11259,4082,main,3
11264,4090,main,3
11265,4084,main,3
11266,4092,main,3
11267,1011267,rerun,2
11268,4088,main,3
11270,4085,main,3
11274,1011274,rerun,1
11278,4087,main,3
11279,4091,main,3
11280,4089,main,3
11282,1011282,rerun,2
11289,1011289,rerun,1
11290,4099,main,3
11292,4094,main,3
11294,4095,main,3
11296,4098,main,3
11297,4093,main,3
11300,4096,main,3
11301,4102,main,3
11303,4100,main,3
11305,4097,main,3
11306,4101,main,3
11307,4105,main,3
11308,4103,main,3
11312,1011312,rerun,1
11315,1011315,rerun,2
11316,4104,main,3
11320,4112,main,3
11321,4108,main,3
11323,1011323,rerun,2
11324,4110,main,3
11325,4106,main,3
11327,4107,main,3
11328,1011328,rerun,1
11331,4109,main,3
11336,4117,main,3
11338,4111,main,3
11339,4119,main,3
11340,4114,main,3
11342,4123,main,3
11343,4113,main,3
11345,4116,main,3
11346,4118,main,3
11347,4115,main,3
11348,4121,main,3
11351,4120,main,3
11352,4122,main,3
11354,4124,main,3
11361,4125,main,3
11365,4129,main,3
11367,4127,main,3
11369,4130,main,3
11370,4126,main,3
11373,4128,main,3
11374,4131,main,3
11376,4133,main,3
11377,4135,main,3
11379,4132,main,3
11380,4134,main,3
11383,1011383,rerun,2
11384,1011384,rerun,1
11385,1011385,rerun,1
11386,4136,main,3
11388,4140,main,3
11389,1011389,rerun,1
11390,4141,main,3
11394,1011394,rerun,1
11396,1011396,rerun,2
11397,1011397,rerun,2
11398,4137,main,3
11400,4138,main,3
11404,4139,main,3
11405,4142,main,3
11407,1011407,rerun,2
11409,4144,main,3
11410,1011410,rerun,1
11411,4145,main,3
11417,1011417,rerun,2
11419,4143,main,3
11421,1011421,rerun,1
11430,1011430,rerun,1
11432,4146,main,3
11434,4149,main,3
11438,1011438,rerun,2
11439,1011439,rerun,2
11440,4148,main,3
11441,4150,main,3
11444,4147,main,3
11445,1011445,rerun,1
11446,4153,main,3
11447,1011447,rerun,2
11451,4159,main,3
11454,1011454,rerun,2
11455,1011455,rerun,2
11456,4151,main,3
11457,1011457,rerun,1
11459,1011459,rerun,2
11460,4152,main,3
11462,4158,main,3
11463,4157,main,3
11464,4156,main,3
11468,4155,main,3
11469,1011469,rerun,2
11471,4160,main,3
11472,1011472,rerun,1
11473,1011473,rerun,2
11476,4163,main,3
11480,4165,main,3
11481,4154,main,3
11482,4161,main,3
11486,4164,main,3
11488,4166,main,3
11489,4171,main,3
11490,4162,main,3
11493,1011493,rerun,2
11494,1011494,rerun,2
11499,4169,main,3
11500,4167,main,3
11501,4170,main,3
11502,1011502,rerun,1
11504,1011504,rerun,2
11506,4168,main,3
11518,1011518,rerun,2
11520,1011520,rerun,1
11521,1011521,rerun,2
11522,4175,main,3
11524,4173,main,3
11525,4174,main,3
11526,4176,main,3
11527,4172,main,3
11529,4177,main,3
11533,1011533,rerun,1
11534,4180,main,3
11535,4179,main,3
11537,4185,main,3
11540,4181,main,3
11542,1011542,rerun,2
11545,1011545,rerun,2
11549,4178,main,3
11550,1011550,rerun,1
11553,4182,main,3
11554,4194,main,3
11558,4190,main,3
11559,4184,main,3
11561,4186,main,3
11563,4183,main,3
11565,1011565,rerun,2
11566,1011566,rerun,2
11567,4189,main,3
11568,4193,main,3
11569,4187,main,3
11570,4188,main,3
11572,1011572,rerun,2
11576,4196,main,3
11577,1011577,rerun,2
11579,4198,main,3
11580,4191,main,3
11581,4195,main,3
11582,4192,main,3
11584,4197,main,3
11589,4199,main,3
11590,1011590,rerun,1
11595,1011595,rerun,1
11597,4201,main,3
11599,4202,main,3
11600,4204,main,3
11603,1011603,rerun,2
11607,4200,main,3
11608,1011608,rerun,1
11610,4203,main,3
11611,4207,main,3
11615,4205,main,3
11620,1011620,rerun,2
11621,4206,main,3
11622,4208,main,3
11625,1011625,rerun,1
11626,4209,main,3
11627,1011627,rerun,2
11630,4212,main,3
11631,1011631,rerun,2
11633,4211,main,3
11636,4213,main,3
11638,4214,main,3
11640,4215,main,3
11641,1011641,rerun,1
11643,1011643,rerun,1
11644,4210,main,3
11646,4216,main,3
11647,4218,main,3
11650,4217,main,3
11652,4219,main,3
11653,4220,main,3
11655,1011655,rerun,2
11657,4229,main,3
11660,4222,main,3
11664,4221,main,3
11666,1011666,rerun,2
11667,1011667,rerun,2
11668,4225,main,3
11670,4223,main,3
11671,4228,main,3
11672,1011672,rerun,2
11673,4240,main,3
11678,4227,main,3
11679,4224,main,3
11680,4233,main,3
11681,4226,main,3
11682,4231,main,3
11685,4230,main,3
11688,4232,main,3
11689,1011689,rerun,1
11690,4234,main,3
11692,1011692,rerun,2
11693,4236,main,3
11694,4235,main,3
11696,4241,main,3
11698,1011698,rerun,2
11699,1011699,rerun,2
11700,4239,main,3
11702,4242,main,3
11703,4243,main,3
11706,1011706,rerun,1
11707,4238,main,3
11708,4250,main,3
11709,4237,main,3
11710,4251,main,3
11713,4249,main,3
11714,4247,main,3
11716,4248,main,3
11719,4253,main,3
11720,4244,main,3
11722,4245,main,3
11723,4246,main,3
11724,4255,main,3
11725,4252,main,3
11726,1011726,rerun,1
11728,4257,main,3
11731,4254,main,3
11732,1011732,rerun,2
11737,4256,main,3
11738,4259,main,3
11741,4258,main,3
11742,1011742,rerun,1
11743,1011743,rerun,2
11744,4262,main,3
11746,4263,main,3
11747,1011747,rerun,2
11748,4260,main,3
11749,4261,main,3
11750,1011750,rerun,2
11752,1011752,rerun,2
11755,4270,main,3
11756,4264,main,3
11758,4267,main,3
11760,4277,main,3
11762,4268,main,3
11765,4265,main,3
11766,4271,main,3
11768,1011768,rerun,1
11770,4269,main,3
11773,4266,main,3
11774,1011774,rerun,2
11775,4272,main,3
11776,4273,main,3
11777,4274,main,3
11782,4275,main,3
11784,4276,main,3
11787,1011787,rerun,2
11788,4282,main,3
11794,4278,main,3
11796,4280,main,3
11800,1011800,rerun,2
11801,4281,main,3
11803,4279,main,3
11804,4283,main,3
11805,1011805,rerun,2
11808,1011808,rerun,2
11809,4284,main,3
11810,4286,main,3
11812,1011812,rerun,1
11814,4285,main,3
11818,4287,main,3
11822,1011822,rerun,2
11824,4293,main,3
11826,1011826,rerun,2
11827,4288,main,3
11829,4290,main,3
11830,1011830,rerun,1
11831,4289,main,3
11832,4292,main,3
11838,1011838,rerun,1
11840,4291,main,3
11842,4295,main,3
11846,1011846,rerun,2
11847,4294,main,3
11848,4296,main,3
11849,4298,main,3
11852,4297,main,3
11853,1011853,rerun,2
11855,4299,main,3
11864,4304,main,3
11865,4300,main,3
11867,4301,main,3
11869,1011869,rerun,2
11870,4302,main,3
11872,4307,main,3
11873,1011873,rerun,2
11876,4305,main,3
11877,4303,main,3
11879,4308,main,3
11880,4306,main,3
11884,4309,main,3
11885,1011885,rerun,2
11888,4310,main,3
11889,1011889,rerun,1
11890,4314,main,3
11891,4313,main,3
11892,4312,main,3
11899,4311,main,3
11900,4316,main,3
11904,4315,main,3
11908,4317,main,3
11910,4319,main,3
11912,4320,main,3
11915,1011915,rerun,1
11917,1011917,rerun,1
11918,4321,main,3
11921,4324,main,3
11926,4330,main,3
11927,4323,main,3
11928,4318,main,3
11929,4327,main,3
11930,1011930,rerun,1
11931,4331,main,3
11932,4322,main,3
11933,4325,main,3
11935,1011935,rerun,1
11936,1011936,rerun,1
11937,4326,main,3
11938,1011938,rerun,2
11939,4328,main,3
11940,1011940,rerun,1
11941,1011941,rerun,1
11943,1011943,rerun,1
11944,4329,main,3
11946,4333,main,3
11950,4332,main,3
11952,4335,main,3
11953,4334,main,3
11955,4336,main,3
11958,1011958,rerun,1
11960,4338,main,3
11963,4340,main,3
11964,4337,main,3
11965,1011965,rerun,1
11966,4339,main,3
11968,4343,main,3
11969,1011969,rerun,2
11970,4350,main,3
11975,4354,main,3
11977,4348,main,3
11978,4342,main,3
11979,4341,main,3
11980,1011980,rerun,1
11983,4349,main,3
11985,4346,main,3
11986,4351,main,3
11989,4345,main,3
11991,4347,main,3
11992,4352,main,3
11993,4344,main,3
11994,1011994,rerun,1
11998,4355,main,3
11999,1011999,rerun,1
12000,4353,main,3
12003,4357,main,3
12004,4356,main,3
12005,1012005,rerun,1
12009,1012009,rerun,1
12010,4358,main,3
12012,1012012,rerun,2
12013,1012013,rerun,2
12014,4362,main,3
12015,1012015,rerun,2
12016,4359,main,3
12020,4364,main,3
12021,4360,main,3
12023,1012023,rerun,2
12024,4366,main,3
12028,4363,main,3
12029,4361,main,3
12030,1012030,rerun,2
12038,4367,main,3
12039,4365,main,3
12040,1012040,rerun,2
12041,4376,main,3
12042,4370,main,3
12043,4368,main,3
12045,4369,main,3
12046,4371,main,3
12050,4372,main,3
12059,4374,main,3
12060,4375,main,3
12063,4373,main,3
12064,4377,main,3
12067,4382,main,3
12068,4381,main,3
12070,4378,main,3
12074,1012074,rerun,2
12076,4384,main,3
12077,4379,main,3
12079,1012079,rerun,1
12082,1012082,rerun,2
12083,4387,main,3
12084,4383,main,3
12087,4380,main,3
12088,4390,main,3
12094,4394,main,3
12095,4385,main,3
12097,1012097,rerun,2
12098,4388,main,3
12100,4386,main,3
12101,4389,main,3
12102,1012102,rerun,2
12106,4397,main,3
12108,4392,main,3
12112,1012112,rerun,1
12113,4391,main,3
12118,4393,main,3
12120,4395,main,3
12124,1012124,rerun,2
12125,4398,main,3
12126,4396,main,3
12127,4401,main,3
12129,4404,main,3
12130,1012130,rerun,1
12132,4403,main,3
12134,4402,main,3
12135,4399,main,3
12140,4400,main,3
12142,1012142,rerun,2
12144,1012144,rerun,2
12147,4406,main,3
12149,1012149,rerun,2
12150,4410,main,3
12151,4405,main,3
12153,4409,main,3
12154,4407,main,3
12155,4408,main,3
12157,1012157,rerun,1
12158,4411,main,3
12159,1012159,rerun,2
12160,1012160,rerun,1
12161,1012161,rerun,1
12162,4413,main,3
12166,1012166,rerun,2
12168,4414,main,3
12170,4416,main,3
12171,1012171,rerun,1
12172,4412,main,3
12176,1012176,rerun,1
12177,1012177,rerun,2
12182,1012182,rerun,2
12186,4415,main,3
12187,1012187,rerun,1
12188,1012188,rerun,2
12191,4417,main,3
12199,4418,main,3
12202,1012202,rerun,1
12205,4419,main,3
12206,4420,main,3
12207,4421,main,3
12212,1012212,rerun,2
12215,1012215,rerun,2
12217,1012217,rerun,2
12218,4422,main,3
12219,4423,main,3
12227,4424,main,3
12229,4426,main,3
12233,4425,main,3
12234,4427,main,3
12238,4429,main,3
12246,1012246,rerun,1
12247,4430,main,3
12249,1012249,rerun,1
12253,4436,main,3
12254,4428,main,3
12257,1012257,rerun,1
12258,4434,main,3
12259,4431,main,3
12260,4435,main,3
12261,1012261,rerun,2
12262,4432,main,3
12264,4433,main,3
12265,4438,main,3
12266,4437,main,3
12269,1012269,rerun,1
12273,4443,main,3
12276,4440,main,3
12282,4439,main,3
12285,1012285,rerun,2
12286,1012286,rerun,2
12291,4441,main,3
12292,1012292,rerun,2
12294,4447,main,3
12295,4444,main,3
12296,4448,main,3
12299,4442,main,3
12300,4446,main,3
12302,4445,main,3
12307,4450,main,3
12311,4453,main,3
12313,4451,main,3
12314,4449,main,3
12317,4452,main,3
12318,4458,main,3
12319,4454,main,3
12320,4456,main,3
12321,4455,main,3
12323,1012323,rerun,2
12324,4457,main,3
12326,4459,main,3
12327,4461,main,3
12331,4475,main,3
12332,4460,main,3
12333,1012333,rerun,1
12334,4465,main,3
12335,4464,main,3
12337,4463,main,3
12338,4469,main,3
12339,4467,main,3
12340,1012340,rerun,1
12342,4462,main,3
12345,4473,main,3
12349,4466,main,3
12350,1012350,rerun,1
12351,4471,main,3
12352,4468,main,3
12353,4470,main,3
12355,4474,main,3
12358,4476,main,3
12359,4477,main,3
12361,4478,main,3
12362,4472,main,3
12364,4481,main,3
12366,4479,main,3
12367,4480,main,3
12369,1012369,rerun,2
12370,1012370,rerun,1
12371,4483,main,3
12374,4486,main,3
12376,4482,main,3
12377,4485,main,3
12379,4484,main,3
12380,4488,main,3
12381,1012381,rerun,1
12382,4487,main,3
12389,4489,main,3
12390,4494,main,3
12391,4491,main,3
12392,4490,main,3
12393,1012393,rerun,1
12394,4496,main,3
12397,4493,main,3
12398,4492,main,3
12399,4497,main,3
12400,1012400,rerun,1
12403,1012403,rerun,2
12404,1012404,rerun,1
12408,4495,main,3
12409,1012409,rerun,1
12410,4501,main,3
12412,4498,main,3
12413,4500,main,3
12414,4503,main,3
12415,4502,main,3
12416,4499,main,3
12419,1012419,rerun,2
12422,1012422,rerun,2
12424,1012424,rerun,2
12425,4511,main,3
12426,1012426,rerun,2
12431,1012431,rerun,2
12433,4506,main,3
12434,4509,main,3
12435,1012435,rerun,2
12438,4507,main,3
12439,4512,main,3
12440,4504,main,3
12441,4505,main,3
12442,4508,main,3
12444,4510,main,3
12445,4513,main,3
12457,4518,main,3
12458,4517,main,3
12459,4522,main,3
12460,4520,main,3
12461,4515,main,3
12462,1012462,rerun,1
12463,1012463,rerun,2
12466,4516,main,3
12468,1012468,rerun,2
12471,4519,main,3
12473,4521,main,3
12474,4523,main,3
12475,4514,main,3
12482,4524,main,3
12485,4525,main,3
12488,4530,main,3
12489,1012489,rerun,1
12492,1012492,rerun,1
12494,1012494,rerun,1
12495,4535,main,3
12496,4528,main,3
12497,4526,main,3
12499,4529,main,3
12500,4531,main,3
12504,4527,main,3
12505,1012505,rerun,2
12509,4538,main,3
12513,4533,main,3
12514,1012514,rerun,1
12517,1012517,rerun,1
12518,1012518,rerun,2
12522,4536,main,3
12523,4532,main,3
12524,1012524,rerun,2
12526,4534,main,3
12531,4537,main,3
12535,4539,main,3
12536,1012536,rerun,2
12543,1012543,rerun,1
12544,4540,main,3
12545,1012545,rerun,1
12550,4547,main,3
12551,4541,main,3
12553,1012553,rerun,1
12554,4543,main,3
12556,1012556,rerun,1
12557,4544,main,3
12564,4549,main,3
12565,1012565,rerun,2
12566,1012566,rerun,2
12568,4542,main,3
12569,4551,main,3
12570,4546,main,3
12571,1012571,rerun,1
12572,1012572,rerun,2
12573,1012573,rerun,2
12575,4550,main,3
12577,4545,main,3
12578,4552,main,3
12579,1012579,rerun,2
12580,4553,main,3
12581,4548,main,3
12582,4555,main,3
12584,1012584,rerun,2
12586,4557,main,3
12588,1012588,rerun,1
12591,4554,main,3
12592,1012592,rerun,1
12594,4558,main,3
12596,4559,main,3
12598,4561,main,3
12599,4560,main,3
12600,4562,main,3
12602,4556,main,3
12604,4564,main,3
12606,1012606,rerun,2
12607,4565,main,3
12610,1012610,rerun,1
12612,4563,main,3
12616,4566,main,3
12619,4567,main,3
12622,1012622,rerun,1
12624,4568,main,3
12625,1012625,rerun,1
12626,1012626,rerun,2
12628,4569,main,3
12630,1012630,rerun,2
12632,4577,main,3
12634,1012634,rerun,1
12635,4578,main,3
12637,4570,main,3
12638,4573,main,3
12640,4580,main,3
12641,4571,main,3
12643,4581,main,3
12644,4574,main,3
12646,4576,main,3
12647,4572,main,3
12649,4575,main,3
12650,4584,main,3
12652,4586,main,3
12653,1012653,rerun,2
12654,4582,main,3
12655,1012655,rerun,2
12657,4579,main,3
12659,4585,main,3
12660,4587,main,3
12661,4588,main,3
12662,4583,main,3
12665,4589,main,3
12667,1012667,rerun,1
12668,1012668,rerun,2
12672,1012672,rerun,1
12677,4590,main,3
12684,1012684,rerun,1
12688,4593,main,3
12689,1012689,rerun,1
12691,4599,main,3
12693,1012693,rerun,1
12697,4591,main,3
12698,4596,main,3
12699,1012699,rerun,2
12702,1012702,rerun,1
12704,4601,main,3
12705,4594,main,3
12708,4602,main,3
12712,1012712,rerun,1
12715,4595,main,3
12716,4592,main,3
12717,4603,main,3
12719,1012719,rerun,1
12720,4606,main,3
12721,4597,main,3
12726,4598,main,3
12727,4604,main,3
12728,4600,main,3
12732,1012732,rerun,2
12734,4605,main,3
12736,4608,main,3
12738,4609,main,3
12740,4607,main,3
12741,4610,main,3
12742,1012742,rerun,2
12743,1012743,rerun,2
12744,4611,main,3
12745,1012745,rerun,2
12748,4612,main,3
12749,4617,main,3
12750,4614,main,3
12754,4615,main,3
12755,4620,main,3
12757,4621,main,3
12758,4616,main,3
12760,1012760,rerun,1
12762,4613,main,3
12763,4618,main,3
12764,4619,main,3
12766,4623,main,3
12767,1012767,rerun,2
12768,4622,main,3
12769,4630,main,3
12770,4626,main,3
12771,1012771,rerun,1
12772,4625,main,3
12773,4624,main,3
12774,4628,main,3
12776,1012776,rerun,2
12777,4631,main,3
12778,4627,main,3
12779,1012779,rerun,2
12781,4629,main,3
12782,1012782,rerun,2
12783,4632,main,3
12787,1012787,rerun,2
12790,4633,main,3
12791,1012791,rerun,1
12792,1012792,rerun,1
12793,4638,main,3
12799,4634,main,3
12803,4635,main,3
12804,1012804,rerun,1
12806,4637,main,3
12810,1012810,rerun,1
12811,4644,main,3
12813,1012813,rerun,2
12814,1012814,rerun,2
12815,4640,main,3
12816,4641,main,3
12818,4648,main,3
12819,1012819,rerun,1
12820,4636,main,3
12822,1012822,rerun,2
12823,4645,main,3
12824,1012824,rerun,2
12829,1012829,rerun,1
12830,4643,main,3
12832,4652,main,3
12833,1012833,rerun,2
12835,1012835,rerun,1
12839,4639,main,3
12841,4647,main,3
12842,4642,main,3
12843,4651,main,3
12849,1012849,rerun,2
12850,4646,main,3
12851,1012851,rerun,2
12852,4649,main,3
12854,4650,main,3
12855,1012855,rerun,1
12859,4654,main,3
12861,4653,main,3
12863,4655,main,3
12867,4657,main,3
12871,4656,main,3
12872,4668,main,3
12874,1012874,rerun,2
12875,4660,main,3
12877,4659,main,3
12881,4661,main,3
12882,4665,main,3
12884,4658,main,3
12886,1012886,rerun,2
12888,4666,main,3
12889,4663,main,3
12892,4667,main,3
12893,4662,main,3
12899,4664,main,3
12905,1012905,rerun,1
12912,4669,main,3
12913,4674,main,3
12914,4672,main,3
12919,4671,main,3
12920,4677,main,3
12921,1012921,rerun,2
12922,1012922,rerun,1
12924,4670,main,3
12925,1012925,rerun,2
12931,4684,main,3
12932,4678,main,3
12933,4675,main,3
12934,4673,main,3
12935,4680,main,3
12936,1012936,rerun,2
12937,4679,main,3
12939,4676,main,3
12941,4681,main,3
12942,4683,main,3
12943,4682,main,3
12945,1012945,rerun,2
12949,4685,main,3
12953,1012953,rerun,1
12954,4687,main,3
12955,1012955,rerun,2
12956,1012956,rerun,2
12957,4686,main,3
12961,1012961,rerun,1
12963,4688,main,3
12964,4689,main,3
12965,1012965,rerun,2
12968,4692,main,3
12970,4691,main,3
12971,4700,main,3
12972,4699,main,3
12973,4690,main,3
12976,4697,main,3
12977,4693,main,3
12978,4695,main,3
12979,4694,main,3
12981,4698,main,3
12982,4696,main,3
12984,4701,main,3
12987,4702,main,3
12988,4703,main,3
12989,1012989,rerun,2
12992,1012992,rerun,2
12993,1012993,rerun,2
12995,4704,main,3
13000,4708,main,3
13002,4705,main,3
13004,1013004,rerun,2
13005,1013005,rerun,2
13006,4706,main,3
13008,1013008,rerun,2
13009,4711,main,3
13010,4709,main,3
13012,4707,main,3
13015,4718,main,3
13019,4719,main,3
13020,4716,main,3
13021,4714,main,3
13022,4715,main,3
13026,4717,main,3
13027,4710,main,3
13029,4713,main,3
13030,4712,main,3
13033,4720,main,3
13036,4721,main,3
13037,4724,main,3
13041,4723,main,3
13042,4722,main,3
13046,4726,main,3
13047,4725,main,3
13051,4727,main,3
13052,4728,main,3
13056,4729,main,3
13057,4731,main,3
13058,4730,main,3
13060,4738,main,3
13061,1013061,rerun,1
13062,4732,main,3
13065,4733,main,3
13069,1013069,rerun,1
13072,4737,main,3
13073,4734,main,3
13075,4735,main,3
13076,4736,main,3
13077,4739,main,3
13078,1013078,rerun,1
13079,1013079,rerun,1
13081,1013081,rerun,2
13082,1013082,rerun,1
13083,1013083,rerun,2
13085,1013085,rerun,1
13087,4741,main,3
13088,4743,main,3
13090,4740,main,3
13095,1013095,rerun,2
13098,1013098,rerun,1
13102,4742,main,3
13104,4746,main,3
13106,4744,main,3
13109,4745,main,3
13113,1013113,rerun,2
13117,4749,main,3
13119,4747,main,3
13120,4748,main,3
13123,4750,main,3
13127,1013127,rerun,2
13128,4753,main,3
13130,4751,main,3
13131,4752,main,3
13132,1013132,rerun,1
13134,1013134,rerun,2
13137,4756,main,3
13138,4755,main,3
13139,4758,main,3
13140,4754,main,3
13141,1013141,rerun,2
13143,1013143,rerun,1
13144,1013144,rerun,2
13145,4759,main,3
13148,4757,main,3
13149,4761,main,3
13150,4760,main,3
13155,4765,main,3
13156,4762,main,3
13161,4767,main,3
13163,4766,main,3
13164,4764,main,3
13165,4763,main,3
13168,4768,main,3
13169,4769,main,3
13173,1013173,rerun,2
13177,1013177,rerun,1
13181,1013181,rerun,2
13182,1013182,rerun,1
13183,4770,main,3
13184,4772,main,3
13187,4773,main,3
13188,1013188,rerun,1
13189,4775,main,3
13190,4776,main,3
13194,4771,main,3
13197,1013197,rerun,1
13202,4778,main,3
13204,1013204,rerun,2
13205,4774,main,3
13207,4786,main,3
13210,4783,main,3
13212,4779,main,3
13214,4777,main,3
13216,4781,main,3
13221,4780,main,3
13223,4784,main,3
13224,4785,main,3
13226,4782,main,3
13230,4787,main,3
13233,4789,main,3
13234,4788,main,3
13235,4790,main,3
13236,4792,main,3
13240,1013240,rerun,1
13241,4791,main,3
13243,4795,main,3
13246,1013246,rerun,2
13248,1013248,rerun,2
13250,4793,main,3
13251,4794,main,3
13252,1013252,rerun,2
13254,1013254,rerun,1
13255,1013255,rerun,1
13259,1013259,rerun,1
13261,4799,main,3
13262,4800,main,3
13263,4796,main,3
13267,4798,main,3
13268,4801,main,3
13271,4807,main,3
13272,4797,main,3
13273,4809,main,3
13274,4802,main,3
13276,4808,main,3
13277,4803,main,3
13279,4804,main,3
13280,1013280,rerun,2
13281,4806,main,3
13282,4805,main,3
13284,4811,main,3
13287,4810,main,3
13289,4812,main,3
13290,1013290,rerun,2
13292,4813,main,3
13294,1013294,rerun,2
13295,1013295,rerun,1
13300,4819,main,3
13303,4814,main,3
13306,4815,main,3
13307,4818,main,3
13310,4823,main,3
13312,4821,main,3
13314,4817,main,3
13317,1013317,rerun,2
13319,4816,main,3
13320,1013320,rerun,2
13321,1013321,rerun,2
13322,1013322,rerun,1
13323,1013323,rerun,2
13325,4820,main,3
13332,4822,main,3
13333,1013333,rerun,2
13335,1013335,rerun,1
13338,4827,main,3
13341,4824,main,3
13342,4832,main,3
13343,4830,main,3
13344,1013344,rerun,1
13345,1013345,rerun,2
13347,4825,main,3
13348,1013348,rerun,2
13350,4826,main,3
13354,4828,main,3
13356,1013356,rerun,1
13357,1013357,rerun,2
13358,4829,main,3
13362,4837,main,3
13364,1013364,rerun,2
13367,1013367,rerun,1
13373,4831,main,3
13375,4835,main,3
13376,1013376,rerun,2
13379,4833,main,3
13381,4836,main,3
13384,1013384,rerun,1
13386,4834,main,3
13388,1013388,rerun,1
13389,4838,main,3
13391,1013391,rerun,1
13393,1013393,rerun,2
13394,4841,main,3
13395,1013395,rerun,1
13396,4844,main,3
13398,1013398,rerun,1
13401,4839,main,3
13402,4840,main,3
13403,4842,main,3
13407,4848,main,3
13411,4843,main,3
13412,4845,main,3
13418,4847,main,3
13419,4846,main,3
13422,4849,main,3
13423,4852,main,3
13424,4850,main,3
13425,4851,main,3
13426,4854,main,3
13428,4855,main,3
13429,4853,main,3
13430,4856,main,3
13431,4860,main,3
13432,4858,main,3
13433,4859,main,3
13438,4861,main,3
13439,4857,main,3
13443,4866,main,3
13446,4862,main,3
13448,1013448,rerun,2
13449,4863,main,3
13450,4864,main,3
13451,4868,main,3
13456,1013456,rerun,2
13457,4869,main,3
13459,4867,main,3
13464,4871,main,3
13466,4865,main,3
13467,1013467,rerun,2
13470,1013470,rerun,2
13475,4872,main,3
13477,4870,main,3
13479,1013479,rerun,2
13480,1013480,rerun,2
13482,4877,main,3
13483,1013483,rerun,1
13485,4874,main,3
13486,4873,main,3
13487,4876,main,3
13488,4875,main,3
13490,4878,main,3
13492,4879,main,3
13494,1013494,rerun,2
13495,4884,main,3
13497,1013497,rerun,1
13498,4881,main,3
13501,4882,main,3
13502,4883,main,3
13503,1013503,rerun,2
13504,4886,main,3
13505,4880,main,3
13506,4887,main,3
13511,1013511,rerun,1
13512,4885,main,3
13513,4888,main,3
13519,1013519,rerun,1
13522,1013522,rerun,1
13523,1013523,rerun,2
13524,4890,main,3
13526,4892,main,3
13527,1013527,rerun,2
13533,1013533,rerun,1
13534,4891,main,3
13535,4889,main,3
13538,1013538,rerun,1
13539,4893,main,3
13540,1013540,rerun,1
13543,4896,main,3
13544,4894,main,3
13545,1013545,rerun,2
13546,4898,main,3
13548,4903,main,3
13549,4895,main,3
13551,4900,main,3
13552,1013552,rerun,2
13553,4897,main,3
13557,1013557,rerun,1
13558,4899,main,3
13559,1013559,rerun,1
13560,4902,main,3
13561,4905,main,3
13569,1013569,rerun,2
13571,1013571,rerun,1
13572,4901,main,3
13573,1013573,rerun,1
13576,1013576,rerun,1
13578,4907,main,3
13579,4904,main,3
13581,4906,main,3
13582,1013582,rerun,1
13589,4913,main,3
13590,4911,main,3
13592,4909,main,3
13593,4910,main,3
13595,4908,main,3
13596,4912,main,3
13597,1013597,rerun,1
13598,4914,main,3
13608,4916,main,3
13611,4917,main,3
13612,4919,main,3
13613,4922,main,3
13614,4918,main,3
13617,4920,main,3
13618,1013618,rerun,1
13619,4915,main,3
13620,4923,main,3
13621,4921,main,3
13622,4924,main,3
13623,4925,main,3
13624,1013624,rerun,2
13625,4926,main,3
13629,4930,main,3
13631,1013631,rerun,1
13632,4927,main,3
13633,1013633,rerun,1
13635,4929,main,3
13637,4928,main,3
13638,1013638,rerun,2
13640,4931,main,3
13642,1013642,rerun,2
13643,4932,main,3
13646,1013646,rerun,2
13648,4934,main,3
13655,4935,main,3
13656,1013656,rerun,2
13659,4937,main,3
13661,4933,main,3
13662,1013662,rerun,2
13665,4939,main,3
13666,1013666,rerun,2
13667,1013667,rerun,2
13668,4938,main,3
13669,4936,main,3
13670,1013670,rerun,1
13671,4943,main,3
13672,1013672,rerun,2
13673,4940,main,3
13675,4942,main,3
13676,4941,main,3
13681,4946,main,3
13687,4947,main,3
13688,4944,main,3
13691,4949,main,3
13692,4945,main,3
13695,1013695,rerun,2
13696,1013696,rerun,2
13698,4948,main,3
13700,4951,main,3
13704,1013704,rerun,2
13705,4950,main,3
13708,1013708,rerun,1
13709,4953,main,3
13711,4954,main,3
13712,4952,main,3
13720,4958,main,3
13721,1013721,rerun,2
13722,4960,main,3
13724,1013724,rerun,2
13725,4955,main,3
13727,4956,main,3
13729,4957,main,3
13733,4967,main,3
13734,4963,main,3
13735,4959,main,3
13739,4961,main,3
13740,4962,main,3
13742,4965,main,3
13743,4968,main,3
13745,4964,main,3
13746,4969,main,3
13748,4966,main,3
13751,4970,main,3
13754,1013754,rerun,1
13758,4975,main,3
13759,4971,main,3
13760,1013760,rerun,2
13763,4974,main,3
13764,1013764,rerun,2
13765,4972,main,3
13768,4973,main,3
13769,4979,main,3
13770,1013770,rerun,1
13771,1013771,rerun,1
13774,4976,main,3
13776,4977,main,3
13778,4981,main,3
13779,1013779,rerun,2
13780,4980,main,3
13781,1013781,rerun,1
13782,4978,main,3
13787,4983,main,3
13788,1013788,rerun,1
13789,4985,main,3
13790,1013790,rerun,2
13794,4982,main,3
13795,4994,main,3
13796,1013796,rerun,2
13797,4988,main,3
13800,1013800,rerun,1
13801,1013801,rerun,2
13802,4984,main,3
13803,4987,main,3
13804,4989,main,3
13806,4990,main,3
13807,4986,main,3
13808,4993,main,3
13812,4995,main,3
13813,4991,main,3
13814,4996,main,3
13817,1013817,rerun,2
13818,4992,main,3
13819,4997,main,3
13820,4999,main,3
13821,4998,main,3
13822,5001,main,3
13823,1013823,rerun,2
13825,1013825,rerun,1
13829,5000,main,3
13834,5005,main,3
13837,5002,main,3
13839,5004,main,3
13841,5006,main,3
13842,5012,main,3
13843,5003,main,3
13845,1013845,rerun,2
13846,5017,main,3
13848,5011,main,3
13849,1013849,rerun,1
13850,5007,main,3
13854,5009,main,3
13855,5008,main,3
13856,5010,main,3
13859,1013859,rerun,1
13861,5013,main,3
13864,5015,main,3
13872,5018,main,3
13873,5019,main,3
13879,5020,main,3
13885,5014,main,3
13886,1013886,rerun,2
13889,5016,main,3
13891,5021,main,3
13894,5022,main,3
13898,5025,main,3
13899,5029,main,3
13900,5023,main,3
13905,5024,main,3
13908,5027,main,3
13911,5032,main,3
13914,5026,main,3
13916,1013916,rerun,2
13917,5028,main,3
13919,5033,main,3
13920,5031,main,3
13922,5030,main,3
13926,1013926,rerun,1
13929,5035,main,3
13930,1013930,rerun,1
13932,1013932,rerun,1
13933,5034,main,3
13934,5037,main,3
13937,5036,main,3
13941,1013941,rerun,2
13942,5038,main,3
13944,5040,main,3
13948,5039,main,3
13952,5041,main,3
13953,5046,main,3
13954,5042,main,3
13958,5044,main,3
13961,1013961,rerun,1
13965,1013965,rerun,1
13968,5043,main,3
13969,5045,main,3
13973,5053,main,3
13976,5048,main,3
13978,5047,main,3
13979,5052,main,3
13981,5049,main,3
13983,5050,main,3
13984,1013984,rerun,2
13985,5057,main,3
13986,5051,main,3
13987,5055,main,3
13989,5054,main,3
13990,5056,main,3
13991,5059,main,3
13992,1013992,rerun,1
13993,5058,main,3
13994,5060,main,3
13995,5061,main,3
13996,1013996,rerun,2
14001,5062,main,3
14003,5063,main,3
14004,1014004,rerun,2
14006,5067,main,3
14007,5065,main,3
14009,5064,main,3
14011,1014011,rerun,1
14015,1014015,rerun,2
14018,1014018,rerun,1
14020,5070,main,3
14023,5069,main,3
14024,5074,main,3
14025,5066,main,3
14027,5068,main,3
14028,5073,main,3
14029,1014029,rerun,1
14030,1014030,rerun,1
14034,5072,main,3
14036,5075,main,3
14037,1014037,rerun,1
14040,5071,main,3
14042,5078,main,3
14043,5077,main,3
14045,1014045,rerun,2
14046,5076,main,3
14053,5083,main,3
14055,5085,main,3
14057,1014057,rerun,1
14058,5079,main,3
14059,5082,main,3
14060,5080,main,3
14061,5087,main,3
14062,5089,main,3
14064,5081,main,3
14065,5086,main,3
14066,5084,main,3
14069,5088,main,3
14071,5090,main,3
14076,5092,main,3
14077,5091,main,3
14080,1014080,rerun,1
14081,1014081,rerun,2
14083,5093,main,3
14084,5095,main,3
14085,5094,main,3
14086,5100,main,3
14088,1014088,rerun,2
14090,1014090,rerun,2
14091,5097,main,3
14092,5099,main,3
14093,1014093,rerun,2
14094,5096,main,3
14096,5106,main,3
14098,5098,main,3
14102,1014102,rerun,2
14103,5101,main,3
14105,5102,main,3
14107,5103,main,3
14110,5111,main,3
14113,5107,main,3
14114,1014114,rerun,2
14115,5104,main,3
14116,5105,main,3
14118,1014118,rerun,1
14119,5109,main,3
14120,5110,main,3
14121,5108,main,3
14122,5113,main,3
14123,5112,main,3
14125,5114,main,3
14130,5116,main,3
14131,5115,main,3
14132,5123,main,3
14133,1014133,rerun,1
14136,5121,main,3
14138,5119,main,3
14139,5118,main,3
14140,5125,main,3
14142,5117,main,3
14145,5120,main,3
14149,5122,main,3
14151,1014151,rerun,2
14153,5124,main,3
14154,5126,main,3
14159,5129,main,3
14160,1014160,rerun,1
14161,1014161,rerun,1
14162,1014162,rerun,2
14164,1014164,rerun,1
14165,5130,main,3
14170,5131,main,3
14173,5132,main,3
14175,5127,main,3
14176,5128,main,3
14178,5133,main,3
14179,1014179,rerun,1
14182,5136,main,3
14184,1014184,rerun,2
14188,1014188,rerun,1
14189,5142,main,3
14194,5139,main,3
14195,5135,main,3
14196,5137,main,3
14197,5146,main,3
14198,5141,main,3
14199,5143,main,3
14200,5138,main,3
14202,5134,main,3
14203,5140,main,3
14205,1014205,rerun,2
14206,5144,main,3
14208,1014208,rerun,1
14209,5145,main,3
14210,5147,main,3
14211,5148,main,3
14213,5150,main,3
14214,5151,main,3
14218,5149,main,3
14222,5152,main,3
14223,5153,main,3
14224,5154,main,3
14226,5156,main,3
14229,5157,main,3
14230,5155,main,3
14231,1014231,rerun,1
14233,1014233,rerun,1
14235,1014235,rerun,1
14239,5158,main,3
14245,5164,main,3
14252,5162,main,3
14253,5159,main,3
14254,5170,main,3
14255,5160,main,3
14256,5161,main,3
14257,5172,main,3
14261,1014261,rerun,1
14262,5171,main,3
14263,5166,main,3
14265,5167,main,3
14268,5163,main,3
14271,5165,main,3
14273,5173,main,3
14275,5169,main,3
14276,5168,main,3
14277,5175,main,3
14278,5174,main,3
14279,5176,main,3
14280,5177,main,3
14282,5180,main,3
14283,5179,main,3
14286,5178,main,3
14296,5181,main,3
14297,5188,main,3
14300,5183,main,3
14301,5182,main,3
14302,5187,main,3
14303,1014303,rerun,2
14305,1014305,rerun,2
14306,5186,main,3
14309,5184,main,3
14310,1014310,rerun,2
14311,5191,main,3
14313,5190,main,3
14314,5196,main,3
14318,1014318,rerun,1
14319,5185,main,3
14320,1014320,rerun,2
14324,5192,main,3
14325,1014325,rerun,2
14326,5189,main,3
14328,5195,main,3
14330,1014330,rerun,2
14335,5198,main,3
14336,5193,main,3
14340,5194,main,3
14342,5197,main,3
14347,5209,main,3
14351,5199,main,3
14352,5201,main,3
14357,5202,main,3
14360,1014360,rerun,2
14361,1014361,rerun,2
14362,5200,main,3
14365,5203,main,3
14367,5205,main,3
14370,1014370,rerun,2
14373,5212,main,3
14376,5206,main,3
14377,5208,main,3
14378,5204,main,3
14379,5210,main,3
14380,5207,main,3
14383,5213,main,3
14385,5211,main,3
14388,5217,main,3
14389,5214,main,3
14391,5215,main,3
14392,1014392,rerun,2
14394,1014394,rerun,1
14395,5216,main,3
14396,1014396,rerun,1
14397,5218,main,3
14399,1014399,rerun,2
14405,1014405,rerun,1
14407,1014407,rerun,1
14408,5219,main,3
14409,5220,main,3
14412,1014412,rerun,1
14413,5223,main,3
14418,5221,main,3
14419,1014419,rerun,1
14420,1014420,rerun,1
14422,1014422,rerun,1
14424,5222,main,3
14426,1014426,rerun,2
14427,1014427,rerun,1
14429,1014429,rerun,1
14433,1014433,rerun,1
14436,1014436,rerun,2
14439,1014439,rerun,2
14440,1014440,rerun,1
14441,1014441,rerun,2
14443,5234,main,3
14445,5233,main,3
14446,5228,main,3
14447,5224,main,3
14453,5232,main,3
14456,1014456,rerun,1
14457,5229,main,3
14460,5230,main,3
14461,5226,main,3
14462,5227,main,3
14465,5235,main,3
14466,5225,main,3
14468,1014468,rerun,2
14470,1014470,rerun,1
14473,5236,main,3
14474,1014474,rerun,1
14475,5231,main,3
14478,5238,main,3
14481,1014481,rerun,2
14482,5240,main,3
14483,1014483,rerun,2
14484,5239,main,3
14487,1014487,rerun,2
14489,1014489,rerun,2
14492,5241,main,3
14495,5237,main,3
14503,5242,main,3
14504,1014504,rerun,1
14505,5252,main,3
14506,5247,main,3
14511,5246,main,3
14512,5243,main,3
14514,5244,main,3
14515,5249,main,3
14520,5245,main,3
14526,1014526,rerun,1
14534,5254,main,3
14536,5250,main,3
14537,5248,main,3
14538,5251,main,3
14539,1014539,rerun,2
14540,1014540,rerun,2
14543,5255,main,3
14544,5253,main,3
14549,5257,main,3
14550,5256,main,3
14551,1014551,rerun,2
14553,1014553,rerun,2
14554,5258,main,3
14555,5259,main,3
14556,5260,main,3
14561,1014561,rerun,1
14563,5261,main,3
14564,5263,main,3
14566,1014566,rerun,2
14567,1014567,rerun,1
14568,5262,main,3
14570,5265,main,3
14571,5271,main,3
14572,5268,main,3
14573,5266,main,3
14574,5264,main,3
14575,5270,main,3
14579,5267,main,3
14583,5269,main,3
14585,5277,main,3
14586,1014586,rerun,2
14591,5274,main,3
14593,5276,main,3
14594,5272,main,3
14596,5273,main,3
14600,5275,main,3
14603,5281,main,3
14605,5280,main,3
14609,5283,main,3
14611,5278,main,3
14612,5279,main,3
14614,1014614,rerun,1
14616,1014616,rerun,1
14619,5282,main,3
14620,5284,main,3
14626,1014626,rerun,2
14629,1014629,rerun,2
14630,5285,main,3
14635,5288,main,3
14637,1014637,rerun,1
14639,1014639,rerun,1
14641,5286,main,3
14642,5287,main,3
14644,5289,main,3
14649,1014649,rerun,1
14653,1014653,rerun,2
14654,1014654,rerun,1
14655,5293,main,3
14656,5292,main,3
14659,5290,main,3
14662,1014662,rerun,1
14663,1014663,rerun,2
14667,1014667,rerun,2
14669,5295,main,3
14672,5294,main,3
14673,5291,main,3
14674,5300,main,3
14675,5297,main,3
14676,1014676,rerun,2
14678,5303,main,3
14679,5299,main,3
14680,1014680,rerun,1
14681,5296,main,3
14685,5298,main,3
14686,5306,main,3
14690,5301,main,3
14693,5302,main,3
14698,5305,main,3
14699,5304,main,3
14700,5309,main,3
14703,5307,main,3
14705,1014705,rerun,1
14706,5308,main,3
14708,1014708,rerun,2
14709,5316,main,3
14710,5310,main,3
14711,1014711,rerun,1
14712,5313,main,3
14714,5312,main,3
14716,5314,main,3
14717,1014717,rerun,2
14720,5311,main,3
14725,5319,main,3
14728,1014728,rerun,1
14730,5315,main,3
14731,5318,main,3
14732,5324,main,3
14733,5320,main,3
14736,5317,main,3
14738,5325,main,3
14739,1014739,rerun,1
14742,5328,main,3
14743,5327,main,3
14745,5322,main,3
14747,5323,main,3
14748,5321,main,3
14750,5330,main,3
14752,1014752,rerun,2
14753,5326,main,3
14754,1014754,rerun,2
14759,5336,main,3
14760,5329,main,3
14761,5333,main,3
14762,5335,main,3
14763,5331,main,3
14765,5332,main,3
14766,1014766,rerun,2
14767,5338,main,3
14769,5337,main,3
14774,5334,main,3
14775,5343,main,3
14776,5349,main,3
14779,5342,main,3
14781,5339,main,3
14782,5340,main,3
14784,5341,main,3
14785,5345,main,3
14787,5344,main,3
14788,5348,main,3
14790,1014790,rerun,1
14791,1014791,rerun,2
14792,5347,main,3
14793,5346,main,3
14795,5350,main,3
14796,1014796,rerun,2
14797,5351,main,3
14798,5355,main,3
14800,5352,main,3
14801,5353,main,3
14802,1014802,rerun,1
14803,5354,main,3
14804,1014804,rerun,2
14805,5357,main,3
14806,5356,main,3
14811,5361,main,3
14813,1014813,rerun,1
14815,5358,main,3
14816,5360,main,3
14818,5359,main,3
14820,1014820,rerun,1
14823,5362,main,3
14824,5367,main,3
14825,1014825,rerun,2
14827,5364,main,3
14830,5363,main,3
14831,5365,main,3
14832,5373,main,3
14834,5370,main,3
14837,5366,main,3
14841,1014841,rerun,1
14842,5371,main,3
14843,5369,main,3
14844,5368,main,3
14847,5372,main,3
14849,5374,main,3
14853,1014853,rerun,2
14855,1014855,rerun,2
14860,1014860,rerun,1
14862,1014862,rerun,2
14864,5380,main,3
14865,1014865,rerun,1
14869,5377,main,3
14870,5376,main,3
14871,1014871,rerun,1
14872,5382,main,3
14874,5375,main,3
14875,1014875,rerun,1
14876,5379,main,3
14878,5381,main,3
14879,1014879,rerun,1
14882,5378,main,3
14883,1014883,rerun,1
14884,1014884,rerun,2
14887,5383,main,3
14891,1014891,rerun,2
14892,5386,main,3
14895,5387,main,3
14896,1014896,rerun,1
14898,5389,main,3
14899,5388,main,3
14900,5384,main,3
14904,5391,main,3
14906,1014906,rerun,1
14907,5385,main,3
14913,1014913,rerun,1
14914,5390,main,3
14916,5392,main,3
14917,5394,main,3
14918,5393,main,3
14919,5396,main,3
14920,5395,main,3
14921,5397,main,3
14922,5401,main,3
14925,5398,main,3
14929,5403,main,3
14931,5399,main,3
14932,1014932,rerun,2
14933,5400,main,3
14937,5402,main,3
14938,1014938,rerun,1
14939,5405,main,3
14942,1014942,rerun,1
14943,5412,main,3
14944,5409,main,3
14945,5411,main,3
14948,1014948,rerun,1
14950,5404,main,3
14951,5408,main,3
14953,5415,main,3
14954,5406,main,3
14955,5410,main,3
14957,5407,main,3
14958,5413,main,3
14959,1014959,rerun,1
14962,5414,main,3
14963,5416,main,3
14965,1014965,rerun,2
14968,5420,main,3
14969,5417,main,3
14973,1014973,rerun,2
14975,5419,main,3
14977,5421,main,3
14978,1014978,rerun,1
14981,5418,main,3
14982,5427,main,3
14984,1014984,rerun,2
14989,5422,main,3
14990,5423,main,3
14994,5424,main,3
14995,5425,main,3
14998,5428,main,3
15000,5432,main,3
15002,5429,main,3
15003,1015003,rerun,2
15004,5426,main,3
15007,1015007,rerun,2
15010,1015010,rerun,2
15011,5435,main,3
15014,1015014,rerun,1
15015,1015015,rerun,2
15017,5431,main,3
15021,1015021,rerun,2
15022,5430,main,3
15023,5434,main,3
15024,5433,main,3
15029,5438,main,3
15032,5439,main,3
15033,5437,main,3
15036,5444,main,3
15038,5436,main,3
15039,5442,main,3
15041,5440,main,3
15045,5447,main,3
15047,5441,main,3
15048,5445,main,3
15049,5443,main,3
15053,5446,main,3
15054,1015054,rerun,1
15055,1015055,rerun,2
15056,5449,main,3
15058,5453,main,3
15059,5448,main,3
15062,5452,main,3
15064,1015064,rerun,2
15066,5450,main,3
15068,5458,main,3
15069,5454,main,3
15070,5451,main,3
15071,1015071,rerun,1
15072,5455,main,3
15074,5461,main,3
15075,5456,main,3
15076,5462,main,3
15077,5460,main,3
15078,5457,main,3
15079,5459,main,3
15080,1015080,rerun,2
15088,5466,main,3
15089,5463,main,3
15092,5465,main,3
15094,5467,main,3
15103,5464,main,3
15104,5470,main,3
15106,1015106,rerun,1
15110,1015110,rerun,2
15112,5469,main,3
15113,5468,main,3
15115,1015115,rerun,2
15116,5473,main,3
15117,5478,main,3
15119,5471,main,3
15123,5474,main,3
15124,5472,main,3
15132,5476,main,3
15133,1015133,rerun,1
15136,5475,main,3
15137,1015137,rerun,1
15139,5477,main,3
15140,5481,main,3
15143,1015143,rerun,2
15146,1015146,rerun,1
15148,1015148,rerun,2
15151,1015151,rerun,2
15152,5485,main,3
15153,5483,main,3
15154,1015154,rerun,2
15155,5479,main,3
15156,5480,main,3
15157,5484,main,3
15159,1015159,rerun,1
15160,5482,main,3
15168,5486,main,3
15172,1015172,rerun,2
15174,1015174,rerun,1
15175,5491,main,3
15176,5495,main,3
15177,5494,main,3
15179,1015179,rerun,2
15181,5487,main,3
15183,1015183,rerun,2
15184,5493,main,3
15185,5496,main,3
15186,5488,main,3
15188,5492,main,3
15189,5490,main,3
15190,5489,main,3
15192,1015192,rerun,2
15194,5502,main,3
15200,1015200,rerun,2
15201,1015201,rerun,1
15204,1015204,rerun,1
15206,5498,main,3
15208,5500,main,3
15209,5499,main,3
15210,5504,main,3
15211,5497,main,3
15213,5501,main,3
15214,5503,main,3
15220,5505,main,3
15225,5512,main,3
15229,5510,main,3
15230,1015230,rerun,1
15232,5511,main,3
15233,1015233,rerun,2
15234,5507,main,3
15235,1015235,rerun,1
15239,1015239,rerun,2
15240,1015240,rerun,2
15241,5513,main,3
15242,1015242,rerun,1
15243,5508,main,3
15247,1015247,rerun,2
15248,5506,main,3
15250,5509,main,3
15251,5517,main,3
15253,5515,main,3
15256,1015256,rerun,2
15257,5516,main,3
15258,5514,main,3
15260,5518,main,3
15263,5519,main,3
15265,1015265,rerun,1
15269,5522,main,3
15270,5520,main,3
15271,5521,main,3
15272,1015272,rerun,1
15278,5529,main,3
15279,5523,main,3
15281,1015281,rerun,1
15282,5525,main,3
15283,5524,main,3
15284,5533,main,3
15285,5527,main,3
15290,5531,main,3
15291,5526,main,3
15296,5528,main,3
15297,5530,main,3
15298,5535,main,3
15299,5534,main,3
15304,5537,main,3
15307,1015307,rerun,2
15311,5532,main,3
15314,5536,main,3
15315,5540,main,3
15316,5539,main,3
15320,1015320,rerun,2
15323,5542,main,3
15325,1015325,rerun,1
15328,5541,main,3
15329,5543,main,3
15332,5538,main,3
15333,5547,main,3
15335,5548,main,3
15336,5544,main,3
15337,5545,main,3
15338,1015338,rerun,2
15340,1015340,rerun,2
15342,5549,main,3
15343,1015343,rerun,2
15345,5554,main,3
15347,5550,main,3
15348,5551,main,3
15349,5546,main,3
15350,5553,main,3
15353,1015353,rerun,2
15354,5552,main,3
15355,1015355,rerun,1
15356,5556,main,3
15357,1015357,rerun,1
15361,5558,main,3
15362,5555,main,3
15366,5559,main,3
15367,5557,main,3
15371,1015371,rerun,2
15372,5564,main,3
15374,5561,main,3
15376,5560,main,3
15377,5562,main,3
15378,5563,main,3
15379,5565,main,3
15380,1015380,rerun,2
15384,5566,main,3
15386,5571,main,3
15389,5570,main,3
15390,5569,main,3
15391,5568,main,3
15392,1015392,rerun,1
15398,5567,main,3
15403,1015403,rerun,1
15404,5572,main,3
15407,5578,main,3
15408,5579,main,3
15411,5577,main,3
15412,5574,main,3
15415,5573,main,3
15416,5575,main,3
15417,5580,main,3
15418,5576,main,3
15419,5582,main,3
15423,5581,main,3
15428,5584,main,3
15429,5586,main,3
15430,5583,main,3
15431,1015431,rerun,2
15432,5588,main,3
15433,5585,main,3
15436,5587,main,3
15441,5593,main,3
15442,5589,main,3
15445,5591,main,3
15446,5594,main,3
15447,1015447,rerun,2
15448,5597,main,3
15451,5598,main,3
15452,5590,main,3
15455,5595,main,3
15456,5601,main,3
15458,1015458,rerun,2
15459,5592,main,3
15460,1015460,rerun,1
15462,1015462,rerun,1
15463,5596,main,3
15464,5599,main,3
15465,5600,main,3
15468,5602,main,3
15469,1015469,rerun,2
15470,5603,main,3
15471,5605,main,3
15473,5604,main,3
15474,5607,main,3
15475,5608,main,3
15476,5606,main,3
15478,5614,main,3
15483,5612,main,3
15486,5609,main,3
15487,5611,main,3
15490,5616,main,3
15492,1015492,rerun,1
15493,5610,main,3
15495,5615,main,3
15497,1015497,rerun,1
15499,1015499,rerun,1
15500,5613,main,3
15502,5617,main,3
15503,5618,main,3
15507,1015507,rerun,2
15508,5621,main,3
15510,5619,main,3
15513,1015513,rerun,1
15518,5623,main,3
15519,5620,main,3
15521,5622,main,3
15522,5627,main,3
15523,1015523,rerun,2
15524,1015524,rerun,1
15525,5626,main,3
15527,5624,main,3
15530,1015530,rerun,2
15531,1015531,rerun,2
15532,5629,main,3
15534,5625,main,3
15535,1015535,rerun,2
15536,5630,main,3
15538,1015538,rerun,1
15542,5628,main,3
15544,5631,main,3
15545,1015545,rerun,1
15548,1015548,rerun,1
15549,1015549,rerun,1
15551,5636,main,3
15553,5634,main,3
15554,5635,main,3
15557,5632,main,3
15558,5640,main,3
15562,5646,main,3
15564,5637,main,3
15565,1015565,rerun,2
15566,1015566,rerun,2
15568,5633,main,3
15571,5639,main,3
15572,5638,main,3
15573,1015573,rerun,1
15576,5642,main,3
15577,5641,main,3
15579,5643,main,3
15581,5644,main,3
15583,1015583,rerun,1
15586,5645,main,3
15588,5647,main,3
15589,5650,main,3
15590,5651,main,3
15591,5648,main,3
15595,1015595,rerun,2
15597,5649,main,3
15598,5654,main,3
15600,5653,main,3
15605,1015605,rerun,2
15606,5660,main,3
15607,5652,main,3
15608,5658,main,3
15609,1015609,rerun,1
15610,5657,main,3
15611,1015611,rerun,2
15612,5661,main,3
15613,5655,main,3
15614,5659,main,3
15617,5662,main,3
15618,5670,main,3
15619,5663,main,3
15621,5656,main,3
15623,5664,main,3
15627,5666,main,3
15628,5665,main,3
15629,5668,main,3
15632,5667,main,3
15633,5669,main,3
15637,1015637,rerun,2
15638,5671,main,3
15641,1015641,rerun,1
15642,5674,main,3
15643,5675,main,3
15644,5672,main,3
15645,5682,main,3
15648,5673,main,3
15649,5676,main,3
15651,5681,main,3
15656,5677,main,3
15658,5678,main,3
15659,5680,main,3
15660,1015660,rerun,2
15662,1015662,rerun,1
15664,1015664,rerun,2
15665,1015665,rerun,1
15666,5685,main,3
15667,5679,main,3
15668,1015668,rerun,1
15669,1015669,rerun,1
15671,5683,main,3
15672,5686,main,3
15675,5684,main,3
15679,5687,main,3
15680,1015680,rerun,2
15682,5692,main,3
15683,5691,main,3
15685,5689,main,3
15688,5695,main,3
15689,1015689,rerun,2
15692,1015692,rerun,2
15693,5688,main,3
15694,5690,main,3
15696,5693,main,3
15702,1015702,rerun,1
15703,1015703,rerun,1
15705,1015705,rerun,1
15706,1015706,rerun,1
15708,1015708,rerun,1
15710,5694,main,3
15711,5696,main,3
15712,1015712,rerun,2
15714,5698,main,3
15716,5700,main,3
15718,1015718,rerun,1
15719,5701,main,3
15721,1015721,rerun,1
15722,5702,main,3
15723,5697,main,3
15724,1015724,rerun,2
15725,5699,main,3
15732,5703,main,3
15736,1015736,rerun,2
15738,5704,main,3
15739,5705,main,3
15740,5707,main,3
15744,1015744,rerun,1
15745,1015745,rerun,1
15747,5706,main,3
15749,5711,main,3
15751,1015751,rerun,1
15754,5714,main,3
15755,5708,main,3
15758,5709,main,3
15759,1015759,rerun,2
15761,5710,main,3
15767,5713,main,3
15769,1015769,rerun,2
15773,1015773,rerun,1
15775,5712,main,3
15778,1015778,rerun,2
15786,5716,main,3
15788,5717,main,3
15792,5722,main,3
15793,5715,main,3
15794,5725,main,3
15795,5719,main,3
15798,5723,main,3
15801,1015801,rerun,1
15802,5726,main,3
15803,5718,main,3
15804,5720,main,3
15805,5721,main,3
15808,5728,main,3
15811,5729,main,3
15812,1015812,rerun,2
15813,5724,main,3
15815,5727,main,3
15816,5730,main,3
15817,5732,main,3
15818,1015818,rerun,1
15821,5733,main,3
15822,1015822,rerun,2
15824,5731,main,3
15827,5738,main,3
15828,5736,main,3
15830,5734,main,3
15831,5735,main,3
15832,1015832,rerun,2
15833,5741,main,3
15834,5739,main,3
15836,5737,main,3
15837,5740,main,3
15840,5748,main,3
15841,5744,main,3
15842,5742,main,3
15843,5747,main,3
15844,5745,main,3
15845,5743,main,3
15847,5749,main,3
15849,5750,main,3
15850,5746,main,3
15851,1015851,rerun,2
15854,1015854,rerun,2
15855,1015855,rerun,2
15856,1015856,rerun,1
15858,5751,main,3
15860,5756,main,3
15862,5753,main,3
15864,5752,main,3
15865,5755,main,3
15867,5757,main,3
15868,5754,main,3
15870,1015870,rerun,2
15872,1015872,rerun,2
15873,5760,main,3
15875,1015875,rerun,2
15876,5764,main,3
15877,5765,main,3
15879,5762,main,3
15882,5758,main,3
15886,5759,main,3
15887,5763,main,3
15888,5772,main,3
15889,5771,main,3
15891,5761,main,3
15892,1015892,rerun,1
15893,5767,main,3
15895,1015895,rerun,2
15897,5768,main,3
15900,5769,main,3
15902,5766,main,3
15903,5770,main,3
15904,1015904,rerun,2
15905,5773,main,3
15906,5774,main,3
15914,5782,main,3
15915,5775,main,3
15920,5779,main,3
15923,5776,main,3
15924,5778,main,3
15925,1015925,rerun,1
15926,5780,main,3
15928,1015928,rerun,1
15930,1015930,rerun,2
15931,5781,main,3
15933,1015933,rerun,2
15934,5777,main,3
15937,5783,main,3
15938,5786,main,3
15939,5784,main,3
15942,5785,main,3
15943,1015943,rerun,1
15944,5796,main,3
15945,5787,main,3
15946,5788,main,3
15951,5789,main,3
15953,5791,main,3
15954,1015954,rerun,2
15955,5790,main,3
15958,5793,main,3
15959,5795,main,3
15960,5792,main,3
15961,5794,main,3
15964,5800,main,3
15967,1015967,rerun,2
15970,1015970,rerun,2
15972,5797,main,3
15973,5805,main,3
15974,5799,main,3
15977,5798,main,3
15981,5804,main,3
15982,5806,main,3
15985,5801,main,3
15986,5802,main,3
15987,5803,main,3
15988,1015988,rerun,2
15990,1015990,rerun,2
15991,1015991,rerun,1
15994,5811,main,3
15997,1015997,rerun,1
15999,5810,main,3
16002,1016002,rerun,2
16003,5814,main,3
16005,1016005,rerun,2
16007,5807,main,3
16008,5808,main,3
16011,5813,main,3
16013,5809,main,3
16015,5815,main,3
16016,5812,main,3
16017,1016017,rerun,1
16018,1016018,rerun,1
16021,5819,main,3
16023,5816,main,3
16026,1016026,rerun,1
16028,5818,main,3
16029,5820,main,3
16031,5817,main,3
16032,5821,main,3
16033,1016033,rerun,1
16035,5822,main,3
16038,5823,main,3
16041,1016041,rerun,2
16042,5828,main,3
16043,5826,main,3
16044,5825,main,3
16045,5827,main,3
16048,5824,main,3
16049,1016049,rerun,1
16061,5835,main,3
16063,5829,main,3
16064,1016064,rerun,1
16066,5833,main,3
16067,5837,main,3
16068,1016068,rerun,2
16069,5831,main,3
16070,5832,main,3
16071,5842,main,3
16072,5836,main,3
16073,1016073,rerun,2
16074,1016074,rerun,1
16077,5830,main,3
16078,5841,main,3
16079,5834,main,3
16080,1016080,rerun,1
16082,5840,main,3
16083,5839,main,3
16086,5838,main,3
16087,5846,main,3
16088,5843,main,3
16090,1016090,rerun,1
16095,5845,main,3
16096,1016096,rerun,1
16099,1016099,rerun,1
16101,5847,main,3
16102,5844,main,3
16103,1016103,rerun,2
16108,1016108,rerun,2
16109,5849,main,3
16111,5848,main,3
16113,5851,main,3
16114,5852,main,3
16117,5858,main,3
16120,5850,main,3
16121,5853,main,3
16123,5854,main,3
16124,5856,main,3
16125,1016125,rerun,2
16126,5857,main,3
16127,5855,main,3
16131,1016131,rerun,1
16133,5860,main,3
16134,5859,main,3
16135,1016135,rerun,1
16139,5864,main,3
16140,1016140,rerun,2
16143,5863,main,3
16144,5867,main,3
16145,5866,main,3
16148,1016148,rerun,2
16151,5868,main,3
16153,5861,main,3
16154,5862,main,3
16156,1016156,rerun,1
16158,5879,main,3
16159,1016159,rerun,1
16161,5865,main,3
16162,5872,main,3
16163,5869,main,3
16165,5875,main,3
16166,5871,main,3
16167,5870,main,3
16168,5874,main,3
16169,5877,main,3
16171,1016171,rerun,2
16174,5878,main,3
16175,5873,main,3
16176,5876,main,3
16179,1016179,rerun,2
16180,5880,main,3
16181,1016181,rerun,1
16185,5881,main,3
16191,5882,main,3
16192,5889,main,3
16193,5883,main,3
16198,5885,main,3
16201,5894,main,3
16202,5890,main,3
16205,5887,main,3
16206,5895,main,3
16207,5884,main,3
16208,5888,main,3
16212,5886,main,3
16213,1016213,rerun,2
16216,5897,main,3
16218,1016218,rerun,2
16219,5891,main,3
16221,5892,main,3
16222,1016222,rerun,1
16225,5893,main,3
16226,5896,main,3
16229,5898,main,3
16232,5899,main,3
16233,5900,main,3
16235,5901,main,3
16236,1016236,rerun,2
16237,5903,main,3
16242,1016242,rerun,2
16245,1016245,rerun,1
16246,5902,main,3
16247,5904,main,3
16248,5905,main,3
16255,5907,main,3
16256,5911,main,3
16257,5906,main,3
16258,5914,main,3
16260,1016260,rerun,2
16261,1016261,rerun,1
16262,5910,main,3
16265,5913,main,3
16268,5919,main,3
16270,5908,main,3
16271,1016271,rerun,2
16273,5909,main,3
16276,1016276,rerun,2
16277,5922,main,3
16278,5916,main,3
16279,5918,main,3
16281,5917,main,3
16282,5912,main,3
16284,5915,main,3
16285,5925,main,3
16286,5921,main,3
16287,5920,main,3
16289,5924,main,3
16291,5923,main,3
16293,1016293,rerun,1
16294,5926,main,3
16297,1016297,rerun,2
16298,5930,main,3
16300,5929,main,3
16302,5933,main,3
16304,5928,main,3
16308,5927,main,3
16309,5934,main,3
16311,1016311,rerun,2
16314,5943,main,3
16315,5935,main,3
16317,5936,main,3
16320,5931,main,3
16321,5939,main,3
16322,5932,main,3
16324,5938,main,3
16325,5940,main,3
16326,5937,main,3
16332,1016332,rerun,2
16333,1016333,rerun,1
16335,5942,main,3
16337,1016337,rerun,1
16338,5945,main,3
16339,1016339,rerun,1
16341,5941,main,3
16344,5944,main,3
16346,1016346,rerun,2
16347,5946,main,3
16348,5954,main,3
16349,5948,main,3
16350,1016350,rerun,2
16354,1016354,rerun,2
16356,1016356,rerun,1
16360,1016360,rerun,1
16361,5953,main,3
16362,5947,main,3
16364,5956,main,3
16369,5955,main,3
16373,5950,main,3
16375,5962,main,3
16376,5952,main,3
16377,5951,main,3
16382,5949,main,3
16383,1016383,rerun,1
16384,1016384,rerun,2
16387,5963,main,3
16389,5957,main,3
16390,5961,main,3
16391,5959,main,3
16394,1016394,rerun,1
16395,5958,main,3
16396,5966,main,3
16401,5960,main,3
16405,5967,main,3
16406,5964,main,3
16407,5965,main,3
16408,5968,main,3
16411,5969,main,3
16416,5973,main,3
16417,5974,main,3
16418,1016418,rerun,1
16419,1016419,rerun,1
16420,5970,main,3
16422,5971,main,3
16423,5972,main,3
16424,5980,main,3
16425,5977,main,3
16426,5975,main,3
16428,5976,main,3
16429,5979,main,3
16430,1016430,rerun,2
16438,5981,main,3
16440,1016440,rerun,2
16441,5982,main,3
16442,5978,main,3
16443,1016443,rerun,2
16444,1016444,rerun,2
16445,1016445,rerun,1
16447,5989,main,3
16448,1016448,rerun,1
16449,5987,main,3
16450,5983,main,3
16451,5985,main,3
16452,5986,main,3
16453,5984,main,3
16454,5991,main,3
16455,5988,main,3
16457,5990,main,3
16462,5992,main,3
16466,6004,main,3
16469,5996,main,3
16470,1016470,rerun,1
16471,1016471,rerun,2
16473,5994,main,3
16474,5998,main,3
16476,1016476,rerun,1
16478,1016478,rerun,1
16479,5995,main,3
16481,6001,main,3
16482,5997,main,3
16484,5993,main,3
16486,6003,main,3
16488,1016488,rerun,2
16491,6002,main,3
16495,6008,main,3
16496,5999,main,3
16497,6000,main,3
16498,1016498,rerun,1
16499,6007,main,3
16500,6006,main,3
16505,6005,main,3
16507,6011,main,3
16509,1016509,rerun,1
16510,1016510,rerun,1
16512,1016512,rerun,2
16515,6010,main,3
16516,1016516,rerun,1
16517,6015,main,3
16519,6009,main,3
16524,6014,main,3
16525,1016525,rerun,1
16527,6012,main,3
16528,1016528,rerun,2
16529,1016529,rerun,2
16533,6013,main,3
16534,6018,main,3
16535,6019,main,3
16536,1016536,rerun,1
16537,6017,main,3
16538,6020,main,3
16542,1016542,rerun,1
16545,6022,main,3
16546,6016,main,3
16549,6025,main,3
16551,6024,main,3
16554,6021,main,3
16555,1016555,rerun,1
16556,6023,main,3
16561,1016561,rerun,1
16563,1016563,rerun,1
16567,6026,main,3
16570,1016570,rerun,2
16572,6032,main,3
16575,6027,main,3
16581,6028,main,3
16591,6031,main,3
16594,6030,main,3
16598,6034,main,3
16599,6029,main,3
16601,6033,main,3
16602,1016602,rerun,1
16604,1016604,rerun,1
16605,1016605,rerun,1
16608,1016608,rerun,1
16610,1016610,rerun,1
16611,6037,main,3
16614,1016614,rerun,2
16615,1016615,rerun,1
16617,6035,main,3
16619,1016619,rerun,2
16621,6036,main,3
16622,1016622,rerun,1
16623,1016623,rerun,1
16624,6038,main,3
16625,6040,main,3
16626,6042,main,3
16632,6039,main,3
16633,6044,main,3
16634,6043,main,3
16635,6047,main,3
16636,6046,main,3
16637,6041,main,3
16639,6048,main,3
16640,6045,main,3
16642,6050,main,3
16643,1016643,rerun,1
16646,6051,main,3
16648,1016648,rerun,2
16649,6053,main,3
16652,6049,main,3
16658,6054,main,3
16663,6061,main,3
16665,6052,main,3
16666,6056,main,3
16667,1016667,rerun,2
16668,1016668,rerun,2
16670,6059,main,3
16671,6062,main,3
16672,1016672,rerun,2
16674,6057,main,3
16675,6055,main,3
16677,1016677,rerun,1
16681,6058,main,3
16682,1016682,rerun,1
16684,6060,main,3
16686,1016686,rerun,1
16691,6063,main,3
16692,6066,main,3
16695,6064,main,3
16696,6068,main,3
16698,6065,main,3
16699,6072,main,3
16700,1016700,rerun,1
16701,6069,main,3
16705,1016705,rerun,2
16706,6070,main,3
16708,6071,main,3
16709,6067,main,3
16710,6075,main,3
16711,6073,main,3
16714,6074,main,3
16715,1016715,rerun,1
16719,6078,main,3
16720,1016720,rerun,2
16722,6076,main,3
16725,6079,main,3
16729,6077,main,3
16732,6080,main,3
16736,6084,main,3
16737,1016737,rerun,2
16738,6083,main,3
16740,6082,main,3
16742,6081,main,3
16743,6088,main,3
16748,1016748,rerun,1
16751,6086,main,3
16752,6087,main,3
16753,6089,main,3
16754,6085,main,3
16756,1016756,rerun,2
16760,6095,main,3
16763,6091,main,3
16764,6090,main,3
16768,6096,main,3
16769,1016769,rerun,2
16771,1016771,rerun,1
16772,6097,main,3
16773,6094,main,3
16775,1016775,rerun,1
16776,6092,main,3
16779,6093,main,3
16783,6098,main,3
16788,6100,main,3
16791,6099,main,3
16792,6105,main,3
16794,6104,main,3
16795,6101,main,3
16796,6103,main,3
16797,1016797,rerun,1
16799,6102,main,3
16800,1016800,rerun,2
16804,6113,main,3
16805,6106,main,3
16806,1016806,rerun,1
16808,6108,main,3
16809,6110,main,3
16812,6111,main,3
16813,1016813,rerun,2
16814,6109,main,3
16817,6112,main,3
16818,6107,main,3
16821,1016821,rerun,1
16822,6116,main,3
16823,1016823,rerun,2
16825,6115,main,3
16826,6117,main,3
16829,6119,main,3
16832,1016832,rerun,2
16833,6114,main,3
16837,6120,main,3
16839,6122,main,3
16840,6123,main,3
16842,1016842,rerun,1
16843,6118,main,3
16845,6121,main,3
16853,6124,main,3
16854,6132,main,3
16855,6126,main,3
16857,1016857,rerun,2
16861,6129,main,3
16864,6135,main,3
16865,6125,main,3
16866,6128,main,3
16867,1016867,rerun,1
16868,6127,main,3
16869,6130,main,3
16870,6131,main,3
16871,1016871,rerun,2
16876,6133,main,3
16877,1016877,rerun,2
16880,1016880,rerun,2
16883,1016883,rerun,1
16885,6140,main,3
16889,1016889,rerun,1
16890,6137,main,3
16891,6138,main,3
16893,6136,main,3
16894,6134,main,3
16895,6139,main,3
16896,6141,main,3
16900,6143,main,3
16904,6142,main,3
16906,1016906,rerun,1
16909,6148,main,3
16911,1016911,rerun,1
16914,1016914,rerun,1
16915,6146,main,3
16916,6144,main,3
16917,6145,main,3
16921,6154,main,3
16923,6147,main,3
16924,1016924,rerun,1
16926,1016926,rerun,1
16927,6149,main,3
16928,6152,main,3
16929,6150,main,3
16931,6151,main,3
16932,6157,main,3
16933,6158,main,3
16935,6153,main,3
16936,1016936,rerun,1
16940,6155,main,3
16942,1016942,rerun,1
16943,6156,main,3
16947,6160,main,3
16949,6166,main,3
16950,6161,main,3
16954,6159,main,3
16955,6170,main,3
16956,6163,main,3
16957,1016957,rerun,2
16961,1016961,rerun,2
16962,6162,main,3
16963,6164,main,3
16964,1016964,rerun,2
16965,6169,main,3
16966,6165,main,3
16968,6167,main,3
16970,6171,main,3
16971,6172,main,3
16972,6168,main,3
16978,6174,main,3
16980,6176,main,3
16981,6173,main,3
16985,6178,main,3
16986,1016986,rerun,2
16987,6175,main,3
16988,6182,main,3
16990,6177,main,3
16991,6179,main,3
16992,6180,main,3
16994,6183,main,3
16997,1016997,rerun,1
16998,6181,main,3
16999,6187,main,3
17003,1017003,rerun,2
17005,6184,main,3
17007,1017007,rerun,2
17008,6188,main,3
17011,6185,main,3
17012,6186,main,3
17013,1017013,rerun,1
17014,6190,main,3
17015,6189,main,3
17017,1017017,rerun,2
17018,1017018,rerun,2
17020,6194,main,3
17022,6196,main,3
17024,6192,main,3
17025,6199,main,3
17026,6195,main,3
17027,6193,main,3
17028,6197,main,3
17029,6191,main,3
17032,1017032,rerun,2
17034,6203,main,3
17037,6198,main,3
17038,1017038,rerun,2
17039,6201,main,3
17041,6202,main,3
17044,6200,main,3
17046,6209,main,3
17048,6204,main,3
17049,6205,main,3
17057,6214,main,3
17058,6207,main,3
17060,6210,main,3
17061,1017061,rerun,1
17062,1017062,rerun,2
17064,6213,main,3
17065,6206,main,3
17067,6211,main,3
17068,1017068,rerun,2
17069,6212,main,3
17073,6208,main,3
17074,6217,main,3
17075,6221,main,3
17076,1017076,rerun,2
17077,6216,main,3
17078,6215,main,3
17079,1017079,rerun,1
17081,6218,main,3
17082,1017082,rerun,2
17083,6220,main,3
17084,6219,main,3
17090,1017090,rerun,2
17096,1017096,rerun,2
17099,6224,main,3
17100,6225,main,3
17107,6235,main,3
17108,6222,main,3
17110,6223,main,3
17112,6227,main,3
17113,6230,main,3
17114,1017114,rerun,1
17115,6226,main,3
17118,6232,main,3
17121,6236,main,3
17123,6231,main,3
17124,6237,main,3
17126,1017126,rerun,2
17127,6234,main,3
17128,6229,main,3
17129,1017129,rerun,1
17131,6233,main,3
17133,6240,main,3
17134,6228,main,3
17135,6238,main,3
17137,6239,main,3
17140,6241,main,3
17141,6247,main,3
17147,1017147,rerun,2
17148,6244,main,3
17149,1017149,rerun,2
17150,6242,main,3
17151,6245,main,3
17152,1017152,rerun,2
17153,1017153,rerun,2
17155,6243,main,3
17157,6246,main,3
17158,6250,main,3
17160,6255,main,3
17161,6256,main,3
17168,6249,main,3
17169,1017169,rerun,1
17170,6257,main,3
17171,6248,main,3
17172,1017172,rerun,1
17173,6252,main,3
17177,6251,main,3
17178,6254,main,3
17179,6258,main,3
17180,1017180,rerun,2
17183,6260,main,3
17185,6253,main,3
17186,6262,main,3
17188,6261,main,3
17189,6259,main,3
17195,1017195,rerun,2
17196,6269,main,3
17198,6264,main,3
17199,6268,main,3
17200,6263,main,3
17203,6265,main,3
17204,1017204,rerun,2
17205,6266,main,3
17208,1017208,rerun,2
17209,6273,main,3
17211,6271,main,3
17212,6272,main,3
17213,6270,main,3
17214,6267,main,3
17217,1017217,rerun,2
17220,6274,main,3
17222,1017222,rerun,2
17226,6275,main,3
17231,6277,main,3
17233,1017233,rerun,2
17234,1017234,rerun,1
17235,6276,main,3
17237,6281,main,3
17238,6279,main,3
17240,6278,main,3
17242,1017242,rerun,2
17246,6280,main,3
17247,6283,main,3
17248,6282,main,3
17249,6285,main,3
17252,6284,main,3
17254,6287,main,3
17257,1017257,rerun,2
17260,6289,main,3
17261,6286,main,3
17265,1017265,rerun,2
17266,1017266,rerun,2
17271,6288,main,3
17273,1017273,rerun,1
17274,1017274,rerun,2
17277,1017277,rerun,1
17280,1017280,rerun,2
17282,6294,main,3
17287,6290,main,3
17288,6292,main,3
17291,1017291,rerun,1
17296,1017296,rerun,2
17297,1017297,rerun,1
17298,6291,main,3
17299,1017299,rerun,1
17307,6300,main,3
17311,1017311,rerun,2
17314,6293,main,3
17315,1017315,rerun,2
17318,1017318,rerun,1
17319,6297,main,3
17320,6295,main,3
17322,1017322,rerun,1
17323,6301,main,3
17326,6305,main,3
17327,6302,main,3
17328,1017328,rerun,2
17330,6303,main,3
17331,6298,main,3
17334,6299,main,3
17335,6296,main,3
17337,6306,main,3
17340,6307,main,3
17341,6304,main,3
17346,1017346,rerun,2
17347,6309,main,3
17349,6312,main,3
17350,6314,main,3
17351,6308,main,3
17352,6310,main,3
17353,6311,main,3
17355,6313,main,3
17359,1017359,rerun,1
17361,6315,main,3
17362,6316,main,3
17363,1017363,rerun,2
17364,6325,main,3
17369,1017369,rerun,1
17370,6317,main,3
17371,1017371,rerun,2
17376,6318,main,3
17378,1017378,rerun,2
17380,6321,main,3
17381,6319,main,3
17383,6323,main,3
17385,6322,main,3
17386,6320,main,3
17390,6328,main,3
17393,1017393,rerun,1
17394,1017394,rerun,1
17395,6329,main,3
17396,6326,main,3
17397,6324,main,3
17398,6327,main,3
17403,1017403,rerun,2
17408,1017408,rerun,1
17409,6336,main,3
17410,6333,main,3
17412,6337,main,3
17413,6334,main,3
17417,6331,main,3
17418,1017418,rerun,1
17419,1017419,rerun,1
17420,6330,main,3
17421,1017421,rerun,1
17422,6332,main,3
17424,6335,main,3
17425,6339,main,3
17426,6341,main,3
17429,6348,main,3
17431,6338,main,3
17436,6340,main,3
17437,1017437,rerun,1
17440,6342,main,3
17441,6343,main,3
17443,6344,main,3
17446,6345,main,3
17447,6347,main,3
17451,6349,main,3
17453,6350,main,3
17454,6346,main,3
17455,1017455,rerun,2
17460,1017460,rerun,2
17461,6351,main,3
17462,1017462,rerun,1
17464,6356,main,3
17468,1017468,rerun,1
17469,6359,main,3
17471,1017471,rerun,1
17474,6352,main,3
17475,6353,main,3
17476,6354,main,3
17479,6357,main,3
17480,6360,main,3
17481,6355,main,3
17488,1017488,rerun,2
17490,1017490,rerun,1
17491,6358,main,3
17492,6361,main,3
17496,1017496,rerun,2
17497,1017497,rerun,2
17500,6365,main,3
17501,1017501,rerun,2
17502,6363,main,3
17503,6364,main,3
17504,6366,main,3
17506,6362,main,3
17516,6369,main,3
17520,6368,main,3
17524,6367,main,3
17526,1017526,rerun,2
17527,1017527,rerun,2
17529,6386,main,3
17531,1017531,rerun,2
17535,6372,main,3
17536,6375,main,3
17537,6370,main,3
17538,6371,main,3
17542,6373,main,3
17543,6374,main,3
17546,6380,main,3
17551,6377,main,3
17553,6385,main,3
17554,6379,main,3
17555,6376,main,3
17559,6378,main,3
17560,6381,main,3
17563,6384,main,3
17566,6383,main,3
17567,6382,main,3
17568,6391,main,3
17571,6389,main,3
17572,6388,main,3
17573,6387,main,3
17575,6390,main,3
17576,1017576,rerun,1
17577,6393,main,3
17579,6392,main,3
17580,6394,main,3
17581,1017581,rerun,2
17591,6398,main,3
17601,6397,main,3
17603,1017603,rerun,2
17609,1017609,rerun,2
17611,1017611,rerun,2
17613,6395,main,3
17614,6399,main,3
17616,6407,main,3
17617,6396,main,3
17618,6401,main,3
17619,1017619,rerun,1
17622,6400,main,3
17624,6408,main,3
17631,6405,main,3
17632,6404,main,3
17634,6403,main,3
17635,6402,main,3
17638,1017638,rerun,1
17640,6406,main,3
17641,6410,main,3
17644,1017644,rerun,1
17645,1017645,rerun,1
17646,6409,main,3
17649,1017649,rerun,2
17651,6418,main,3
17656,6411,main,3
17657,6413,main,3
17658,1017658,rerun,1
17660,6412,main,3
17661,6416,main,3
17662,6417,main,3
17663,1017663,rerun,2
17664,6414,main,3
17665,6421,main,3
17667,6415,main,3
17669,6423,main,3
17671,6419,main,3
17672,1017672,rerun,2
17673,1017673,rerun,2
17674,1017674,rerun,2
17676,6420,main,3
17678,6430,main,3
17679,1017679,rerun,1
17681,6422,main,3
17682,1017682,rerun,1
17684,6426,main,3
17685,6425,main,3
17688,6424,main,3
17689,1017689,rerun,2
17690,6428,main,3
17694,6433,main,3
17695,6431,main,3
17696,6432,main,3
17697,6427,main,3
17698,6429,main,3
17699,6435,main,3
17702,6434,main,3
17705,6436,main,3
17707,6437,main,3
17708,6438,main,3
17709,6439,main,3
17714,6440,main,3
17716,1017716,rerun,2
17717,6442,main,3
17720,6441,main,3
17724,6443,main,3
17728,6445,main,3
17729,6444,main,3
17730,1017730,rerun,1
17732,6446,main,3
17734,1017734,rerun,1
17737,6447,main,3
17738,1017738,rerun,2
17740,6452,main,3
17741,6448,main,3
17743,1017743,rerun,2
17744,1017744,rerun,1
17745,1017745,rerun,1
17747,6451,main,3
17750,6453,main,3
17751,6449,main,3
17752,1017752,rerun,2
17756,1017756,rerun,2
17757,6454,main,3
17763,6450,main,3
17766,1017766,rerun,2
17767,1017767,rerun,2
17768,6460,main,3
17769,6456,main,3
17770,6455,main,3
17771,6457,main,3
17774,6459,main,3
17776,6464,main,3
17777,6462,main,3
17778,1017778,rerun,2
17779,6465,main,3
17780,1017780,rerun,2
17784,6461,main,3
17787,6458,main,3
17789,6468,main,3
17792,6463,main,3
17796,6467,main,3
17797,6469,main,3
17799,6470,main,3
17800,6473,main,3
17802,6471,main,3
17803,6466,main,3
17808,6472,main,3
17810,1017810,rerun,1
17812,1017812,rerun,1
17820,6481,main,3
17822,6478,main,3
17823,6476,main,3
17825,6479,main,3
17826,6480,main,3
17827,6474,main,3
17828,6477,main,3
17829,6475,main,3
17830,1017830,rerun,2
17833,1017833,rerun,1
17836,6488,main,3
17841,6485,main,3
17842,1017842,rerun,2
17843,6484,main,3
17847,6490,main,3
17848,6486,main,3
17851,6482,main,3
17852,1017852,rerun,2
17853,6483,main,3
17855,1017855,rerun,2
17859,6487,main,3
17861,1017861,rerun,2
17863,6489,main,3
17865,6492,main,3
17866,6491,main,3
17867,1017867,rerun,2
17869,6503,main,3
17870,1017870,rerun,1
17872,6496,main,3
17873,6494,main,3
17875,1017875,rerun,2
17877,6495,main,3
17878,6493,main,3
17881,1017881,rerun,1
17883,6499,main,3
17884,6497,main,3
17886,1017886,rerun,2
17887,1017887,rerun,1
17891,6507,main,3
17892,1017892,rerun,2
17895,6498,main,3
17896,6500,main,3
17897,1017897,rerun,2
17900,1017900,rerun,2
17901,6510,main,3
17902,6501,main,3
17906,6502,main,3
17907,1017907,rerun,1
17908,1017908,rerun,2
17909,6504,main,3
17914,6505,main,3
17915,1017915,rerun,1
17924,1017924,rerun,1
17925,6506,main,3
17927,1017927,rerun,1
17928,6513,main,3
17929,6511,main,3
17931,1017931,rerun,1
17932,6514,main,3
17933,6509,main,3
17935,6512,main,3
17939,1017939,rerun,2
17940,6515,main,3
17942,6516,main,3
17943,6508,main,3
17944,1017944,rerun,2
17945,1017945,rerun,2
17948,6518,main,3
17950,6523,main,3
17954,6519,main,3
17955,1017955,rerun,2
17956,6520,main,3
17957,6517,main,3
17959,6521,main,3
17960,6522,main,3
17961,6524,main,3
17965,6527,main,3
17966,6526,main,3
17967,1017967,rerun,1
17968,6535,main,3
17969,6529,main,3
17972,6532,main,3
17973,6542,main,3
17975,6525,main,3
17979,6528,main,3
17981,6531,main,3
17986,1017986,rerun,1
17988,1017988,rerun,1
17989,6534,main,3
17990,1017990,rerun,2
17992,6533,main,3
17993,6536,main,3
17995,1017995,rerun,1
17996,6530,main,3
18000,6541,main,3
18001,1018001,rerun,1
18002,6540,main,3
18004,6537,main,3
18005,6539,main,3
18009,1018009,rerun,2
18010,6544,main,3
18011,1018011,rerun,2
18013,6545,main,3
18014,6538,main,3
18015,6551,main,3
18016,6549,main,3
18021,6543,main,3
18022,1018022,rerun,2
18024,6546,main,3
18026,1018026,rerun,2
18027,6552,main,3
18028,6548,main,3
18032,6558,main,3
18033,6553,main,3
18034,6547,main,3
18036,6554,main,3
18037,1018037,rerun,1
18038,1018038,rerun,2
18042,6550,main,3
18043,6555,main,3
18044,1018044,rerun,2
18048,6556,main,3
18049,6557,main,3
18054,1018054,rerun,1
18055,6559,main,3
18056,6560,main,3
18058,1018058,rerun,1
18059,6562,main,3
18060,1018060,rerun,2
18061,6561,main,3
18063,6563,main,3
18067,6564,main,3
18069,6565,main,3
18071,6568,main,3
18072,6566,main,3
18073,1018073,rerun,1
18075,6569,main,3
18076,1018076,rerun,1
18079,6571,main,3
18080,6572,main,3
18081,1018081,rerun,1
18084,6567,main,3
18088,6573,main,3
18089,6576,main,3
18090,6570,main,3
18094,6575,main,3
18096,6574,main,3
18097,6577,main,3
18099,6585,main,3
18101,6582,main,3
18102,1018102,rerun,2
18103,6579,main,3
18104,6581,main,3
18106,1018106,rerun,1
18107,6578,main,3
18109,6580,main,3
18112,6583,main,3
18114,6584,main,3
18118,6586,main,3
18122,6587,main,3
18124,6588,main,3
18130,6589,main,3
18133,6590,main,3
18137,1018137,rerun,1
18139,6592,main,3
18140,6591,main,3
18141,1018141,rerun,1
18142,6593,main,3
18144,6596,main,3
18146,6594,main,3
18149,6597,main,3
18150,6598,main,3
18152,1018152,rerun,1
18153,6595,main,3
18154,6599,main,3
18156,1018156,rerun,2
18159,1018159,rerun,2
18160,1018160,rerun,1
18161,1018161,rerun,2
18162,6601,main,3
18163,1018163,rerun,1
18167,6602,main,3
18169,1018169,rerun,1
18170,6603,main,3
18174,6612,main,3
18176,6604,main,3
18178,1018178,rerun,1
18179,1018179,rerun,1
18180,6600,main,3
18184,1018184,rerun,1
18188,6605,main,3
18190,1018190,rerun,1
18191,6609,main,3
18194,6607,main,3
18195,6608,main,3
18196,1018196,rerun,1
18197,1018197,rerun,2
18200,6606,main,3
18201,6611,main,3
18207,6614,main,3
18208,6610,main,3
18209,6617,main,3
18212,1018212,rerun,1
18213,6619,main,3
18214,6615,main,3
18215,6618,main,3
18216,6613,main,3
18218,6616,main,3
18219,6621,main,3
18221,6622,main,3
18223,6620,main,3
18224,6625,main,3
18226,1018226,rerun,1
18228,6623,main,3
18229,1018229,rerun,1
18230,6627,main,3
18231,6626,main,3
18232,6624,main,3
18233,6628,main,3
18234,6631,main,3
18235,6630,main,3
18236,1018236,rerun,1
18237,6629,main,3
18238,6638,main,3
18241,6633,main,3
18242,6632,main,3
18246,6634,main,3
18247,6637,main,3
18248,6635,main,3
18252,6636,main,3
18253,1018253,rerun,2
18255,1018255,rerun,2
18257,6643,main,3
18261,6639,main,3
18262,6645,main,3
18263,1018263,rerun,1
18264,6651,main,3
18265,6644,main,3
18266,6642,main,3
18267,6640,main,3
18268,1018268,rerun,1
18271,6654,main,3
18274,6648,main,3
18275,6641,main,3
18277,1018277,rerun,2
18278,1018278,rerun,2
18279,6647,main,3
18281,6649,main,3
18283,6646,main,3
18285,6650,main,3
18289,1018289,rerun,1
18290,1018290,rerun,2
18291,6656,main,3
18292,1018292,rerun,2
18293,6653,main,3
18294,1018294,rerun,1
18295,1018295,rerun,1
18296,6655,main,3
18297,6652,main,3
18298,6664,main,3
18299,1018299,rerun,2
18302,6657,main,3
18304,1018304,rerun,1
18307,6660,main,3
18308,6659,main,3
18309,1018309,rerun,2
18311,1018311,rerun,1
18312,6661,main,3
18315,6658,main,3
18317,1018317,rerun,2
18323,6666,main,3
18324,6662,main,3
18325,6667,main,3
18326,6665,main,3
18328,6663,main,3
18330,6672,main,3
18331,6669,main,3
18333,6668,main,3
18334,6671,main,3
18339,1018339,rerun,1
18340,6673,main,3
18342,1018342,rerun,1
18343,6675,main,3
18346,6670,main,3
18350,6674,main,3
18355,6677,main,3
18356,6676,main,3
18357,1018357,rerun,2
18358,1018358,rerun,2
18360,6680,main,3
18362,6678,main,3
18367,1018367,rerun,2
18368,6682,main,3
18370,6685,main,3
18373,6683,main,3
18376,6681,main,3
18377,6679,main,3
18378,1018378,rerun,2
18380,6684,main,3
18382,6686,main,3
18383,1018383,rerun,1
18385,6689,main,3
18386,1018386,rerun,1
18387,6687,main,3
18388,6690,main,3
18390,1018390,rerun,1
18396,6691,main,3
18397,6688,main,3
18398,6692,main,3
18399,6693,main,3
18405,6694,main,3
18407,1018407,rerun,1
18408,1018408,rerun,2
18410,6695,main,3
18412,6698,main,3
18413,6697,main,3
18414,6696,main,3
18417,6699,main,3
18421,1018421,rerun,2
18423,6701,main,3
18424,6700,main,3
18428,6702,main,3
18433,1018433,rerun,2
18436,1018436,rerun,1
18437,6706,main,3
18438,6710,main,3
18442,6708,main,3
18447,1018447,rerun,2
18449,6703,main,3
18452,1018452,rerun,1
18454,6704,main,3
18456,1018456,rerun,2
18458,6705,main,3
18461,6713,main,3
18464,6707,main,3
18468,6712,main,3
18469,6715,main,3
18471,6709,main,3
18472,6714,main,3
18473,6717,main,3
18474,1018474,rerun,1
18476,6716,main,3
18477,6711,main,3
18478,1018478,rerun,2
18479,6719,main,3
18481,6718,main,3
18484,6721,main,3
18486,6722,main,3
18489,6720,main,3
18492,6724,main,3
18493,6725,main,3
18494,6726,main,3
18495,6723,main,3
18497,6727,main,3
18498,6732,main,3
18499,6728,main,3
18500,1018500,rerun,1
18501,1018501,rerun,1
18503,1018503,rerun,2
18504,6734,main,3
18506,6731,main,3
18509,6730,main,3
18511,6729,main,3
18514,6737,main,3
18516,1018516,rerun,2
18517,6736,main,3
18522,1018522,rerun,1
18524,1018524,rerun,2
18525,1018525,rerun,2
18526,6735,main,3
18527,6733,main,3
18528,6743,main,3
18529,1018529,rerun,1
18531,6738,main,3
18533,1018533,rerun,2
18534,1018534,rerun,2
18536,6740,main,3
18539,6739,main,3
18540,1018540,rerun,2
18544,6741,main,3
18545,6742,main,3
18546,1018546,rerun,1
18547,1018547,rerun,1
18551,6749,main,3
18553,6747,main,3
18554,1018554,rerun,1
18555,6744,main,3
18556,1018556,rerun,2
18557,6745,main,3
18559,6746,main,3
18560,6748,main,3
18565,6753,main,3
18569,6750,main,3
18570,1018570,rerun,2
18571,6752,main,3
18572,6751,main,3
18574,6760,main,3
18576,6754,main,3
18577,1018577,rerun,1
18580,1018580,rerun,2
18583,6758,main,3
18587,6756,main,3
18588,6755,main,3
18589,6757,main,3
18590,6759,main,3
18592,6762,main,3
18594,6763,main,3
18595,6761,main,3
18599,1018599,rerun,2
18601,6766,main,3
18604,6764,main,3
18606,6765,main,3
18609,6768,main,3
18610,6770,main,3
18613,1018613,rerun,2
18614,6767,main,3
18616,6769,main,3
18619,1018619,rerun,2
18623,1018623,rerun,2
18624,1018624,rerun,2
18625,1018625,rerun,2
18628,6773,main,3
18629,6771,main,3
18630,1018630,rerun,2
18632,6772,main,3
18633,1018633,rerun,2
18635,6777,main,3
18638,6778,main,3
18639,6775,main,3
18640,6781,main,3
18641,1018641,rerun,1
18642,6776,main,3
18646,1018646,rerun,1
18650,6779,main,3
18652,6784,main,3
18653,6774,main,3
18654,6783,main,3
18656,6782,main,3
18657,6780,main,3
18658,1018658,rerun,1
18663,6785,main,3
18664,1018664,rerun,1
18665,1018665,rerun,2
18669,1018669,rerun,2
18672,6788,main,3
18674,6787,main,3
18679,1018679,rerun,2
18681,6786,main,3
18685,1018685,rerun,1
18686,6797,main,3
18690,6792,main,3
18691,6789,main,3
18692,6796,main,3
18695,1018695,rerun,2
18696,6794,main,3
18699,6790,main,3
18700,1018700,rerun,2
18702,6793,main,3
18703,6791,main,3
18704,6795,main,3
18705,6801,main,3
18706,6799,main,3
18709,6800,main,3
18710,1018710,rerun,1
18711,1018711,rerun,2
18715,1018715,rerun,1
18716,6798,main,3
18722,6803,main,3
18724,6802,main,3
18726,1018726,rerun,2
18730,6804,main,3
18731,6809,main,3
18732,6806,main,3
18733,6805,main,3
18734,6807,main,3
18737,1018737,rerun,2
18738,6808,main,3
18740,6810,main,3
18741,6811,main,3
18744,1018744,rerun,1
18747,6812,main,3
18748,6813,main,3
18751,1018751,rerun,2
18754,6814,main,3
18756,6816,main,3
18758,1018758,rerun,2
18761,6818,main,3
18763,1018763,rerun,1
18765,1018765,rerun,1
18766,6815,main,3
18767,6817,main,3
18769,6822,main,3
18770,6821,main,3
18771,1018771,rerun,2
18772,6820,main,3
18773,6823,main,3
18774,6819,main,3
18775,6825,main,3
18776,6826,main,3
18778,1018778,rerun,1
18779,1018779,rerun,2
18782,6824,main,3
18784,1018784,rerun,1
18785,1018785,rerun,1
18788,1018788,rerun,2
18791,6837,main,3
18792,6828,main,3
18793,6827,main,3
18795,6830,main,3
18796,6831,main,3
18797,6834,main,3
18800,6829,main,3
18803,6836,main,3
18804,6832,main,3
18805,6835,main,3
18807,6833,main,3
18809,6838,main,3
18812,6839,main,3
18813,1018813,rerun,2
18814,6844,main,3
18816,1018816,rerun,2
18820,6841,main,3
18821,6843,main,3
18822,1018822,rerun,2
18823,6840,main,3
18825,6845,main,3
18828,6842,main,3
18833,6848,main,3
18834,1018834,rerun,2
18839,6846,main,3
18840,6853,main,3
18844,6847,main,3
18847,6850,main,3
18848,6856,main,3
18849,6851,main,3
18850,6849,main,3
18857,6852,main,3
18858,1018858,rerun,1
18859,6854,main,3
18860,6864,main,3
18862,6855,main,3
18864,1018864,rerun,2
18865,6862,main,3
18866,6858,main,3
18868,6857,main,3
18869,6859,main,3
18871,1018871,rerun,2
18872,6863,main,3
18874,6860,main,3
18875,6865,main,3
18878,6861,main,3
18880,1018880,rerun,2
18886,6871,main,3
18887,6870,main,3
18889,6866,main,3
18891,1018891,rerun,2
18892,6869,main,3
18894,1018894,rerun,2
18895,6868,main,3
18896,6867,main,3
18901,6887,main,3
18902,6874,main,3
18903,6883,main,3
18905,6873,main,3
18908,6872,main,3
18910,6875,main,3
18913,6890,main,3
18914,6876,main,3
18921,6882,main,3
18923,6879,main,3
18925,6888,main,3
18926,6881,main,3
18927,6877,main,3
18928,6878,main,3
18929,6880,main,3
18930,6884,main,3
18931,6886,main,3
18932,6885,main,3
18933,1018933,rerun,1
18935,1018935,rerun,2
18937,1018937,rerun,1
18939,6892,main,3
18940,6894,main,3
18941,6893,main,3
18942,6889,main,3
18943,6891,main,3
18944,1018944,rerun,2
18950,6895,main,3
18951,6899,main,3
18953,1018953,rerun,2
18954,6897,main,3
18955,6909,main,3
18958,6900,main,3
18960,6896,main,3
18961,1018961,rerun,2
18962,6898,main,3
18963,1018963,rerun,2
18966,6901,main,3
18968,1018968,rerun,1
18974,6910,main,3
18976,1018976,rerun,2
18977,6902,main,3
18980,6905,main,3
18982,6908,main,3
18983,1018983,rerun,2
18984,6907,main,3
18985,6904,main,3
18987,6906,main,3
18988,6903,main,3
18995,6920,main,3
18997,6912,main,3
19000,6911,main,3
19003,1019003,rerun,2
19005,1019005,rerun,2
19006,6922,main,3
19007,6914,main,3
19008,6916,main,3
19010,1019010,rerun,2
19011,6913,main,3
19012,6915,main,3
19016,6917,main,3
19017,6923,main,3
19018,1019018,rerun,2
19020,1019020,rerun,2
19023,6921,main,3
19025,6919,main,3
19026,6918,main,3
19029,6925,main,3
19032,6927,main,3
19038,1019038,rerun,2
19039,6926,main,3
19041,6929,main,3
19042,6924,main,3
19047,6932,main,3
19048,6928,main,3
19049,6938,main,3
19050,6930,main,3
19053,6935,main,3
19054,6936,main,3
19055,6931,main,3
19057,6933,main,3
19058,6934,main,3
19064,6942,main,3
19068,6948,main,3
19069,6940,main,3
19070,6941,main,3
19071,1019071,rerun,2
19073,6937,main,3
19074,6939,main,3
19075,6945,main,3
19076,1019076,rerun,2
19079,6944,main,3
19082,1019082,rerun,2
19086,6951,main,3
19087,6946,main,3
19088,1019088,rerun,1
19089,6947,main,3
19090,1019090,rerun,2
19091,6956,main,3
19092,6943,main,3
19093,1019093,rerun,1
19095,6950,main,3
19096,6957,main,3
19098,1019098,rerun,2
19099,6953,main,3
19100,6949,main,3
19101,6954,main,3
19103,6952,main,3
19107,6959,main,3
19108,6955,main,3
19110,6958,main,3
19112,6964,main,3
19114,1019114,rerun,2
19116,1019116,rerun,1
19118,6960,main,3
19121,6963,main,3
19127,6967,main,3
19128,6962,main,3
19129,6969,main,3
19130,6961,main,3
19132,6968,main,3
19133,6965,main,3
19141,1019141,rerun,1
19142,1019142,rerun,1
19143,6972,main,3
19144,6966,main,3
19147,6974,main,3
19149,6973,main,3
19153,6976,main,3
19154,6970,main,3
19156,6975,main,3
19159,6971,main,3
19160,6978,main,3
19161,1019161,rerun,1
19163,6977,main,3
19165,1019165,rerun,1
19166,6980,main,3
19167,1019167,rerun,2
19168,6981,main,3
19169,6983,main,3
19170,1019170,rerun,1
19171,6979,main,3
19172,6985,main,3
19174,6982,main,3
19175,6984,main,3
19176,1019176,rerun,1
19178,6986,main,3
19179,6995,main,3
19180,6990,main,3
19181,6987,main,3
19182,6988,main,3
19183,1019183,rerun,1
19184,6989,main,3
19188,6991,main,3
19191,1019191,rerun,1
19194,1019194,rerun,2
19196,1019196,rerun,1
19198,6994,main,3
19203,6992,main,3
19204,6993,main,3
19209,1019209,rerun,1
19213,1019213,rerun,2
19215,1019215,rerun,2
19216,6996,main,3
19218,7000,main,3
19220,1019220,rerun,1
19221,6997,main,3
19224,6999,main,3
19225,7006,main,3
19228,1019228,rerun,1
19229,1019229,rerun,1
19230,6998,main,3
19232,7002,main,3
19233,7004,main,3
19238,7005,main,3
19239,7001,main,3
19241,1019241,rerun,2
19242,1019242,rerun,2
19244,7003,main,3
19245,1019245,rerun,2
19248,1019248,rerun,2
19249,1019249,rerun,1
19250,1019250,rerun,1
19251,1019251,rerun,2
19253,7012,main,3
19257,7008,main,3
19258,7007,main,3
19259,7011,main,3
19260,7010,main,3
19261,7015,main,3
19262,7009,main,3
19265,7013,main,3
19266,7020,main,3
19268,7018,main,3
19270,7017,main,3
19271,7022,main,3
19272,7014,main,3
19273,7016,main,3
19274,7019,main,3
19275,1019275,rerun,2
19276,7021,main,3
19280,7024,main,3
19281,7025,main,3
19283,1019283,rerun,2
19285,7023,main,3
19286,1019286,rerun,1
19287,7028,main,3
19288,7032,main,3
19291,7030,main,3
19293,7033,main,3
19294,7031,main,3
19296,7026,main,3
19298,7035,main,3
19299,1019299,rerun,1
19301,7029,main,3
19304,7036,main,3
19305,7027,main,3
19306,7034,main,3
19309,1019309,rerun,1
19310,7038,main,3
19311,1019311,rerun,2
19313,7037,main,3
19315,1019315,rerun,1
19317,7040,main,3
19318,7039,main,3
19319,7044,main,3
19320,7043,main,3
19321,7042,main,3
19322,7046,main,3
19325,1019325,rerun,2
19326,7041,main,3
19329,7054,main,3
19330,7045,main,3
19331,7056,main,3
19334,7052,main,3
19336,1019336,rerun,1
19337,1019337,rerun,2
19338,1019338,rerun,2
19339,7048,main,3
19341,7055,main,3
19342,7049,main,3
19343,7050,main,3
19344,7047,main,3
19345,7051,main,3
19346,7058,main,3
19347,1019347,rerun,1
19348,1019348,rerun,1
19349,7061,main,3
19350,7053,main,3
19352,7057,main,3
19353,7060,main,3
19354,7063,main,3
19358,1019358,rerun,2
19361,7059,main,3
19362,7062,main,3
19363,1019363,rerun,1
19364,1019364,rerun,2
19365,1019365,rerun,1
19366,1019366,rerun,1
19369,7066,main,3
19370,7064,main,3
19372,7068,main,3
19374,1019374,rerun,1
19375,7065,main,3
19376,1019376,rerun,2
19384,7067,main,3
19385,1019385,rerun,2
19386,7069,main,3
19387,7079,main,3
19390,1019390,rerun,2
19392,1019392,rerun,1
19393,1019393,rerun,1
19397,7072,main,3
19398,7076,main,3
19402,7074,main,3
19403,7071,main,3
19408,1019408,rerun,1
19409,7075,main,3
19410,7070,main,3
19411,7082,main,3
19412,7080,main,3
19414,7073,main,3
19415,7077,main,3
19416,7078,main,3
19417,7086,main,3
19418,1019418,rerun,1
19420,7081,main,3
19421,1019421,rerun,1
19422,7084,main,3
19424,7085,main,3
19425,7088,main,3
19426,7087,main,3
19427,7083,main,3
19430,7090,main,3
19434,7089,main,3
19435,7092,main,3
19436,7093,main,3
19438,1019438,rerun,2
19439,7094,main,3
19440,7091,main,3
19441,1019441,rerun,1
19443,7095,main,3
19445,7099,main,3
19447,7096,main,3
19450,7098,main,3
19454,1019454,rerun,2
19456,7101,main,3
19459,7097,main,3
19465,7110,main,3
19466,1019466,rerun,2
19467,7103,main,3
19470,7100,main,3
19474,7105,main,3
19475,7113,main,3
19477,7102,main,3
19480,7109,main,3
19481,1019481,rerun,2
19483,7104,main,3
19484,1019484,rerun,2
19485,7107,main,3
19487,7108,main,3
19489,7106,main,3
19491,1019491,rerun,1
19493,7111,main,3
19495,7118,main,3
19499,7112,main,3
19501,7114,main,3
19503,7116,main,3
19504,7115,main,3
19507,7117,main,3
19509,1019509,rerun,1
19510,1019510,rerun,2
19511,1019511,rerun,2
19512,7122,main,3
19515,7119,main,3
19516,7124,main,3
19517,7121,main,3
19518,1019518,rerun,1
19519,7120,main,3
19524,7126,main,3
19525,7123,main,3
19527,7128,main,3
19530,7125,main,3
19531,1019531,rerun,2
19532,7127,main,3
19538,7131,main,3
19544,1019544,rerun,2
19545,7134,main,3
19547,7132,main,3
19548,7135,main,3
19549,7129,main,3
19552,7130,main,3
19554,7133,main,3
19557,7136,main,3
19558,7137,main,3
19559,1019559,rerun,1
19566,7138,main,3
19567,7139,main,3
19568,1019568,rerun,2
19570,1019570,rerun,1
19574,1019574,rerun,1
19575,1019575,rerun,1
19576,1019576,rerun,2
19577,7140,main,3
19580,7151,main,3
19582,1019582,rerun,1
19585,7144,main,3
19587,7141,main,3
19588,1019588,rerun,2
19590,1019590,rerun,2
19592,1019592,rerun,2
19593,7142,main,3
19594,7146,main,3
19595,7147,main,3
19596,7143,main,3
19597,7145,main,3
19598,1019598,rerun,1
19600,7150,main,3
19601,7153,main,3
19602,7149,main,3
19607,7148,main,3
19613,7155,main,3
19615,7154,main,3
19616,7152,main,3
19618,7156,main,3
19624,7157,main,3
19625,7158,main,3
19626,7161,main,3
19627,7159,main,3
19628,7160,main,3
19632,1019632,rerun,2
19635,7165,main,3
19638,7164,main,3
19640,1019640,rerun,1
19642,7163,main,3
19645,7168,main,3
19647,7162,main,3
19648,7170,main,3
19649,7167,main,3
19650,7173,main,3
19651,7166,main,3
19652,7174,main,3
19653,7169,main,3
19654,1019654,rerun,2
19656,7171,main,3
19658,1019658,rerun,2
19660,7175,main,3
19663,7172,main,3
19667,7177,main,3
19668,1019668,rerun,2
19669,7176,main,3
19670,7182,main,3
19672,1019672,rerun,1
19673,7178,main,3
19676,7179,main,3
19678,7180,main,3
19680,7181,main,3
19683,7183,main,3
19688,7185,main,3
19692,7186,main,3
19693,7184,main,3
19697,1019697,rerun,2
19702,7188,main,3
19708,7189,main,3
19709,7191,main,3
19711,7192,main,3
19712,1019712,rerun,1
19713,1019713,rerun,1
19716,7187,main,3
19718,7197,main,3
19719,7196,main,3
19720,7198,main,3
19722,7194,main,3
19723,7190,main,3
19724,7195,main,3
19726,7193,main,3
19728,7199,main,3
19731,7200,main,3
19734,1019734,rerun,1
19738,7203,main,3
19739,7205,main,3
19743,1019743,rerun,2
19745,7204,main,3
19748,7211,main,3
19752,7201,main,3
19753,7202,main,3
19754,1019754,rerun,2
19755,7206,main,3
19760,1019760,rerun,1
19762,7209,main,3
19763,7207,main,3
19764,1019764,rerun,2
19769,1019769,rerun,2
19772,7210,main,3
19775,7208,main,3
19777,1019777,rerun,2
19782,7212,main,3
19786,7213,main,3
19792,7215,main,3
19794,1019794,rerun,2
19796,7217,main,3
19801,7220,main,3
19802,7214,main,3
19806,7216,main,3
19808,7219,main,3
19810,7223,main,3
19811,7221,main,3
19814,1019814,rerun,1
19815,1019815,rerun,1
19816,7230,main,3
19817,7218,main,3
19820,1019820,rerun,1
19821,7224,main,3
19822,7234,main,3
19823,7225,main,3
19824,7222,main,3
19826,7227,main,3
19827,7231,main,3
19829,7226,main,3
19831,7229,main,3
19832,7232,main,3
19833,7235,main,3
19834,7228,main,3
19836,7233,main,3
19840,1019840,rerun,2
19844,1019844,rerun,1
19845,7236,main,3
19851,7237,main,3
19854,1019854,rerun,1
19855,7238,main,3
19856,7242,main,3
19857,7244,main,3
19858,7240,main,3
19859,1019859,rerun,1
19863,7247,main,3
19864,7239,main,3
19868,7241,main,3
19871,7250,main,3
19875,1019875,rerun,2
19877,1019877,rerun,2
19878,7245,main,3
19880,1019880,rerun,2
19882,7243,main,3
19884,7252,main,3
19886,1019886,rerun,2
19887,7253,main,3
19888,7246,main,3
19889,7255,main,3
19894,7254,main,3
19895,7249,main,3
19897,7248,main,3
19898,1019898,rerun,2
19899,7251,main,3
19900,7258,main,3
19901,7256,main,3
19902,7257,main,3
19905,7260,main,3
19908,7261,main,3
19912,7259,main,3
19916,1019916,rerun,1
19921,7263,main,3
19924,7265,main,3
19927,7264,main,3
19928,7262,main,3
19930,7269,main,3
19931,7267,main,3
19932,7266,main,3
19936,7270,main,3
19939,7268,main,3
