seed,verdict,reason,seconds
39,reject,Assert_connectivity_failed,2
47,reject,Assert_connectivity_failed,3
38,reject,Assert_connectivity_failed,3
44,reject,Assert_connectivity_failed,3
27,reject,Assert_connectivity_failed,3
56,reject,Assert_connectivity_failed,3
4,reject,Assert_connectivity_failed,3
5,reject,Assert_connectivity_failed,3
55,reject,Assert_connectivity_failed,4
67,reject,Assert_connectivity_failed,3
81,reject,Assert_connectivity_failed,3
70,reject,Assert_connectivity_failed,3
1,reject,Attacker_not_available
Terminated,6
18,reject,Attacker_not_available
Terminated,7
80,reject,Assert_connectivity_failed,4
83,reject,Assert_connectivity_failed,4
90,reject,Assert_connectivity_failed,4
93,reject,Assert_connectivity_failed,4
96,reject,Assert_connectivity_failed,3
94,reject,Assert_connectivity_failed,5
108,reject,Assert_connectivity_failed,4
110,reject,Assert_connectivity_failed,4
129,reject,Assert_connectivity_failed,4
131,reject,Assert_connectivity_failed,4
58,reject,Attacker_not_available
Terminated,18
136,reject,Assert_connectivity_failed,4
143,reject,Assert_connectivity_failed,5
144,reject,Assert_connectivity_failed,4
145,reject,Assert_connectivity_failed,4
148,reject,Assert_connectivity_failed,3
59,accept,ok,36
24,accept,ok,36
166,reject,Assert_connectivity_failed,4
88,accept,ok,35
34,accept,ok,38
36,accept,ok,38
2,accept,ok,39
171,reject,Assert_connectivity_failed,4
111,accept,ok,33
12,accept,ok,41
185,reject,Assert_connectivity_failed,4
60,accept,ok,42
99,accept,ok,36
203,reject,Assert_connectivity_failed,4
132,accept,ok,32
50,accept,ok,44
53,accept,ok,44
205,reject,Assert_connectivity_failed,5
69,accept,ok,43
120,accept,ok,38
215,reject,Assert_connectivity_failed,4
45,accept,ok,46
220,reject,Assert_connectivity_failed,4
217,reject,Assert_connectivity_failed,4
134,accept,ok,33
223,reject,Assert_connectivity_failed,4
116,accept,ok,42
225,reject,Assert_connectivity_failed,3
127,accept,ok,41
237,reject,Assert_connectivity_failed,4
118,accept,ok,44
250,reject,Assert_connectivity_failed,4
229,reject,Attacker_not_available
Terminated,7
255,reject,Assert_connectivity_failed,4
258,reject,Assert_connectivity_failed,4
266,reject,Assert_connectivity_failed,4
260,reject,Attacker_not_available
Terminated,6
274,reject,Attacker_not_available
Terminated,8
221,reject,Attacker_not_available
Terminated,23
230,reject,Attacker_not_available
Terminated,22
170,accept,ok,34
142,accept,ok,53
188,accept,ok,37
279,reject,Attacker_not_available
Terminated,8
201,accept,ok,39
282,reject,Attacker_not_available
Terminated,7
209,accept,ok,36
211,accept,ok,36
285,reject,Attacker_not_available
Terminated,7
286,reject,Assert_connectivity_failed,4
254,accept,ok,33
309,reject,Assert_connectivity_failed,4
308,reject,Assert_connectivity_failed,4
189,accept,ok,44
315,reject,Assert_connectivity_failed,3
297,reject,Attacker_not_available
Terminated,7
317,reject,Assert_connectivity_failed,3
323,reject,Assert_connectivity_failed,3
222,accept,ok,41
327,reject,Assert_connectivity_failed,4
316,reject,Assert_connectivity_failed,4
325,reject,Assert_connectivity_failed,4
207,accept,ok,46
248,accept,ok,38
336,reject,Assert_connectivity_failed,3
333,reject,Assert_connectivity_failed,4
343,reject,Assert_connectivity_failed,3
344,reject,Assert_connectivity_failed,3
347,reject,Assert_connectivity_failed,4
212,accept,ok,48
231,accept,ok,45
234,accept,ok,44
359,reject,Assert_connectivity_failed,4
332,reject,Attacker_not_available
Terminated,7
363,reject,Assert_connectivity_failed,4
366,reject,Assert_connectivity_failed,4
367,reject,Assert_connectivity_failed,4
273,accept,ok,37
267,accept,ok,41
264,accept,ok,42
376,reject,Assert_connectivity_failed,3
271,accept,ok,41
370,reject,Assert_connectivity_failed,5
377,reject,Assert_connectivity_failed,3
240,accept,ok,49
378,reject,Assert_connectivity_failed,4
387,reject,Assert_connectivity_failed,3
386,reject,Assert_connectivity_failed,4
392,reject,Assert_connectivity_failed,3
398,reject,Attacker_not_available
Terminated,6
402,reject,Attacker_not_available
Terminated,7
415,reject,Assert_connectivity_failed,4
416,reject,Assert_connectivity_failed,4
278,accept,ok,38
276,accept,ok,41
423,reject,Assert_connectivity_failed,5
426,reject,Assert_connectivity_failed,3
428,reject,Assert_connectivity_failed,4
430,reject,Assert_connectivity_failed,4
431,reject,Assert_connectivity_failed,4
345,accept,ok,29
301,accept,ok,40
307,accept,ok,41
330,accept,ok,34
365,accept,ok,33
455,reject,Assert_connectivity_failed,3
290,accept,ok,47
355,accept,ok,38
459,reject,Assert_connectivity_failed,4
373,accept,ok,35
362,accept,ok,40
391,accept,ok,35
472,reject,Assert_connectivity_failed,3
383,accept,ok,39
474,reject,Assert_connectivity_failed,3
379,accept,ok,41
471,reject,Attacker_not_available
Terminated,8
408,accept,ok,41
479,reject,Assert_connectivity_failed,4
481,reject,Assert_connectivity_failed,4
486,reject,Assert_connectivity_failed,3
368,accept,ok,47
409,accept,ok,41
484,reject,Assert_connectivity_failed,4
492,reject,Assert_connectivity_failed,3
493,reject,Assert_connectivity_failed,4
488,reject,Assert_connectivity_failed,4
499,reject,Assert_connectivity_failed,4
511,reject,Assert_connectivity_failed,3
417,accept,ok,42
505,reject,Assert_connectivity_failed,5
421,accept,ok,42
501,reject,Attacker_not_available
Terminated,7
516,reject,Assert_connectivity_failed,5
412,accept,ok,48
439,accept,ok,35
424,accept,ok,44
529,reject,Assert_connectivity_failed,4
531,reject,Assert_connectivity_failed,4
534,reject,Assert_connectivity_failed,3
433,accept,ok,39
540,reject,Assert_connectivity_failed,3
557,reject,Assert_connectivity_failed,3
555,reject,Assert_connectivity_failed,4
441,accept,ok,39
447,accept,ok,41
438,accept,ok,47
467,accept,ok,36
575,reject,Assert_connectivity_failed,3
469,accept,ok,37
451,accept,ok,45
573,reject,Assert_connectivity_failed,5
463,accept,ok,41
466,accept,ok,40
576,reject,Assert_connectivity_failed,3
577,reject,Assert_connectivity_failed,4
587,reject,Assert_connectivity_failed,4
588,reject,Assert_connectivity_failed,4
592,reject,Assert_connectivity_failed,4
594,reject,Assert_connectivity_failed,4
602,reject,Assert_connectivity_failed,4
605,reject,Assert_connectivity_failed,5
512,accept,ok,33
616,reject,Assert_connectivity_failed,3
476,accept,ok,44
624,reject,Assert_connectivity_failed,4
506,accept,ok,41
528,accept,ok,37
631,reject,Assert_connectivity_failed,4
530,accept,ok,37
634,reject,Assert_connectivity_failed,3
545,accept,ok,37
525,accept,ok,42
636,reject,Assert_connectivity_failed,4
552,accept,ok,38
536,accept,ok,40
510,accept,ok,47
601,reject,Attacker_not_available
Terminated,22
644,reject,Assert_connectivity_failed,4
647,reject,Assert_connectivity_failed,4
559,accept,ok,41
549,accept,ok,44
659,reject,Assert_connectivity_failed,4
651,reject,Assert_connectivity_failed,5
561,accept,ok,40
585,reject,Attacker_not_available
Terminated,32
663,reject,Assert_connectivity_failed,4
562,accept,ok,41
670,reject,Assert_connectivity_failed,5
678,reject,Assert_connectivity_failed,4
572,accept,ok,45
666,reject,Attacker_not_available
Terminated,8
583,accept,ok,37
672,reject,Attacker_not_available
Terminated,7
694,reject,Assert_connectivity_failed,3
629,accept,ok,31
615,accept,ok,38
699,reject,Assert_connectivity_failed,4
706,reject,Assert_connectivity_failed,3
702,reject,Assert_connectivity_failed,4
626,accept,ok,37
714,reject,Assert_connectivity_failed,4
621,accept,ok,48
603,accept,ok,53
648,accept,ok,35
717,reject,Assert_connectivity_failed,3
632,accept,ok,44
722,reject,Assert_connectivity_failed,3
642,accept,ok,42
657,accept,ok,38
662,accept,ok,37
727,reject,Assert_connectivity_failed,4
728,reject,Assert_connectivity_failed,4
646,accept,ok,43
637,accept,ok,48
741,reject,Assert_connectivity_failed,3
669,accept,ok,42
671,accept,ok,41
673,accept,ok,40
653,accept,ok,49
680,accept,ok,39
755,reject,Assert_connectivity_failed,4
683,accept,ok,40
685,accept,ok,41
688,accept,ok,41
766,reject,Assert_connectivity_failed,4
760,reject,Attacker_not_available
Terminated,6
770,reject,Assert_connectivity_failed,4
774,reject,Assert_connectivity_failed,4
686,accept,ok,46
781,reject,Assert_connectivity_failed,4
715,accept,ok,33
782,reject,Assert_connectivity_failed,4
790,reject,Assert_connectivity_failed,3
710,accept,ok,41
802,reject,Assert_connectivity_failed,3
712,accept,ok,41
713,accept,ok,41
807,reject,Assert_connectivity_failed,4
725,accept,ok,31
810,reject,Assert_connectivity_failed,4
768,reject,Attacker_not_available
Terminated,17
815,reject,Assert_connectivity_failed,4
816,reject,Assert_connectivity_failed,4
821,reject,Assert_connectivity_failed,4
736,accept,ok,34
733,accept,ok,35
829,reject,Assert_connectivity_failed,5
740,accept,ok,36
838,reject,Assert_connectivity_failed,4
720,accept,ok,45
780,reject,Attacker_not_available
Terminated,23
841,reject,Assert_connectivity_failed,5
738,accept,ok,42
739,accept,ok,42
764,accept,ok,35
859,reject,Assert_connectivity_failed,3
754,accept,ok,38
860,reject,Assert_connectivity_failed,4
861,reject,Assert_connectivity_failed,4
753,accept,ok,43
867,reject,Assert_connectivity_failed,4
748,accept,ok,45
870,reject,Assert_connectivity_failed,4
873,reject,Assert_connectivity_failed,3
880,reject,Assert_connectivity_failed,4
889,reject,Assert_connectivity_failed,4
804,accept,ok,33
759,accept,ok,47
786,accept,ok,38
792,accept,ok,37
895,reject,Assert_connectivity_failed,4
904,reject,Assert_connectivity_failed,5
800,accept,ok,43
909,reject,Assert_connectivity_failed,3
844,reject,Attacker_not_available
Terminated,27
814,accept,ok,43
916,reject,Assert_connectivity_failed,4
828,accept,ok,38
822,accept,ok,40
813,accept,ok,47
825,accept,ok,40
845,accept,ok,34
834,accept,ok,39
850,accept,ok,35
937,reject,Assert_connectivity_failed,3
939,reject,Assert_connectivity_failed,4
856,accept,ok,42
941,reject,Attacker_not_available
Terminated,6
868,accept,ok,40
942,reject,Assert_connectivity_failed,5
871,accept,ok,39
876,accept,ok,38
947,reject,Assert_connectivity_failed,4
874,accept,ok,40
894,accept,ok,33
890,accept,ok,36
891,accept,ok,36
955,reject,Attacker_not_available
Terminated,7
957,reject,Attacker_not_available
Terminated,9
919,reject,Attacker_not_available
Terminated,28
906,accept,ok,37
970,reject,Attacker_not_available
Terminated,7
981,reject,Assert_connectivity_failed,4
898,accept,ok,44
869,accept,ok,55
988,reject,Assert_connectivity_failed,4
985,reject,Assert_connectivity_failed,4
994,reject,Assert_connectivity_failed,4
917,accept,ok,38
913,accept,ok,41
997,reject,Attacker_not_available
Terminated,6
927,accept,ok,40
940,accept,ok,33
928,accept,ok,42
1014,reject,Assert_connectivity_failed,5
1020,reject,Assert_connectivity_failed,4
929,accept,ok,45
1024,reject,Assert_connectivity_failed,4
933,accept,ok,45
936,accept,ok,44
1027,reject,Assert_connectivity_failed,4
934,accept,ok,48
1036,reject,Assert_connectivity_failed,4
1048,reject,Assert_connectivity_failed,4
964,accept,ok,36
950,accept,ok,39
967,accept,ok,37
963,accept,ok,38
1006,reject,Attacker_not_available
Terminated,26
1053,reject,Assert_connectivity_failed,3
1061,reject,Assert_connectivity_failed,4
971,accept,ok,40
995,accept,ok,35
1010,accept,ok,33
1076,reject,Assert_connectivity_failed,3
1005,accept,ok,39
1008,accept,ok,38
1072,reject,Attacker_not_available
Terminated,7
1011,accept,ok,38
1001,accept,ok,43
962,accept,ok,57
1078,reject,Assert_connectivity_failed,5
978,accept,ok,52
1089,reject,Assert_connectivity_failed,5
1094,reject,Assert_connectivity_failed,3
1091,reject,Assert_connectivity_failed,4
1097,reject,Assert_connectivity_failed,4
1103,reject,Assert_connectivity_failed,3
1101,reject,Assert_connectivity_failed,4
1026,accept,ok,39
1106,reject,Assert_connectivity_failed,3
1038,accept,ok,35
1015,accept,ok,44
1035,accept,ok,37
1068,reject,Attacker_not_available
Terminated,24
1039,accept,ok,37
1123,reject,Assert_connectivity_failed,4
1108,reject,Attacker_not_available
Terminated,8
1132,reject,Assert_connectivity_failed,4
1046,accept,ok,39
1146,reject,Assert_connectivity_failed,4
1055,accept,ok,36
1029,accept,ok,46
1051,accept,ok,36
1066,accept,ok,36
1154,reject,Assert_connectivity_failed,5
1155,reject,Assert_connectivity_failed,4
1152,reject,Attacker_not_available
Terminated,7
1100,reject,Attacker_not_available
Terminated,23
1160,reject,Assert_connectivity_failed,5
1057,accept,ok,43
1159,reject,Attacker_not_available
Terminated,9
1173,reject,Assert_connectivity_failed,4
1185,reject,Assert_connectivity_failed,4
1069,accept,ok,41
1191,reject,Assert_connectivity_failed,4
1083,accept,ok,35
1063,accept,ok,50
1199,reject,Assert_connectivity_failed,4
1205,reject,Assert_connectivity_failed,4
1126,reject,Attacker_not_available
Terminated,26
1090,accept,ok,38
1218,reject,Assert_connectivity_failed,4
1214,reject,Attacker_not_available
Terminated,8
1105,accept,ok,39
1120,accept,ok,38
1118,accept,ok,39
1233,reject,Assert_connectivity_failed,4
1114,accept,ok,43
1236,reject,Assert_connectivity_failed,4
1107,accept,ok,46
1157,accept,ok,34
1138,accept,ok,41
1143,accept,ok,40
1141,accept,ok,40
1239,reject,Attacker_not_available
Terminated,7
1248,reject,Assert_connectivity_failed,4
1149,accept,ok,45
1259,reject,Assert_connectivity_failed,4
1162,accept,ok,38
1174,accept,ok,38
1260,reject,Assert_connectivity_failed,3
1197,accept,ok,35
1203,accept,ok,33
1269,reject,Assert_connectivity_failed,3
1264,reject,Assert_connectivity_failed,4
1187,accept,ok,39
1282,reject,Assert_connectivity_failed,4
1284,reject,Assert_connectivity_failed,4
1287,reject,Assert_connectivity_failed,3
1212,accept,ok,34
1300,reject,Assert_connectivity_failed,4
1285,reject,Attacker_not_available
Terminated,7
1312,reject,Assert_connectivity_failed,4
1219,accept,ok,38
1237,reject,Attacker_not_available
Terminated,27
1192,accept,ok,49
1222,accept,ok,41
1315,reject,Assert_connectivity_failed,4
1320,reject,Assert_connectivity_failed,4
1326,reject,Assert_connectivity_failed,3
1319,reject,Assert_connectivity_failed,5
1198,accept,ok,50
1331,reject,Assert_connectivity_failed,4
1230,accept,ok,42
1341,reject,Assert_connectivity_failed,4
1336,reject,Assert_connectivity_failed,4
1232,accept,ok,42
1283,reject,Attacker_not_available
Terminated,21
1330,reject,Attacker_not_available
Terminated,7
1351,reject,Assert_connectivity_failed,4
1350,reject,Assert_connectivity_failed,4
1357,reject,Assert_connectivity_failed,4
1362,reject,Assert_connectivity_failed,4
1363,reject,Assert_connectivity_failed,4
1249,accept,ok,37
1242,accept,ok,39
1240,accept,ok,42
1373,reject,Assert_connectivity_failed,3
1370,reject,Assert_connectivity_failed,4
1371,reject,Assert_connectivity_failed,4
1250,accept,ok,39
1364,reject,Attacker_not_available
Terminated,7
1374,reject,Assert_connectivity_failed,4
1246,accept,ok,42
1273,accept,ok,33
1253,accept,ok,42
1382,reject,Assert_connectivity_failed,5
1390,reject,Assert_connectivity_failed,4
1375,reject,Attacker_not_available
Terminated,8
1393,reject,Assert_connectivity_failed,4
1395,reject,Assert_connectivity_failed,4
1255,accept,ok,44
1397,reject,Assert_connectivity_failed,4
1402,reject,Assert_connectivity_failed,4
1276,accept,ok,41
1411,reject,Assert_connectivity_failed,4
1414,reject,Assert_connectivity_failed,4
1305,accept,ok,39
1309,accept,ok,39
1314,accept,ok,37
1417,reject,Attacker_not_available
Terminated,7
1310,accept,ok,42
1442,reject,Assert_connectivity_failed,4
1450,reject,Assert_connectivity_failed,5
1338,accept,ok,35
1462,reject,Assert_connectivity_failed,4
1369,reject,Attacker_not_available
Terminated,29
1335,accept,ok,37
1470,reject,Assert_connectivity_failed,3
1365,reject,Attacker_not_available
Terminated,32
1471,reject,Assert_connectivity_failed,3
1474,reject,Assert_connectivity_failed,3
1476,reject,Assert_connectivity_failed,3
1472,reject,Attacker_not_available
Terminated,8
1361,accept,ok,40
1405,reject,Attacker_not_available
Terminated,28
1498,reject,Assert_connectivity_failed,4
1381,accept,ok,36
1509,reject,Assert_connectivity_failed,4
1506,reject,Assert_connectivity_failed,4
1386,accept,ok,40
1501,reject,Attacker_not_available
Terminated,6
1389,accept,ok,40
1387,accept,ok,41
1399,accept,ok,37
1400,accept,ok,37
1376,accept,ok,43
1513,reject,Assert_connectivity_failed,4
1519,reject,Assert_connectivity_failed,4
1406,accept,ok,38
1532,reject,Assert_connectivity_failed,3
1529,reject,Assert_connectivity_failed,3
1520,reject,Attacker_not_available
Terminated,7
1539,reject,Assert_connectivity_failed,3
1403,accept,ok,43
1543,reject,Assert_connectivity_failed,4
1422,accept,ok,38
1533,reject,Attacker_not_available
Terminated,7
1557,reject,Assert_connectivity_failed,4
1561,reject,Assert_connectivity_failed,4
1460,accept,ok,37
1432,accept,ok,41
1575,reject,Assert_connectivity_failed,4
1427,accept,ok,44
1578,reject,Assert_connectivity_failed,4
1596,reject,Assert_connectivity_failed,4
1473,accept,ok,38
1486,accept,ok,34
1463,accept,ok,42
1481,accept,ok,37
1609,reject,Assert_connectivity_failed,5
1451,accept,ok,47
1623,reject,Assert_connectivity_failed,4
1624,reject,Assert_connectivity_failed,5
1542,reject,Attacker_not_available
Terminated,23
1627,reject,Assert_connectivity_failed,3
1629,reject,Assert_connectivity_failed,4
1632,reject,Assert_connectivity_failed,4
1525,accept,ok,34
1494,accept,ok,47
1652,reject,Assert_connectivity_failed,3
1537,accept,ok,35
1656,reject,Assert_connectivity_failed,3
1526,accept,ok,39
1497,accept,ok,49
1661,reject,Assert_connectivity_failed,3
1515,accept,ok,43
1545,accept,ok,34
1517,accept,ok,43
1660,reject,Assert_connectivity_failed,5
1559,accept,ok,35
1667,reject,Assert_connectivity_failed,4
1677,reject,Assert_connectivity_failed,4
1544,accept,ok,41
1631,reject,Attacker_not_available
Terminated,21
1690,reject,Assert_connectivity_failed,5
1560,accept,ok,41
1686,reject,Attacker_not_available
Terminated,6
1702,reject,Attacker_not_available
Terminated,7
1715,reject,Assert_connectivity_failed,4
1613,accept,ok,34
1607,accept,ok,38
1592,accept,ok,41
1723,reject,Assert_connectivity_failed,4
1589,accept,ok,43
1734,reject,Assert_connectivity_failed,3
1611,accept,ok,41
1597,accept,ok,46
1649,accept,ok,36
1726,reject,Attacker_not_available
Terminated,9
1645,accept,ok,39
1650,accept,ok,35
1647,accept,ok,39
1704,reject,Attacker_not_available
Terminated,21
1763,reject,Assert_connectivity_failed,4
1658,accept,ok,35
1668,accept,ok,34
1762,reject,Attacker_not_available
Terminated,7
1673,accept,ok,38
1772,reject,Attacker_not_available
Terminated,7
1733,reject,Attacker_not_available
Terminated,25
1671,accept,ok,40
1705,accept,ok,34
1714,accept,ok,35
1709,accept,ok,37
1716,accept,ok,36
1785,reject,Assert_connectivity_failed,4
1795,reject,Assert_connectivity_failed,3
1674,accept,ok,49
1736,accept,ok,36
1717,accept,ok,45
1800,reject,Assert_connectivity_failed,4
1741,accept,ok,40
1761,accept,ok,34
1760,accept,ok,37
1745,accept,ok,39
1743,accept,ok,42
1742,accept,ok,42
1729,accept,ok,49
1775,reject,Attacker_not_available
Terminated,25
1805,reject,Assert_connectivity_failed,5
1817,reject,Assert_connectivity_failed,4
1764,accept,ok,36
1765,accept,ok,36
1819,reject,Assert_connectivity_failed,4
1833,reject,Assert_connectivity_failed,4
1750,accept,ok,45
1835,reject,Assert_connectivity_failed,4
1812,reject,Attacker_not_available
Terminated,7
1820,reject,Attacker_not_available
Terminated,7
1844,reject,Assert_connectivity_failed,5
1846,reject,Assert_connectivity_failed,4
1851,reject,Assert_connectivity_failed,4
1768,accept,ok,41
1852,reject,Assert_connectivity_failed,4
1840,reject,Attacker_not_available
Terminated,8
1859,reject,Assert_connectivity_failed,3
1855,reject,Assert_connectivity_failed,3
1782,accept,ok,35
1860,reject,Assert_connectivity_failed,4
1862,reject,Assert_connectivity_failed,4
1888,reject,Assert_connectivity_failed,4
1890,reject,Assert_connectivity_failed,4
1788,accept,ok,39
1789,accept,ok,39
1776,accept,ok,44
1783,accept,ok,43
1891,reject,Assert_connectivity_failed,4
1793,accept,ok,41
1893,reject,Assert_connectivity_failed,5
1798,accept,ok,41
1924,reject,Assert_connectivity_failed,3
1802,accept,ok,36
1804,accept,ok,40
1801,accept,ok,42
1841,reject,Attacker_not_available
Terminated,28
1811,accept,ok,40
1939,reject,Attacker_not_available
Terminated,7
1947,reject,Assert_connectivity_failed,2
1822,accept,ok,42
1838,accept,ok,39
1839,accept,ok,39
1957,reject,Assert_connectivity_failed,3
1953,reject,Assert_connectivity_failed,3
1880,accept,ok,36
1961,reject,Assert_connectivity_failed,3
1884,accept,ok,38
1869,accept,ok,41
1853,accept,ok,44
1882,accept,ok,40
1904,accept,ok,35
1964,reject,Assert_connectivity_failed,5
1883,accept,ok,42
1971,reject,Assert_connectivity_failed,4
1970,reject,Assert_connectivity_failed,4
1974,reject,Assert_connectivity_failed,3
1979,reject,Assert_connectivity_failed,4
1914,accept,ok,38
1916,accept,ok,38
1985,reject,Assert_connectivity_failed,3
1930,accept,ok,34
1986,reject,Assert_connectivity_failed,4
1987,reject,Assert_connectivity_failed,3
2001,reject,Assert_connectivity_failed,3
1994,reject,Assert_connectivity_failed,4
1918,accept,ok,43
2008,reject,Assert_connectivity_failed,2
1927,accept,ok,42
1932,accept,ok,40
1945,accept,ok,36
2009,reject,Assert_connectivity_failed,6
1931,accept,ok,43
2011,reject,Assert_connectivity_failed,5
2017,reject,Assert_connectivity_failed,4
1906,accept,ok,51
2018,reject,Assert_connectivity_failed,4
2021,reject,Assert_connectivity_failed,4
2023,reject,Assert_connectivity_failed,4
2025,reject,Assert_connectivity_failed,4
1941,accept,ok,42
2020,reject,Attacker_not_available
Terminated,8
2049,reject,Assert_connectivity_failed,4
2047,reject,Attacker_not_available
Terminated,5
2041,reject,Attacker_not_available
Terminated,8
1950,accept,ok,43
1948,accept,ok,45
1956,accept,ok,41
1963,accept,ok,37
2058,reject,Assert_connectivity_failed,4
2064,reject,Assert_connectivity_failed,3
2061,reject,Assert_connectivity_failed,3
1960,accept,ok,43
2065,reject,Assert_connectivity_failed,3
2068,reject,Assert_connectivity_failed,3
2073,reject,Assert_connectivity_failed,4
2069,reject,Assert_connectivity_failed,4
1968,accept,ok,41
2079,reject,Assert_connectivity_failed,3
1972,accept,ok,40
2082,reject,Assert_connectivity_failed,4
1982,accept,ok,38
2089,reject,Assert_connectivity_failed,4
2092,reject,Assert_connectivity_failed,4
1975,accept,ok,43
2097,reject,Assert_connectivity_failed,4
2103,reject,Assert_connectivity_failed,4
2002,accept,ok,38
2015,accept,ok,33
1996,accept,ok,40
2107,reject,Assert_connectivity_failed,4
2133,reject,Assert_connectivity_failed,4
2142,reject,Assert_connectivity_failed,4
2130,reject,Attacker_not_available
Terminated,7
2145,reject,Assert_connectivity_failed,4
2006,accept,ok,45
2148,reject,Assert_connectivity_failed,3
2019,accept,ok,38
2010,accept,ok,45
2151,reject,Assert_connectivity_failed,4
2048,accept,ok,36
2153,reject,Assert_connectivity_failed,4
2050,accept,ok,33
2046,accept,ok,39
2158,reject,Assert_connectivity_failed,4
2155,reject,Attacker_not_available
Terminated,8
2035,accept,ok,44
2052,accept,ok,40
2054,accept,ok,39
2182,reject,Assert_connectivity_failed,4
2055,accept,ok,40
2080,accept,ok,31
2196,reject,Assert_connectivity_failed,4
2203,reject,Assert_connectivity_failed,4
2086,accept,ok,36
2206,reject,Assert_connectivity_failed,4
2104,accept,ok,37
2209,reject,Assert_connectivity_failed,3
2111,accept,ok,34
2208,reject,Assert_connectivity_failed,4
2125,accept,ok,35
2108,accept,ok,37
2216,reject,Assert_connectivity_failed,4
2215,reject,Assert_connectivity_failed,4
2218,reject,Attacker_not_available
Terminated,7
2226,reject,Attacker_not_available
Terminated,8
2233,reject,Attacker_not_available
Terminated,7
2095,accept,ok,48
2136,accept,ok,42
2116,accept,ok,45
2174,accept,ok,33
2258,reject,Assert_connectivity_failed,4
2154,accept,ok,39
2265,reject,Assert_connectivity_failed,3
2173,accept,ok,36
2198,reject,Attacker_not_available
Terminated,27
2180,accept,ok,35
2271,reject,Assert_connectivity_failed,5
2272,reject,Assert_connectivity_failed,4
2156,accept,ok,44
2267,reject,Attacker_not_available
Terminated,8
2282,reject,Assert_connectivity_failed,5
2283,reject,Assert_connectivity_failed,5
2179,accept,ok,40
2193,accept,ok,34
2168,accept,ok,44
2290,reject,Assert_connectivity_failed,3
2286,reject,Assert_connectivity_failed,5
2292,reject,Assert_connectivity_failed,3
2191,accept,ok,41
2297,reject,Assert_connectivity_failed,3
2294,reject,Assert_connectivity_failed,5
2169,accept,ok,49
2192,accept,ok,41
2312,reject,Assert_connectivity_failed,4
2330,reject,Assert_connectivity_failed,4
2332,reject,Assert_connectivity_failed,3
2251,reject,Attacker_not_available
Terminated,23
2347,reject,Assert_connectivity_failed,4
2336,reject,Assert_connectivity_failed,4
2349,reject,Assert_connectivity_failed,4
2352,reject,Assert_connectivity_failed,4
2362,reject,Assert_connectivity_failed,4
2230,accept,ok,36
2365,reject,Assert_connectivity_failed,4
2366,reject,Assert_connectivity_failed,4
2374,reject,Assert_connectivity_failed,4
2237,accept,ok,39
2205,accept,ok,52
2375,reject,Attacker_not_available
Terminated,7
2382,reject,Assert_connectivity_failed,4
2263,accept,ok,35
2381,reject,Attacker_not_available
Terminated,7
2389,reject,Assert_connectivity_failed,4
2394,reject,Assert_connectivity_failed,4
2396,reject,Assert_connectivity_failed,4
2238,accept,ok,45
2264,accept,ok,39
2253,accept,ok,41
2401,reject,Assert_connectivity_failed,4
2399,reject,Attacker_not_available
Terminated,7
2405,reject,Assert_connectivity_failed,3
2269,accept,ok,39
2404,reject,Assert_connectivity_failed,5
2299,accept,ok,31
2426,reject,Assert_connectivity_failed,4
2429,reject,Assert_connectivity_failed,4
2416,reject,Attacker_not_available
Terminated,7
2448,reject,Assert_connectivity_failed,4
2439,reject,Assert_connectivity_failed,4
2303,accept,ok,34
2447,reject,Assert_connectivity_failed,4
2268,accept,ok,44
2287,accept,ok,39
2453,reject,Assert_connectivity_failed,4
2459,reject,Assert_connectivity_failed,3
2462,reject,Assert_connectivity_failed,4
2468,reject,Assert_connectivity_failed,5
2452,reject,Attacker_not_available
Terminated,7
2291,accept,ok,44
2477,reject,Assert_connectivity_failed,3
2474,reject,Assert_connectivity_failed,5
2482,reject,Assert_connectivity_failed,4
2293,accept,ok,45
2353,accept,ok,36
2345,accept,ok,40
2358,accept,ok,36
2318,accept,ok,43
2308,accept,ok,45
2486,reject,Assert_connectivity_failed,4
2492,reject,Assert_connectivity_failed,4
2496,reject,Assert_connectivity_failed,3
2491,reject,Assert_connectivity_failed,5
2513,reject,Assert_connectivity_failed,4
2518,reject,Assert_connectivity_failed,3
2506,reject,Attacker_not_available
Terminated,7
2500,reject,Attacker_not_available
Terminated,7
2530,reject,Assert_connectivity_failed,4
2385,accept,ok,34
2535,reject,Assert_connectivity_failed,3
2379,accept,ok,41
2400,accept,ok,35
2549,reject,Assert_connectivity_failed,4
2555,reject,Assert_connectivity_failed,4
2435,reject,Attacker_not_available
Terminated,29
2558,reject,Assert_connectivity_failed,4
2557,reject,Attacker_not_available
Terminated,7
2563,reject,Assert_connectivity_failed,5
2402,accept,ok,38
2568,reject,Assert_connectivity_failed,4
2443,accept,ok,35
2472,accept,ok,30
2572,reject,Assert_connectivity_failed,5
2489,reject,Attacker_not_available
Terminated,26
2578,reject,Assert_connectivity_failed,4
2471,accept,ok,33
2469,accept,ok,37
2581,reject,Assert_connectivity_failed,5
2584,reject,Assert_connectivity_failed,4
2427,accept,ok,45
2454,accept,ok,40
2593,reject,Assert_connectivity_failed,4
2467,accept,ok,40
2594,reject,Assert_connectivity_failed,3
2600,reject,Assert_connectivity_failed,3
2508,accept,ok,32
2602,reject,Assert_connectivity_failed,4
2604,reject,Assert_connectivity_failed,4
2605,reject,Assert_connectivity_failed,5
2615,reject,Assert_connectivity_failed,4
2603,reject,Attacker_not_available
Terminated,7
2622,reject,Assert_connectivity_failed,4
2624,reject,Assert_connectivity_failed,4
2632,reject,Assert_connectivity_failed,4
2629,reject,Assert_connectivity_failed,5
2483,accept,ok,41
2509,accept,ok,39
2636,reject,Assert_connectivity_failed,3
2538,accept,ok,36
2552,accept,ok,35
2554,accept,ok,37
2649,reject,Assert_connectivity_failed,4
2656,reject,Assert_connectivity_failed,4
2650,reject,Attacker_not_available
Terminated,6
2561,accept,ok,36
2516,accept,ok,47
2565,accept,ok,36
2673,reject,Assert_connectivity_failed,3
2674,reject,Assert_connectivity_failed,4
2560,accept,ok,43
2559,accept,ok,45
2687,reject,Assert_connectivity_failed,3
2682,reject,Assert_connectivity_failed,4
2598,accept,ok,32
2577,accept,ok,42
2690,reject,Assert_connectivity_failed,5
2582,accept,ok,38
2700,reject,Assert_connectivity_failed,4
2586,accept,ok,39
2701,reject,Assert_connectivity_failed,4
2579,accept,ok,44
2704,reject,Assert_connectivity_failed,4
2707,reject,Assert_connectivity_failed,4
2713,reject,Assert_connectivity_failed,4
2716,reject,Assert_connectivity_failed,3
2617,accept,ok,37
2722,reject,Assert_connectivity_failed,4
2731,reject,Assert_connectivity_failed,4
2727,reject,Assert_connectivity_failed,5
2638,accept,ok,34
2730,reject,Assert_connectivity_failed,5
2635,accept,ok,38
2637,accept,ok,37
2653,accept,ok,33
2634,accept,ok,41
2734,reject,Assert_connectivity_failed,4
2748,reject,Assert_connectivity_failed,4
2735,reject,Assert_connectivity_failed,4
2642,accept,ok,39
2648,accept,ok,39
2770,reject,Assert_connectivity_failed,3
2772,reject,Assert_connectivity_failed,3
2663,accept,ok,35
2675,accept,ok,30
2781,reject,Assert_connectivity_failed,4
2774,reject,Assert_connectivity_failed,6
2782,reject,Assert_connectivity_failed,5
2785,reject,Assert_connectivity_failed,5
2786,reject,Assert_connectivity_failed,4
2641,accept,ok,47
2666,accept,ok,39
2795,reject,Assert_connectivity_failed,4
2681,accept,ok,39
2665,accept,ok,45
2695,accept,ok,36
2806,reject,Attacker_not_available
Terminated,7
2813,reject,Assert_connectivity_failed,4
2815,reject,Assert_connectivity_failed,3
2706,accept,ok,37
2732,accept,ok,30
2717,accept,ok,35
2822,reject,Assert_connectivity_failed,4
2702,accept,ok,45
2828,reject,Assert_connectivity_failed,5
2821,reject,Attacker_not_available
Terminated,7
2709,accept,ok,44
2834,reject,Assert_connectivity_failed,4
2842,reject,Assert_connectivity_failed,4
2769,accept,ok,38
2751,accept,ok,39
2741,accept,ok,42
2760,accept,ok,40
2847,reject,Assert_connectivity_failed,4
2853,reject,Assert_connectivity_failed,4
2859,reject,Assert_connectivity_failed,3
2773,accept,ok,41
2858,reject,Assert_connectivity_failed,4
2775,accept,ok,41
2794,accept,ok,36
2762,accept,ok,46
2867,reject,Assert_connectivity_failed,4
2791,accept,ok,39
2860,reject,Attacker_not_available
Terminated,8
2793,accept,ok,41
2878,reject,Assert_connectivity_failed,3
2879,reject,Assert_connectivity_failed,3
2799,accept,ok,40
2882,reject,Assert_connectivity_failed,4
2801,accept,ok,42
2808,accept,ok,36
2874,reject,Attacker_not_available
Terminated,8
2885,reject,Assert_connectivity_failed,4
2890,reject,Assert_connectivity_failed,5
2892,reject,Assert_connectivity_failed,5
2900,reject,Assert_connectivity_failed,4
2895,reject,Assert_connectivity_failed,4
2907,reject,Assert_connectivity_failed,3
2846,reject,Attacker_not_available
Terminated,25
2803,accept,ok,48
2817,accept,ok,40
2810,accept,ok,46
2830,accept,ok,41
2833,accept,ok,40
2838,accept,ok,39
2932,reject,Assert_connectivity_failed,5
2829,accept,ok,51
2866,accept,ok,35
2849,accept,ok,42
2940,reject,Assert_connectivity_failed,4
2880,accept,ok,34
2870,accept,ok,40
2942,reject,Assert_connectivity_failed,3
2934,reject,Attacker_not_available
Terminated,8
2943,reject,Assert_connectivity_failed,4
2912,accept,ok,33
2952,reject,Assert_connectivity_failed,4
2959,reject,Assert_connectivity_failed,4
2891,accept,ok,38
2901,accept,ok,36
2962,reject,Assert_connectivity_failed,5
2871,accept,ok,46
2964,reject,Assert_connectivity_failed,4
2863,accept,ok,49
2917,accept,ok,35
2967,reject,Assert_connectivity_failed,4
2910,accept,ok,39
2973,reject,Assert_connectivity_failed,3
2918,accept,ok,37
2925,accept,ok,34
2985,reject,Assert_connectivity_failed,4
2913,accept,ok,40
2987,reject,Assert_connectivity_failed,5
2921,accept,ok,37
3005,reject,Assert_connectivity_failed,4
2927,accept,ok,34
3012,reject,Assert_connectivity_failed,3
2920,accept,ok,43
3014,reject,Assert_connectivity_failed,5
2929,accept,ok,39
3023,reject,Assert_connectivity_failed,5
2941,reject,Attacker_not_available
Terminated,23
3028,reject,Assert_connectivity_failed,3
2930,accept,ok,37
3031,reject,Assert_connectivity_failed,4
2931,accept,ok,40
2944,accept,ok,30
3052,reject,Assert_connectivity_failed,4
2933,accept,ok,39
3055,reject,Assert_connectivity_failed,3
3053,reject,Assert_connectivity_failed,4
3056,reject,Assert_connectivity_failed,4
2978,accept,ok,31
2992,accept,ok,33
2966,accept,ok,37
2975,accept,ok,35
3006,accept,ok,35
3001,accept,ok,37
3073,reject,Assert_connectivity_failed,4
3080,reject,Assert_connectivity_failed,4
2968,accept,ok,45
2970,accept,ok,45
3017,accept,ok,38
3015,accept,ok,39
3025,accept,ok,37
3020,accept,ok,38
3011,accept,ok,43
3085,reject,Assert_connectivity_failed,5
3092,reject,Assert_connectivity_failed,5
3094,reject,Assert_connectivity_failed,4
3100,reject,Assert_connectivity_failed,4
3042,accept,ok,36
3019,accept,ok,47
3041,accept,ok,42
3111,reject,Assert_connectivity_failed,4
3109,reject,Attacker_not_available
Terminated,7
3115,reject,Assert_connectivity_failed,4
3037,accept,ok,44
3130,reject,Assert_connectivity_failed,3
3039,accept,ok,46
3135,reject,Assert_connectivity_failed,4
3140,reject,Assert_connectivity_failed,3
3143,reject,Assert_connectivity_failed,4
3062,accept,ok,37
3148,reject,Assert_connectivity_failed,4
3058,accept,ok,39
3044,accept,ok,50
3153,reject,Assert_connectivity_failed,4
3149,reject,Attacker_not_available
Terminated,7
3159,reject,Assert_connectivity_failed,3
3065,accept,ok,39
3063,accept,ok,43
3167,reject,Assert_connectivity_failed,3
3172,reject,Assert_connectivity_failed,4
3068,accept,ok,38
3173,reject,Assert_connectivity_failed,4
3081,accept,ok,35
3176,reject,Assert_connectivity_failed,4
3089,accept,ok,33
3185,reject,Assert_connectivity_failed,3
3186,reject,Assert_connectivity_failed,4
3192,reject,Assert_connectivity_failed,4
3084,accept,ok,40
3066,accept,ok,45
3099,accept,ok,34
3198,reject,Assert_connectivity_failed,5
3195,reject,Attacker_not_available
Terminated,8
3101,accept,ok,35
3203,reject,Attacker_not_available
Terminated,7
3221,reject,Assert_connectivity_failed,4
3087,accept,ok,41
3228,reject,Assert_connectivity_failed,3
3131,accept,ok,31
3117,accept,ok,33
3096,accept,ok,41
3102,accept,ok,38
3231,reject,Assert_connectivity_failed,4
3235,reject,Assert_connectivity_failed,4
3236,reject,Assert_connectivity_failed,4
3230,reject,Attacker_not_available
Terminated,7
3243,reject,Assert_connectivity_failed,3
3244,reject,Assert_connectivity_failed,4
3242,reject,Attacker_not_available
Terminated,7
3252,reject,Assert_connectivity_failed,4
3250,reject,Assert_connectivity_failed,5
3253,reject,Assert_connectivity_failed,4
3147,accept,ok,34
3255,reject,Assert_connectivity_failed,5
3259,reject,Assert_connectivity_failed,3
3155,accept,ok,37
3268,reject,Assert_connectivity_failed,5
3132,accept,ok,45
3273,reject,Assert_connectivity_failed,3
3269,reject,Attacker_not_available
Terminated,8
3145,accept,ok,47
3157,accept,ok,39
3178,accept,ok,36
3201,accept,ok,32
3280,reject,Attacker_not_available
Terminated,8
3288,reject,Assert_connectivity_failed,3
3289,reject,Assert_connectivity_failed,3
3282,reject,Attacker_not_available
Terminated,8
3197,accept,ok,37
3284,reject,Attacker_not_available
Terminated,7
3183,accept,ok,40
3310,reject,Assert_connectivity_failed,4
3211,accept,ok,39
3315,reject,Assert_connectivity_failed,5
3224,accept,ok,38
3216,accept,ok,40
3321,reject,Assert_connectivity_failed,4
3322,reject,Assert_connectivity_failed,3
3323,reject,Assert_connectivity_failed,4
3217,accept,ok,41
3232,accept,ok,39
3326,reject,Assert_connectivity_failed,3
3331,reject,Assert_connectivity_failed,4
3332,reject,Assert_connectivity_failed,4
3246,accept,ok,39
3338,reject,Assert_connectivity_failed,4
3336,reject,Assert_connectivity_failed,4
3333,reject,Attacker_not_available
Terminated,7
3249,accept,ok,40
3258,accept,ok,36
3247,accept,ok,41
3339,reject,Attacker_not_available
Terminated,6
3350,reject,Assert_connectivity_failed,4
3260,accept,ok,37
3266,accept,ok,37
3352,reject,Assert_connectivity_failed,4
3342,reject,Attacker_not_available
Terminated,7
3373,reject,Assert_connectivity_failed,4
3256,accept,ok,45
3360,reject,Attacker_not_available
Terminated,7
3277,accept,ok,38
3286,accept,ok,34
3383,reject,Assert_connectivity_failed,3
3389,reject,Assert_connectivity_failed,4
3295,accept,ok,34
3394,reject,Assert_connectivity_failed,3
3403,reject,Assert_connectivity_failed,3
3301,accept,ok,35
3398,reject,Assert_connectivity_failed,4
3402,reject,Assert_connectivity_failed,4
3395,reject,Attacker_not_available
Terminated,7
3405,reject,Assert_connectivity_failed,4
3319,accept,ok,38
3304,accept,ok,41
3365,reject,Attacker_not_available
Terminated,20
3305,accept,ok,41
3296,accept,ok,44
3408,reject,Attacker_not_available
Terminated,8
3429,reject,Assert_connectivity_failed,4
3325,accept,ok,38
3440,reject,Assert_connectivity_failed,4
3330,accept,ok,43
3397,reject,Attacker_not_available
Terminated,27
3349,accept,ok,40
3447,reject,Assert_connectivity_failed,4
3340,accept,ok,42
3356,accept,ok,38
3354,accept,ok,39
3351,accept,ok,40
3353,accept,ok,40
3469,reject,Assert_connectivity_failed,3
3378,accept,ok,39
3470,reject,Assert_connectivity_failed,3
3468,reject,Assert_connectivity_failed,4
3471,reject,Assert_connectivity_failed,4
3473,reject,Assert_connectivity_failed,4
3481,reject,Assert_connectivity_failed,4
3384,accept,ok,40
3484,reject,Assert_connectivity_failed,4
3486,reject,Assert_connectivity_failed,4
3359,accept,ok,50
3490,reject,Assert_connectivity_failed,5
3492,reject,Assert_connectivity_failed,4
3485,reject,Attacker_not_available
Terminated,7
3428,accept,ok,33
3416,accept,ok,36
3499,reject,Assert_connectivity_failed,5
3502,reject,Assert_connectivity_failed,3
3501,reject,Assert_connectivity_failed,4
3518,reject,Assert_connectivity_failed,3
3415,accept,ok,43
3420,accept,ok,40
3404,accept,ok,45
3414,accept,ok,45
3441,accept,ok,36
3523,reject,Assert_connectivity_failed,4
3525,reject,Assert_connectivity_failed,4
3542,reject,Assert_connectivity_failed,4
3439,accept,ok,41
3549,reject,Assert_connectivity_failed,4
3553,reject,Assert_connectivity_failed,4
3438,accept,ok,47
3421,accept,ok,50
3554,reject,Assert_connectivity_failed,4
3551,reject,Attacker_not_available
Terminated,9
3455,accept,ok,36
3558,reject,Assert_connectivity_failed,4
3559,reject,Assert_connectivity_failed,4
3456,accept,ok,39
3454,accept,ok,39
3563,reject,Assert_connectivity_failed,4
3565,reject,Assert_connectivity_failed,4
3467,accept,ok,40
3458,accept,ok,42
3516,reject,Attacker_not_available
Terminated,26
3573,reject,Assert_connectivity_failed,4
3590,reject,Assert_connectivity_failed,4
3443,accept,ok,52
3601,reject,Assert_connectivity_failed,4
3598,reject,Assert_connectivity_failed,4
3581,reject,Attacker_not_available
Terminated,8
3482,accept,ok,43
3602,reject,Assert_connectivity_failed,4
3517,accept,ok,36
3604,reject,Attacker_not_available
Terminated,8
3521,accept,ok,37
3509,accept,ok,40
3617,reject,Assert_connectivity_failed,3
3522,accept,ok,38
3620,reject,Assert_connectivity_failed,3
3621,reject,Assert_connectivity_failed,4
3532,accept,ok,37
3623,reject,Assert_connectivity_failed,4
3619,reject,Attacker_not_available
Terminated,7
3625,reject,Assert_connectivity_failed,4
3544,accept,ok,37
3497,accept,ok,52
3646,reject,Assert_connectivity_failed,2
3642,reject,Assert_connectivity_failed,4
3648,reject,Assert_connectivity_failed,4
3530,accept,ok,47
3656,reject,Assert_connectivity_failed,3
3562,accept,ok,40
3552,accept,ok,46
3659,reject,Assert_connectivity_failed,4
3588,accept,ok,37
3568,accept,ok,39
3566,accept,ok,41
3587,accept,ok,39
3611,accept,ok,32
3556,accept,ok,49
3670,reject,Assert_connectivity_failed,4
3681,reject,Assert_connectivity_failed,3
3682,reject,Assert_connectivity_failed,4
3589,accept,ok,44
3685,reject,Assert_connectivity_failed,4
3608,accept,ok,39
3686,reject,Assert_connectivity_failed,3
3606,accept,ok,41
3694,reject,Assert_connectivity_failed,4
3609,accept,ok,44
3695,reject,Attacker_not_available
Terminated,7
3707,reject,Assert_connectivity_failed,4
3710,reject,Assert_connectivity_failed,4
3651,accept,ok,27
3615,accept,ok,44
3711,reject,Assert_connectivity_failed,3
3713,reject,Attacker_not_available
Terminated,7
3638,accept,ok,39
3647,reject,Attacker_not_available
Terminated,36
3636,accept,ok,41
3722,reject,Assert_connectivity_failed,5
3628,accept,ok,45
3629,accept,ok,47
3740,reject,Assert_connectivity_failed,4
3661,accept,ok,36
3630,accept,ok,50
3664,accept,ok,37
3741,reject,Assert_connectivity_failed,4
3652,accept,ok,43
3667,accept,ok,36
3668,accept,ok,39
3677,accept,ok,38
3769,reject,Assert_connectivity_failed,4
3777,reject,Assert_connectivity_failed,3
3687,accept,ok,40
3684,accept,ok,44
3783,reject,Assert_connectivity_failed,4
3720,accept,ok,37
3700,accept,ok,45
3719,accept,ok,39
3714,accept,ok,41
3717,accept,ok,40
3730,accept,ok,32
3791,reject,Assert_connectivity_failed,4
3799,reject,Assert_connectivity_failed,3
3734,accept,ok,33
3698,accept,ok,49
3764,reject,Attacker_not_available
Terminated,23
3801,reject,Assert_connectivity_failed,3
3811,reject,Assert_connectivity_failed,3
3715,accept,ok,45
3726,accept,ok,40
3803,reject,Attacker_not_available
Terminated,7
3834,reject,Assert_connectivity_failed,3
3747,accept,ok,35
3739,accept,ok,39
3825,reject,Attacker_not_available
Terminated,7
3837,reject,Assert_connectivity_failed,4
3842,reject,Assert_connectivity_failed,4
3843,reject,Assert_connectivity_failed,4
3758,accept,ok,37
3846,reject,Assert_connectivity_failed,4
3849,reject,Assert_connectivity_failed,2
3847,reject,Assert_connectivity_failed,4
3850,reject,Assert_connectivity_failed,4
3748,accept,ok,42
3757,accept,ok,45
3853,reject,Attacker_not_available
Terminated,7
3771,accept,ok,43
3857,reject,Attacker_not_available
Terminated,8
3765,accept,ok,48
3779,accept,ok,38
3866,reject,Attacker_not_available
Terminated,6
3870,reject,Assert_connectivity_failed,4
3780,accept,ok,40
3760,accept,ok,54
3867,reject,Attacker_not_available
Terminated,7
3892,reject,Assert_connectivity_failed,3
3894,reject,Assert_connectivity_failed,4
3806,accept,ok,36
3897,reject,Assert_connectivity_failed,5
3898,reject,Assert_connectivity_failed,4
3813,accept,ok,38
3823,accept,ok,38
3800,accept,ok,42
3812,accept,ok,41
3903,reject,Assert_connectivity_failed,4
3918,reject,Assert_connectivity_failed,3
3916,reject,Assert_connectivity_failed,5
3833,accept,ok,41
3838,accept,ok,36
3921,reject,Assert_connectivity_failed,3
3819,accept,ok,44
3820,accept,ok,44
3836,accept,ok,40
3944,reject,Assert_connectivity_failed,4
3943,reject,Assert_connectivity_failed,4
3840,accept,ok,40
3854,reject,Attacker_not_available
Terminated,32
3946,reject,Attacker_not_available
Terminated,7
3956,reject,Assert_connectivity_failed,4
3959,reject,Assert_connectivity_failed,4
3950,reject,Attacker_not_available
Terminated,9
3963,reject,Assert_connectivity_failed,4
3848,accept,ok,45
3968,reject,Assert_connectivity_failed,4
3851,accept,ok,42
3875,accept,ok,34
3966,reject,Attacker_not_available
Terminated,7
3971,reject,Assert_connectivity_failed,4
3970,reject,Attacker_not_available
Terminated,7
3983,reject,Assert_connectivity_failed,4
3987,reject,Assert_connectivity_failed,4
3886,accept,ok,38
3992,reject,Assert_connectivity_failed,3
3872,accept,ok,42
3896,accept,ok,37
3887,accept,ok,40
3996,reject,Assert_connectivity_failed,3
4006,reject,Assert_connectivity_failed,4
3899,accept,ok,36
4011,reject,Assert_connectivity_failed,4
4013,reject,Assert_connectivity_failed,4
3900,accept,ok,37
4017,reject,Assert_connectivity_failed,4
4029,reject,Assert_connectivity_failed,4
4033,reject,Assert_connectivity_failed,4
4012,reject,Attacker_not_available
Terminated,7
3928,accept,ok,36
4047,reject,Assert_connectivity_failed,4
3919,accept,ok,38
3906,accept,ok,40
4048,reject,Assert_connectivity_failed,5
4051,reject,Assert_connectivity_failed,4
4054,reject,Assert_connectivity_failed,4
4056,reject,Assert_connectivity_failed,4
4058,reject,Assert_connectivity_failed,3
4061,reject,Assert_connectivity_failed,4
3952,accept,ok,38
3948,accept,ok,42
3933,accept,ok,46
4084,reject,Attacker_not_available
Terminated,7
4089,reject,Assert_connectivity_failed,4
3957,accept,ok,42
3962,accept,ok,40
3961,accept,ok,42
3964,accept,ok,42
4093,reject,Assert_connectivity_failed,4
4098,reject,Assert_connectivity_failed,4
3965,accept,ok,42
4092,reject,Attacker_not_available
Terminated,7
4110,reject,Assert_connectivity_failed,4
3972,accept,ok,38
4111,reject,Assert_connectivity_failed,4
4114,reject,Assert_connectivity_failed,4
4113,reject,Assert_connectivity_failed,5
3994,accept,ok,36
4124,reject,Assert_connectivity_failed,4
4125,reject,Assert_connectivity_failed,4
4128,reject,Assert_connectivity_failed,4
4002,accept,ok,39
4044,accept,ok,33
4132,reject,Assert_connectivity_failed,4
4053,accept,ok,33
4145,reject,Assert_connectivity_failed,3
4040,accept,ok,38
4045,accept,ok,39
4140,reject,Attacker_not_available
Terminated,8
4150,reject,Assert_connectivity_failed,5
4151,reject,Assert_connectivity_failed,5
4153,reject,Assert_connectivity_failed,4
4155,reject,Assert_connectivity_failed,4
4066,accept,ok,37
4157,reject,Assert_connectivity_failed,4
4158,reject,Assert_connectivity_failed,3
4154,reject,Attacker_not_available
Terminated,7
4059,accept,ok,42
4038,accept,ok,49
4060,accept,ok,44
4083,accept,ok,41
4118,reject,Attacker_not_available
Terminated,27
4070,accept,ok,42
4170,reject,Assert_connectivity_failed,4
4087,accept,ok,40
4174,reject,Assert_connectivity_failed,4
4165,reject,Attacker_not_available
Terminated,7
4131,reject,Attacker_not_available
Terminated,24
4108,accept,ok,34
4180,reject,Assert_connectivity_failed,4
4172,reject,Attacker_not_available
Terminated,7
4183,reject,Assert_connectivity_failed,4
4190,reject,Assert_connectivity_failed,4
4143,reject,Attacker_not_available
Terminated,25
4199,reject,Assert_connectivity_failed,5
4193,reject,Attacker_not_available
Terminated,8
4097,accept,ok,44
4215,reject,Assert_connectivity_failed,4
4212,reject,Assert_connectivity_failed,4
4120,accept,ok,38
4104,accept,ok,46
4216,reject,Assert_connectivity_failed,4
4222,reject,Assert_connectivity_failed,4
4230,reject,Assert_connectivity_failed,4
4133,accept,ok,39
4237,reject,Assert_connectivity_failed,4
4119,accept,ok,47
4241,reject,Assert_connectivity_failed,4
4135,accept,ok,43
4244,reject,Assert_connectivity_failed,4
4148,accept,ok,40
4249,reject,Assert_connectivity_failed,4
4245,reject,Attacker_not_available
Terminated,7
4269,reject,Assert_connectivity_failed,5
4278,reject,Assert_connectivity_failed,4
4166,accept,ok,39
4178,accept,ok,37
4159,accept,ok,42
4164,accept,ok,42
4184,accept,ok,37
4176,accept,ok,40
4204,accept,ok,35
4294,reject,Assert_connectivity_failed,3
4179,accept,ok,39
4296,reject,Assert_connectivity_failed,3
4297,reject,Assert_connectivity_failed,4
4195,accept,ok,39
4217,accept,ok,31
4205,accept,ok,39
4302,reject,Assert_connectivity_failed,4
4208,accept,ok,40
4299,reject,Attacker_not_available
Terminated,7
4321,reject,Assert_connectivity_failed,4
4317,reject,Assert_connectivity_failed,5
4306,reject,Attacker_not_available
Terminated,8
4219,accept,ok,35
4209,accept,ok,43
4325,reject,Assert_connectivity_failed,3
4319,reject,Attacker_not_available
Terminated,7
4330,reject,Assert_connectivity_failed,4
4333,reject,Assert_connectivity_failed,4
4346,reject,Assert_connectivity_failed,4
4260,accept,ok,32
4236,accept,ok,46
4238,accept,ok,43
4221,accept,ok,49
4362,reject,Assert_connectivity_failed,4
4253,accept,ok,40
4363,reject,Assert_connectivity_failed,4
4256,accept,ok,42
4374,reject,Assert_connectivity_failed,3
4373,reject,Assert_connectivity_failed,5
4365,reject,Attacker_not_available
Terminated,7
4375,reject,Assert_connectivity_failed,4
4281,accept,ok,36
4378,reject,Assert_connectivity_failed,4
4379,reject,Assert_connectivity_failed,5
4279,accept,ok,40
4399,reject,Assert_connectivity_failed,3
4401,reject,Assert_connectivity_failed,5
4304,accept,ok,34
4293,accept,ok,39
4409,reject,Assert_connectivity_failed,4
4410,reject,Assert_connectivity_failed,4
4301,accept,ok,39
4326,accept,ok,33
4309,accept,ok,39
4417,reject,Assert_connectivity_failed,4
4331,accept,ok,34
4427,reject,Assert_connectivity_failed,4
4348,reject,Attacker_not_available
Terminated,32
4424,reject,Assert_connectivity_failed,5
4344,accept,ok,34
4416,reject,Attacker_not_available
Terminated,7
4436,reject,Assert_connectivity_failed,3
4307,accept,ok,44
4334,accept,ok,37
4322,accept,ok,43
4343,accept,ok,38
4442,reject,Assert_connectivity_failed,4
4447,reject,Assert_connectivity_failed,4
4434,reject,Attacker_not_available
Terminated,6
4457,reject,Assert_connectivity_failed,5
4341,accept,ok,41
4465,reject,Assert_connectivity_failed,4
4467,reject,Assert_connectivity_failed,3
4460,reject,Attacker_not_available
Terminated,7
4476,reject,Assert_connectivity_failed,3
4479,reject,Assert_connectivity_failed,3
4393,reject,Attacker_not_available
Terminated,26
4485,reject,Assert_connectivity_failed,4
4490,reject,Assert_connectivity_failed,4
4489,reject,Assert_connectivity_failed,5
4491,reject,Assert_connectivity_failed,4
4498,reject,Assert_connectivity_failed,4
4369,accept,ok,42
4493,reject,Attacker_not_available
Terminated,7
4501,reject,Assert_connectivity_failed,4
4500,reject,Attacker_not_available
Terminated,7
4350,accept,ok,50
4510,reject,Assert_connectivity_failed,4
4517,reject,Assert_connectivity_failed,3
4407,accept,ok,37
4405,accept,ok,38
4525,reject,Assert_connectivity_failed,3
4408,accept,ok,40
4380,accept,ok,44
4402,accept,ok,41
4437,reject,Attacker_not_available
Terminated,30
4528,reject,Attacker_not_available
Terminated,6
4535,reject,Assert_connectivity_failed,4
4472,accept,ok,28
4428,accept,ok,36
4487,reject,Attacker_not_available
Terminated,27
4548,reject,Assert_connectivity_failed,3
4412,accept,ok,45
4459,accept,ok,36
4553,reject,Attacker_not_available
Terminated,7
4463,accept,ok,39
4554,reject,Attacker_not_available
Terminated,7
4572,reject,Attacker_not_available
Terminated,6
4475,accept,ok,39
4585,reject,Assert_connectivity_failed,4
4580,reject,Assert_connectivity_failed,4
4588,reject,Assert_connectivity_failed,3
4595,reject,Assert_connectivity_failed,4
4471,accept,ok,43
4598,reject,Assert_connectivity_failed,3
4461,accept,ok,46
4604,reject,Assert_connectivity_failed,4
4481,accept,ok,43
4609,reject,Assert_connectivity_failed,4
4615,reject,Assert_connectivity_failed,4
4613,reject,Assert_connectivity_failed,4
4623,reject,Assert_connectivity_failed,4
4629,reject,Assert_connectivity_failed,3
4606,reject,Attacker_not_available
Terminated,8
4636,reject,Assert_connectivity_failed,4
4640,reject,Assert_connectivity_failed,4
4514,accept,ok,37
4634,reject,Attacker_not_available
Terminated,7
4523,accept,ok,37
4492,accept,ok,49
4643,reject,Attacker_not_available
Terminated,6
4658,reject,Assert_connectivity_failed,4
4659,reject,Assert_connectivity_failed,4
4519,accept,ok,41
4666,reject,Assert_connectivity_failed,5
4669,reject,Assert_connectivity_failed,3
4672,reject,Assert_connectivity_failed,4
4538,accept,ok,40
4673,reject,Assert_connectivity_failed,3
4530,accept,ok,41
4524,accept,ok,45
4665,reject,Attacker_not_available
Terminated,9
4527,accept,ok,44
4551,accept,ok,39
4544,accept,ok,42
4557,accept,ok,37
4550,accept,ok,41
4696,reject,Assert_connectivity_failed,4
4540,accept,ok,46
4709,reject,Assert_connectivity_failed,4
4710,reject,Assert_connectivity_failed,4
4577,accept,ok,39
4719,reject,Assert_connectivity_failed,3
4717,reject,Assert_connectivity_failed,5
4720,reject,Assert_connectivity_failed,5
4728,reject,Assert_connectivity_failed,4
4744,reject,Assert_connectivity_failed,4
4596,accept,ok,37
4737,reject,Attacker_not_available
Terminated,7
4759,reject,Assert_connectivity_failed,4
4763,reject,Assert_connectivity_failed,4
4766,reject,Assert_connectivity_failed,3
4599,accept,ok,41
4644,accept,ok,31
4770,reject,Assert_connectivity_failed,4
4771,reject,Assert_connectivity_failed,3
4661,accept,ok,29
4774,reject,Assert_connectivity_failed,4
4777,reject,Assert_connectivity_failed,5
4784,reject,Assert_connectivity_failed,3
4682,reject,Attacker_not_available
Terminated,24
4778,reject,Attacker_not_available
Terminated,6
4785,reject,Assert_connectivity_failed,4
4633,accept,ok,42
4642,accept,ok,41
4789,reject,Assert_connectivity_failed,4
4802,reject,Assert_connectivity_failed,4
4680,accept,ok,31
4798,reject,Attacker_not_available
Terminated,7
4799,reject,Attacker_not_available
Terminated,7
4650,accept,ok,45
4819,reject,Assert_connectivity_failed,4
4703,accept,ok,35
4678,accept,ok,37
4822,reject,Assert_connectivity_failed,5
4667,accept,ok,44
4674,accept,ok,42
4686,accept,ok,39
4846,reject,Assert_connectivity_failed,4
4839,reject,Assert_connectivity_failed,5
4849,reject,Assert_connectivity_failed,3
4863,reject,Assert_connectivity_failed,5
4864,reject,Assert_connectivity_failed,4
4743,accept,ok,36
4867,reject,Assert_connectivity_failed,4
4872,reject,Assert_connectivity_failed,3
4868,reject,Attacker_not_available
Terminated,6
4874,reject,Assert_connectivity_failed,4
4876,reject,Assert_connectivity_failed,4
4724,accept,ok,42
4691,accept,ok,48
4792,reject,Attacker_not_available
Terminated,26
4879,reject,Assert_connectivity_failed,4
4769,accept,ok,37
4884,reject,Assert_connectivity_failed,4
4752,accept,ok,42
4894,reject,Assert_connectivity_failed,4
4890,reject,Assert_connectivity_failed,4
4898,reject,Assert_connectivity_failed,4
4748,accept,ok,44
4773,accept,ok,38
4901,reject,Assert_connectivity_failed,4
4900,reject,Assert_connectivity_failed,4
4902,reject,Assert_connectivity_failed,4
4907,reject,Assert_connectivity_failed,4
4921,reject,Assert_connectivity_failed,4
4917,reject,Assert_connectivity_failed,4
4905,reject,Attacker_not_available
Terminated,6
4936,reject,Assert_connectivity_failed,4
4926,reject,Assert_connectivity_failed,4
4961,reject,Assert_connectivity_failed,4
4783,accept,ok,42
4790,accept,ok,38
4924,reject,Attacker_not_available
Terminated,7
4982,reject,Assert_connectivity_failed,4
4978,reject,Assert_connectivity_failed,4
4820,accept,ok,35
4806,accept,ok,41
4977,reject,Attacker_not_available
Terminated,7
4998,reject,Assert_connectivity_failed,5
4812,accept,ok,42
4801,accept,ok,49
4831,accept,ok,41
4848,accept,ok,39
4842,accept,ok,42
4862,accept,ok,40
5025,reject,Assert_connectivity_failed,4
5029,reject,Assert_connectivity_failed,5
5033,reject,Attacker_not_available
Terminated,7
4888,accept,ok,42
4990,reject,Attacker_not_available
Terminated,28
4993,reject,Attacker_not_available
Terminated,26
4913,accept,ok,40
4877,accept,ok,49
4969,accept,ok,35
5053,reject,Assert_connectivity_failed,4
5052,reject,Assert_connectivity_failed,4
5055,reject,Assert_connectivity_failed,4
4942,accept,ok,41
4976,accept,ok,38
4953,accept,ok,41
4973,accept,ok,39
4956,accept,ok,42
5067,reject,Assert_connectivity_failed,4
5069,reject,Assert_connectivity_failed,4
5060,reject,Attacker_not_available
Terminated,7
5062,reject,Attacker_not_available
Terminated,7
5073,reject,Assert_connectivity_failed,4
5082,reject,Assert_connectivity_failed,3
5084,reject,Assert_connectivity_failed,4
5088,reject,Assert_connectivity_failed,3
5089,reject,Assert_connectivity_failed,4
5072,reject,Attacker_not_available
Terminated,8
5003,accept,ok,38
5093,reject,Assert_connectivity_failed,4
4899,accept,ok,57
5002,accept,ok,40
5105,reject,Assert_connectivity_failed,4
5016,accept,ok,34
5005,accept,ok,42
5111,reject,Assert_connectivity_failed,4
5021,accept,ok,36
5012,accept,ok,43
5131,reject,Assert_connectivity_failed,4
5013,accept,ok,42
5113,reject,Attacker_not_available
Terminated,9
5037,accept,ok,32
5137,reject,Assert_connectivity_failed,3
5128,reject,Attacker_not_available
Terminated,7
5135,reject,Attacker_not_available
Terminated,7
5144,reject,Assert_connectivity_failed,4
5150,reject,Assert_connectivity_failed,3
5015,accept,ok,50
5180,reject,Attacker_not_available
Terminated,8
5048,accept,ok,44
5057,accept,ok,41
5056,accept,ok,43
5188,reject,Assert_connectivity_failed,3
5186,reject,Assert_connectivity_failed,5
5194,reject,Assert_connectivity_failed,4
5087,accept,ok,40
5202,reject,Assert_connectivity_failed,3
5074,accept,ok,43
5149,reject,Attacker_not_available
Terminated,26
5078,accept,ok,44
5211,reject,Assert_connectivity_failed,4
5215,reject,Assert_connectivity_failed,4
5065,accept,ok,50
5227,reject,Assert_connectivity_failed,4
5229,reject,Assert_connectivity_failed,4
5103,accept,ok,41
5106,accept,ok,42
5250,reject,Assert_connectivity_failed,3
5248,reject,Assert_connectivity_failed,5
5231,reject,Attacker_not_available
Terminated,7
5136,accept,ok,39
5096,accept,ok,47
5256,reject,Assert_connectivity_failed,4
5145,accept,ok,38
5257,reject,Assert_connectivity_failed,4
5100,accept,ok,49
5260,reject,Assert_connectivity_failed,3
5264,reject,Assert_connectivity_failed,4
5115,accept,ok,47
5123,accept,ok,46
5266,reject,Assert_connectivity_failed,4
5268,reject,Assert_connectivity_failed,4
5269,reject,Assert_connectivity_failed,3
5276,reject,Assert_connectivity_failed,3
5151,accept,ok,39
5174,accept,ok,37
5285,reject,Assert_connectivity_failed,4
5296,reject,Assert_connectivity_failed,2
5291,reject,Assert_connectivity_failed,4
5156,accept,ok,41
5167,accept,ok,42
5295,reject,Assert_connectivity_failed,4
5302,reject,Assert_connectivity_failed,4
5303,reject,Assert_connectivity_failed,5
5306,reject,Assert_connectivity_failed,4
5309,reject,Assert_connectivity_failed,4
5315,reject,Assert_connectivity_failed,4
5322,reject,Assert_connectivity_failed,4
5317,reject,Assert_connectivity_failed,5
5326,reject,Assert_connectivity_failed,4
5327,reject,Assert_connectivity_failed,4
5175,accept,ok,47
5333,reject,Assert_connectivity_failed,3
5330,reject,Assert_connectivity_failed,5
5337,reject,Assert_connectivity_failed,4
5339,reject,Assert_connectivity_failed,4
5338,reject,Attacker_not_available
Terminated,8
5351,reject,Attacker_not_available
Terminated,7
5181,accept,ok,44
5355,reject,Assert_connectivity_failed,4
5210,accept,ok,40
5360,reject,Assert_connectivity_failed,3
5225,accept,ok,40
5361,reject,Assert_connectivity_failed,4
5245,accept,ok,40
5240,accept,ok,42
5241,accept,ok,41
5311,accept,ok,29
5253,accept,ok,42
5374,reject,Assert_connectivity_failed,4
5375,reject,Assert_connectivity_failed,4
5379,reject,Assert_connectivity_failed,5
5390,reject,Assert_connectivity_failed,4
5391,reject,Assert_connectivity_failed,3
5294,accept,ok,38
5281,accept,ok,40
5299,accept,ok,39
5289,accept,ok,42
5397,reject,Attacker_not_available
Terminated,7
5417,reject,Assert_connectivity_failed,4
5300,accept,ok,47
5419,reject,Assert_connectivity_failed,3
5290,accept,ok,49
5324,accept,ok,43
5354,accept,ok,35
5345,accept,ok,39
5373,reject,Attacker_not_available
Terminated,25
5352,accept,ok,38
5328,accept,ok,46
5319,accept,ok,50
5433,reject,Assert_connectivity_failed,4
5356,accept,ok,36
5448,reject,Assert_connectivity_failed,4
5362,accept,ok,37
5449,reject,Assert_connectivity_failed,4
5372,accept,ok,37
5377,accept,ok,36
5455,reject,Attacker_not_available
Terminated,7
5460,reject,Assert_connectivity_failed,4
5461,reject,Assert_connectivity_failed,4
5369,accept,ok,48
5386,accept,ok,42
5394,accept,ok,40
5429,accept,ok,30
5401,accept,ok,40
5443,reject,Attacker_not_available
Terminated,28
5411,accept,ok,42
5483,reject,Assert_connectivity_failed,4
5400,accept,ok,44
5392,accept,ok,45
5427,accept,ok,36
5484,reject,Assert_connectivity_failed,5
5430,accept,ok,38
5493,reject,Assert_connectivity_failed,4
5422,accept,ok,43
5492,reject,Attacker_not_available
Terminated,6
5496,reject,Attacker_not_available
Terminated,7
5441,accept,ok,40
5424,accept,ok,47
5446,accept,ok,40
5436,accept,ok,45
5434,accept,ok,45
5459,accept,ok,35
5451,accept,ok,40
5527,reject,Assert_connectivity_failed,4
5532,reject,Assert_connectivity_failed,3
5538,reject,Assert_connectivity_failed,4
5457,accept,ok,43
5541,reject,Assert_connectivity_failed,4
5531,reject,Attacker_not_available
Terminated,9
5479,accept,ok,30
5546,reject,Assert_connectivity_failed,4
5473,accept,ok,37
5555,reject,Assert_connectivity_failed,5
5485,reject,Attacker_not_available
Terminated,28
5561,reject,Assert_connectivity_failed,3
5464,accept,ok,42
5568,reject,Assert_connectivity_failed,5
5569,reject,Assert_connectivity_failed,4
5570,reject,Assert_connectivity_failed,5
5477,accept,ok,43
5502,accept,ok,30
5574,reject,Assert_connectivity_failed,4
5577,reject,Assert_connectivity_failed,4
5578,reject,Assert_connectivity_failed,4
5487,accept,ok,38
5481,accept,ok,45
5503,accept,ok,36
5501,accept,ok,41
5505,accept,ok,37
5586,reject,Attacker_not_available
Terminated,8
5599,reject,Assert_connectivity_failed,4
5606,reject,Assert_connectivity_failed,4
5602,reject,Attacker_not_available
Terminated,7
5613,reject,Assert_connectivity_failed,3
5509,accept,ok,40
5607,reject,Assert_connectivity_failed,6
5506,accept,ok,42
5516,accept,ok,39
5523,accept,ok,37
5499,accept,ok,49
5617,reject,Assert_connectivity_failed,4
5619,reject,Assert_connectivity_failed,4
5627,reject,Assert_connectivity_failed,4
5628,reject,Assert_connectivity_failed,3
5525,accept,ok,42
5634,reject,Assert_connectivity_failed,5
5642,reject,Assert_connectivity_failed,3
5540,accept,ok,39
5647,reject,Assert_connectivity_failed,4
5559,accept,ok,34
5648,reject,Assert_connectivity_failed,4
5556,accept,ok,36
5657,reject,Assert_connectivity_failed,4
5659,reject,Assert_connectivity_failed,4
5669,reject,Assert_connectivity_failed,4
5674,reject,Assert_connectivity_failed,4
5677,reject,Assert_connectivity_failed,3
5678,reject,Assert_connectivity_failed,3
5566,accept,ok,41
5571,accept,ok,38
5681,reject,Assert_connectivity_failed,4
5560,accept,ok,46
5575,accept,ok,39
5594,accept,ok,34
5688,reject,Assert_connectivity_failed,4
5691,reject,Assert_connectivity_failed,4
5587,accept,ok,42
5598,accept,ok,43
5701,reject,Attacker_not_available
Terminated,7
5705,reject,Assert_connectivity_failed,4
5626,accept,ok,35
5622,accept,ok,35
5592,accept,ok,48
5706,reject,Assert_connectivity_failed,4
5629,accept,ok,35
5618,accept,ok,39
5603,accept,ok,44
5723,reject,Assert_connectivity_failed,3
5720,reject,Attacker_not_available
Terminated,6
5671,reject,Attacker_not_available
Terminated,30
5738,reject,Assert_connectivity_failed,4
5615,accept,ok,44
5739,reject,Assert_connectivity_failed,4
5730,reject,Attacker_not_available
Terminated,7
5750,reject,Assert_connectivity_failed,3
5654,accept,ok,36
5748,reject,Attacker_not_available
Terminated,7
5752,reject,Assert_connectivity_failed,4
5751,reject,Assert_connectivity_failed,4
5630,accept,ok,43
5760,reject,Assert_connectivity_failed,3
5763,reject,Assert_connectivity_failed,3
5675,accept,ok,36
5736,reject,Attacker_not_available
Terminated,11
5772,reject,Assert_connectivity_failed,4
5779,reject,Assert_connectivity_failed,4
5789,reject,Assert_connectivity_failed,5
5666,accept,ok,42
5793,reject,Assert_connectivity_failed,3
5682,accept,ok,35
5679,accept,ok,39
5801,reject,Assert_connectivity_failed,3
5800,reject,Assert_connectivity_failed,4
5803,reject,Assert_connectivity_failed,4
5815,reject,Assert_connectivity_failed,5
5821,reject,Assert_connectivity_failed,4
5822,reject,Attacker_not_available
Terminated,6
5684,accept,ok,44
5698,accept,ok,42
5830,reject,Attacker_not_available
Terminated,7
5699,accept,ok,43
5836,reject,Assert_connectivity_failed,4
5837,reject,Assert_connectivity_failed,4
5687,accept,ok,49
5737,accept,ok,32
5844,reject,Assert_connectivity_failed,5
5728,accept,ok,35
5700,accept,ok,47
5847,reject,Assert_connectivity_failed,4
5726,accept,ok,38
5863,reject,Assert_connectivity_failed,3
5853,reject,Assert_connectivity_failed,3
5861,reject,Assert_connectivity_failed,4
5717,accept,ok,46
5868,reject,Assert_connectivity_failed,4
5875,reject,Assert_connectivity_failed,4
5757,accept,ok,37
5755,accept,ok,40
5880,reject,Assert_connectivity_failed,4
5882,reject,Assert_connectivity_failed,4
5777,accept,ok,38
5883,reject,Assert_connectivity_failed,4
5790,accept,ok,38
5886,reject,Assert_connectivity_failed,3
5773,accept,ok,41
5791,accept,ok,39
5905,reject,Assert_connectivity_failed,4
5903,reject,Assert_connectivity_failed,5
5921,reject,Assert_connectivity_failed,5
5810,accept,ok,38
5923,reject,Assert_connectivity_failed,3
5927,reject,Assert_connectivity_failed,4
5900,reject,Attacker_not_available
Terminated,9
5797,accept,ok,42
5833,accept,ok,35
5794,accept,ok,43
5937,reject,Assert_connectivity_failed,4
5823,accept,ok,39
5838,accept,ok,32
5968,reject,Assert_connectivity_failed,4
5850,reject,Attacker_not_available
Terminated,29
5834,accept,ok,39
5980,reject,Assert_connectivity_failed,4
5981,reject,Assert_connectivity_failed,5
5982,reject,Assert_connectivity_failed,4
5848,accept,ok,34
5866,reject,Attacker_not_available
Terminated,32
6001,reject,Assert_connectivity_failed,5
6002,reject,Assert_connectivity_failed,5
5987,reject,Attacker_not_available
Terminated,8
6004,reject,Assert_connectivity_failed,4
5869,accept,ok,39
5865,accept,ok,41
6007,reject,Assert_connectivity_failed,5
5846,accept,ok,49
6019,reject,Assert_connectivity_failed,4
6013,reject,Assert_connectivity_failed,4
5877,accept,ok,40
5965,reject,Attacker_not_available
Terminated,26
5930,reject,Attacker_not_available
Terminated,33
6025,reject,Assert_connectivity_failed,4
5895,accept,ok,40
5959,accept,ok,31
6022,reject,Attacker_not_available
Terminated,7
6038,reject,Assert_connectivity_failed,4
6029,reject,Attacker_not_available
Terminated,8
5954,accept,ok,34
6055,reject,Assert_connectivity_failed,4
5969,accept,ok,34
5932,accept,ok,40
5962,accept,ok,36
5950,accept,ok,39
6075,reject,Assert_connectivity_failed,4
6072,reject,Assert_connectivity_failed,5
6060,reject,Attacker_not_available
Terminated,8
5944,accept,ok,43
5935,accept,ok,43
6087,reject,Assert_connectivity_failed,4
5920,accept,ok,49
6096,reject,Assert_connectivity_failed,4
6099,reject,Assert_connectivity_failed,3
6102,reject,Assert_connectivity_failed,3
6104,reject,Assert_connectivity_failed,4
5992,accept,ok,37
5994,accept,ok,35
6110,reject,Assert_connectivity_failed,4
6113,reject,Assert_connectivity_failed,3
6005,reject,Attacker_not_available
Terminated,33
6120,reject,Assert_connectivity_failed,4
6121,reject,Assert_connectivity_failed,4
6006,accept,ok,35
6008,accept,ok,36
6134,reject,Assert_connectivity_failed,3
6047,reject,Attacker_not_available
Terminated,25
6143,reject,Attacker_not_available
Terminated,6
6145,reject,Assert_connectivity_failed,4
6015,accept,ok,37
6036,accept,ok,36
6049,accept,ok,34
6157,reject,Assert_connectivity_failed,3
6027,accept,ok,41
6069,reject,Attacker_not_available
Terminated,33
6162,reject,Assert_connectivity_failed,4
6080,accept,ok,33
6046,accept,ok,41
6163,reject,Assert_connectivity_failed,4
6079,accept,ok,37
6171,reject,Assert_connectivity_failed,4
6117,reject,Attacker_not_available
Terminated,28
6083,accept,ok,37
6164,reject,Attacker_not_available
Terminated,7
6181,reject,Assert_connectivity_failed,4
6093,accept,ok,36
6184,reject,Assert_connectivity_failed,3
6183,reject,Assert_connectivity_failed,5
6202,reject,Assert_connectivity_failed,4
6203,reject,Assert_connectivity_failed,3
6112,accept,ok,36
6201,reject,Attacker_not_available
Terminated,7
6204,reject,Assert_connectivity_failed,3
6209,reject,Assert_connectivity_failed,3
6124,accept,ok,36
6200,reject,Attacker_not_available
Terminated,9
6131,accept,ok,35
6101,accept,ok,43
6212,reject,Assert_connectivity_failed,4
6107,accept,ok,42
6222,reject,Assert_connectivity_failed,4
6214,reject,Assert_connectivity_failed,5
6227,reject,Assert_connectivity_failed,4
6236,reject,Assert_connectivity_failed,4
6237,reject,Assert_connectivity_failed,4
6244,reject,Assert_connectivity_failed,5
6130,accept,ok,42
6259,reject,Assert_connectivity_failed,5
6269,reject,Assert_connectivity_failed,4
6144,accept,ok,39
6140,accept,ok,45
6263,reject,Attacker_not_available
Terminated,7
6278,reject,Assert_connectivity_failed,4
6147,accept,ok,41
6288,reject,Assert_connectivity_failed,3
6149,accept,ok,43
6287,reject,Attacker_not_available
Terminated,7
6293,reject,Assert_connectivity_failed,4
6295,reject,Assert_connectivity_failed,3
6154,accept,ok,45
6292,reject,Attacker_not_available
Terminated,7
6148,accept,ok,47
6306,reject,Assert_connectivity_failed,3
6296,reject,Assert_connectivity_failed,4
6223,reject,Attacker_not_available
Terminated,24
6161,accept,ok,42
6179,accept,ok,38
6317,reject,Assert_connectivity_failed,4
6185,accept,ok,36
6182,accept,ok,40
6321,reject,Assert_connectivity_failed,4
6323,reject,Assert_connectivity_failed,3
6195,accept,ok,38
6331,reject,Assert_connectivity_failed,3
6320,reject,Attacker_not_available
Terminated,8
6335,reject,Assert_connectivity_failed,4
6334,reject,Assert_connectivity_failed,4
6337,reject,Assert_connectivity_failed,3
6342,reject,Assert_connectivity_failed,4
6349,reject,Assert_connectivity_failed,3
6248,accept,ok,35
6210,accept,ok,42
6367,reject,Assert_connectivity_failed,3
6347,reject,Attacker_not_available
Terminated,7
6246,accept,ok,41
6370,reject,Assert_connectivity_failed,4
6257,accept,ok,39
6224,accept,ok,43
6273,accept,ok,34
6270,accept,ok,37
6379,reject,Assert_connectivity_failed,3
6382,reject,Assert_connectivity_failed,4
6272,accept,ok,40
6375,reject,Attacker_not_available
Terminated,8
6390,reject,Assert_connectivity_failed,5
6285,accept,ok,41
6394,reject,Assert_connectivity_failed,4
6289,accept,ok,38
6398,reject,Assert_connectivity_failed,3
6307,accept,ok,32
6396,reject,Assert_connectivity_failed,5
6330,reject,Attacker_not_available
Terminated,28
6400,reject,Assert_connectivity_failed,4
6413,reject,Assert_connectivity_failed,4
6418,reject,Assert_connectivity_failed,3
6416,reject,Assert_connectivity_failed,5
6438,reject,Assert_connectivity_failed,3
6303,accept,ok,39
6426,reject,Attacker_not_available
Terminated,8
6332,accept,ok,37
6333,accept,ok,38
6305,accept,ok,45
6322,accept,ok,42
6318,accept,ok,44
6462,reject,Assert_connectivity_failed,5
6456,reject,Attacker_not_available
Terminated,7
6371,accept,ok,34
6457,reject,Attacker_not_available
Terminated,8
6376,accept,ok,32
6350,accept,ok,43
6428,reject,Attacker_not_available
Terminated,25
6385,accept,ok,37
6481,reject,Assert_connectivity_failed,4
6358,accept,ok,47
6372,accept,ok,44
6503,reject,Assert_connectivity_failed,4
6504,reject,Assert_connectivity_failed,4
6387,accept,ok,46
6388,accept,ok,47
6401,accept,ok,43
6431,accept,ok,39
6444,accept,ok,39
6515,reject,Assert_connectivity_failed,5
6519,reject,Assert_connectivity_failed,4
6445,accept,ok,41
6447,accept,ok,39
6403,accept,ok,48
6449,accept,ok,40
6534,reject,Assert_connectivity_failed,3
6451,accept,ok,41
6536,reject,Assert_connectivity_failed,4
6524,reject,Attacker_not_available
Terminated,7
6541,reject,Assert_connectivity_failed,3
6469,accept,ok,35
6477,reject,Attacker_not_available
Terminated,29
6550,reject,Assert_connectivity_failed,4
6565,reject,Assert_connectivity_failed,4
6468,accept,ok,41
6470,accept,ok,39
6472,accept,ok,41
6571,reject,Attacker_not_available
Terminated,8
6505,reject,Attacker_not_available
Terminated,27
6585,reject,Assert_connectivity_failed,3
6586,reject,Assert_connectivity_failed,4
6496,accept,ok,35
6474,accept,ok,45
6476,accept,ok,46
6589,reject,Attacker_not_available
Terminated,6
6591,reject,Assert_connectivity_failed,4
6595,reject,Assert_connectivity_failed,3
6592,reject,Assert_connectivity_failed,4
6492,accept,ok,42
6601,reject,Assert_connectivity_failed,4
6613,reject,Assert_connectivity_failed,4
6506,accept,ok,37
6507,accept,ok,37
6622,reject,Assert_connectivity_failed,4
6623,reject,Assert_connectivity_failed,3
6608,reject,Attacker_not_available
Terminated,9
6543,reject,Attacker_not_available
Terminated,31
6635,reject,Assert_connectivity_failed,3
6643,reject,Assert_connectivity_failed,4
6572,accept,ok,26
6644,reject,Assert_connectivity_failed,4
6637,reject,Attacker_not_available
Terminated,8
6516,accept,ok,42
6649,reject,Assert_connectivity_failed,4
6646,reject,Assert_connectivity_failed,4
6480,accept,ok,60
6556,accept,ok,36
6651,reject,Assert_connectivity_failed,3
6567,accept,ok,37
6528,accept,ok,44
6654,reject,Assert_connectivity_failed,3
6563,accept,ok,40
6659,reject,Assert_connectivity_failed,4
6568,accept,ok,39
6661,reject,Assert_connectivity_failed,4
6664,reject,Assert_connectivity_failed,4
6569,accept,ok,39
6551,accept,ok,42
6547,accept,ok,46
6668,reject,Assert_connectivity_failed,3
6670,reject,Assert_connectivity_failed,3
6669,reject,Assert_connectivity_failed,3
6581,accept,ok,38
6673,reject,Assert_connectivity_failed,4
6684,reject,Assert_connectivity_failed,5
6590,accept,ok,39
6695,reject,Attacker_not_available
Terminated,8
6694,reject,Attacker_not_available
Terminated,9
6706,reject,Assert_connectivity_failed,3
6655,reject,Attacker_not_available
Terminated,25
6631,accept,ok,38
6621,accept,ok,44
6610,accept,ok,46
6690,reject,Attacker_not_available
Terminated,23
6716,reject,Assert_connectivity_failed,3
6641,accept,ok,41
6628,accept,ok,44
6650,accept,ok,36
6648,accept,ok,39
6723,reject,Assert_connectivity_failed,5
6717,reject,Attacker_not_available
Terminated,8
6730,reject,Assert_connectivity_failed,3
6658,accept,ok,42
6737,reject,Assert_connectivity_failed,3
6689,accept,ok,35
6671,accept,ok,39
6645,accept,ok,52
6698,accept,ok,33
6662,accept,ok,44
6745,reject,Assert_connectivity_failed,4
6665,accept,ok,44
6682,accept,ok,41
6685,accept,ok,40
6769,reject,Assert_connectivity_failed,4
6687,accept,ok,42
6773,reject,Assert_connectivity_failed,4
6752,reject,Attacker_not_available
Terminated,7
6770,reject,Assert_connectivity_failed,4
6791,reject,Assert_connectivity_failed,5
6776,reject,Attacker_not_available
Terminated,6
6785,reject,Attacker_not_available
Terminated,6
6802,reject,Assert_connectivity_failed,4
6718,reject,Attacker_not_available
Terminated,24
6797,reject,Attacker_not_available
Terminated,6
6702,accept,ok,39
6705,accept,ok,38
6809,reject,Assert_connectivity_failed,4
6820,reject,Assert_connectivity_failed,3
6821,reject,Assert_connectivity_failed,4
6824,reject,Assert_connectivity_failed,4
6715,accept,ok,33
6826,reject,Assert_connectivity_failed,3
6813,reject,Attacker_not_available
Terminated,7
6828,reject,Assert_connectivity_failed,4
6709,accept,ok,41
6830,reject,Assert_connectivity_failed,4
6838,reject,Assert_connectivity_failed,3
6831,reject,Assert_connectivity_failed,4
6825,reject,Attacker_not_available
Terminated,8
6835,reject,Assert_connectivity_failed,4
6834,reject,Assert_connectivity_failed,5
6844,reject,Assert_connectivity_failed,3
6842,reject,Assert_connectivity_failed,5
6722,accept,ok,36
6712,accept,ok,43
6847,reject,Assert_connectivity_failed,4
6853,reject,Assert_connectivity_failed,3
6725,accept,ok,38
6861,reject,Assert_connectivity_failed,3
6855,reject,Assert_connectivity_failed,4
6758,reject,Attacker_not_available
Terminated,28
6728,accept,ok,37
6879,reject,Assert_connectivity_failed,3
6886,reject,Assert_connectivity_failed,4
6863,reject,Attacker_not_available
Terminated,7
6894,reject,Assert_connectivity_failed,4
6735,accept,ok,39
6897,reject,Assert_connectivity_failed,4
6899,reject,Assert_connectivity_failed,4
6901,reject,Assert_connectivity_failed,3
6808,reject,Attacker_not_available
Terminated,29
6898,reject,Attacker_not_available
Terminated,7
6916,reject,Assert_connectivity_failed,3
6780,accept,ok,36
6910,reject,Assert_connectivity_failed,4
6741,accept,ok,41
6914,reject,Assert_connectivity_failed,4
6754,accept,ok,40
6727,accept,ok,52
6923,reject,Assert_connectivity_failed,3
6939,reject,Assert_connectivity_failed,4
6846,reject,Attacker_not_available
Terminated,24
6920,reject,Assert_connectivity_failed,5
6924,reject,Assert_connectivity_failed,4
6917,reject,Attacker_not_available
Terminated,7
6959,reject,Assert_connectivity_failed,4
6962,reject,Assert_connectivity_failed,3
6964,reject,Assert_connectivity_failed,4
6876,reject,Attacker_not_available
Terminated,23
6974,reject,Assert_connectivity_failed,4
6818,accept,ok,39
6804,accept,ok,45
6978,reject,Assert_connectivity_failed,5
6984,reject,Assert_connectivity_failed,4
6992,reject,Assert_connectivity_failed,4
6810,accept,ok,46
6993,reject,Assert_connectivity_failed,4
6991,reject,Assert_connectivity_failed,5
6849,accept,ok,38
6994,reject,Assert_connectivity_failed,3
6848,accept,ok,38
7007,reject,Assert_connectivity_failed,3
6859,accept,ok,37
7017,reject,Assert_connectivity_failed,3
7015,reject,Assert_connectivity_failed,4
6850,accept,ok,43
6890,accept,ok,36
6892,accept,ok,36
7019,reject,Assert_connectivity_failed,4
7026,reject,Assert_connectivity_failed,3
6873,accept,ok,42
7023,reject,Attacker_not_available
Terminated,7
7039,reject,Assert_connectivity_failed,4
6903,accept,ok,38
7036,reject,Attacker_not_available
Terminated,8
7048,reject,Assert_connectivity_failed,4
7051,reject,Assert_connectivity_failed,4
6949,accept,ok,35
6908,accept,ok,45
7054,reject,Attacker_not_available
Terminated,7
6981,accept,ok,35
7064,reject,Attacker_not_available
Terminated,6
6941,accept,ok,43
6973,accept,ok,41
6987,accept,ok,36
6930,accept,ok,46
7065,reject,Attacker_not_available
Terminated,8
6969,accept,ok,43
6985,accept,ok,38
7070,reject,Assert_connectivity_failed,5
7082,reject,Assert_connectivity_failed,3
7027,reject,Attacker_not_available
Terminated,27
6975,accept,ok,46
7034,reject,Attacker_not_available
Terminated,28
7008,accept,ok,36
7094,reject,Assert_connectivity_failed,4
7091,reject,Assert_connectivity_failed,4
7032,accept,ok,33
7003,accept,ok,42
7088,reject,Attacker_not_available
Terminated,7
7096,reject,Assert_connectivity_failed,4
7000,accept,ok,45
7102,reject,Assert_connectivity_failed,5
7043,accept,ok,35
7018,accept,ok,43
7113,reject,Assert_connectivity_failed,4
7105,reject,Attacker_not_available
Terminated,7
7112,reject,Attacker_not_available
Terminated,8
7117,reject,Assert_connectivity_failed,5
7124,reject,Assert_connectivity_failed,4
7128,reject,Assert_connectivity_failed,4
7046,accept,ok,38
7139,reject,Assert_connectivity_failed,4
7144,reject,Assert_connectivity_failed,4
7149,reject,Assert_connectivity_failed,4
7151,reject,Assert_connectivity_failed,4
7066,accept,ok,32
7155,reject,Assert_connectivity_failed,3
7141,reject,Attacker_not_available
Terminated,7
7055,accept,ok,40
7069,accept,ok,31
7166,reject,Assert_connectivity_failed,5
7168,reject,Assert_connectivity_failed,3
7154,reject,Attacker_not_available
Terminated,8
7180,reject,Assert_connectivity_failed,3
7056,accept,ok,42
7176,reject,Attacker_not_available
Terminated,6
7189,reject,Assert_connectivity_failed,5
7077,accept,ok,36
7078,accept,ok,37
7072,accept,ok,41
7083,accept,ok,39
7202,reject,Assert_connectivity_failed,4
7087,accept,ok,37
7073,accept,ok,43
7205,reject,Assert_connectivity_failed,3
7207,reject,Assert_connectivity_failed,3
7086,accept,ok,42
7211,reject,Assert_connectivity_failed,4
7212,reject,Assert_connectivity_failed,4
7081,accept,ok,44
7213,reject,Assert_connectivity_failed,4
7221,reject,Assert_connectivity_failed,3
7217,reject,Assert_connectivity_failed,5
7223,reject,Assert_connectivity_failed,4
7229,reject,Assert_connectivity_failed,4
7095,accept,ok,42
7097,accept,ok,40
7120,accept,ok,37
7186,reject,Attacker_not_available
Terminated,26
7237,reject,Attacker_not_available
Terminated,7
7131,accept,ok,39
7249,reject,Assert_connectivity_failed,4
7253,reject,Assert_connectivity_failed,4
7167,accept,ok,39
7182,accept,ok,37
7171,accept,ok,41
7181,accept,ok,41
7184,accept,ok,41
7191,accept,ok,38
7261,reject,Assert_connectivity_failed,5
7163,accept,ok,49
7268,reject,Assert_connectivity_failed,4
7196,accept,ok,39
7269,reject,Assert_connectivity_failed,3
7264,reject,Attacker_not_available
Terminated,7
7222,accept,ok,33
7203,accept,ok,40
7194,accept,ok,47
7270,reject,Attacker_not_available
Terminated,7
7293,reject,Assert_connectivity_failed,4
7294,reject,Assert_connectivity_failed,4
7216,accept,ok,39
7276,reject,Attacker_not_available
Terminated,6
7307,reject,Assert_connectivity_failed,3
7232,accept,ok,37
7312,reject,Assert_connectivity_failed,4
7311,reject,Assert_connectivity_failed,4
7225,accept,ok,41
7233,accept,ok,38
7316,reject,Assert_connectivity_failed,5
7318,reject,Assert_connectivity_failed,5
7241,accept,ok,40
7323,reject,Assert_connectivity_failed,3
7230,accept,ok,48
7326,reject,Assert_connectivity_failed,4
7242,accept,ok,43
7328,reject,Assert_connectivity_failed,3
7332,reject,Assert_connectivity_failed,4
7254,accept,ok,38
7331,reject,Assert_connectivity_failed,4
7251,accept,ok,43
7256,accept,ok,36
7240,accept,ok,50
7255,accept,ok,40
7354,reject,Assert_connectivity_failed,3
7347,reject,Assert_connectivity_failed,4
7355,reject,Assert_connectivity_failed,4
7339,reject,Attacker_not_available
Terminated,7
7357,reject,Assert_connectivity_failed,4
7356,reject,Assert_connectivity_failed,4
7360,reject,Assert_connectivity_failed,4
7365,reject,Assert_connectivity_failed,3
7366,reject,Assert_connectivity_failed,4
7379,reject,Assert_connectivity_failed,3
7381,reject,Assert_connectivity_failed,4
7258,accept,ok,42
7370,reject,Assert_connectivity_failed,5
7287,accept,ok,33
7280,accept,ok,37
7394,reject,Assert_connectivity_failed,5
7266,accept,ok,44
7319,accept,ok,29
7401,reject,Attacker_not_available
Terminated,6
7406,reject,Assert_connectivity_failed,5
7413,reject,Assert_connectivity_failed,3
7411,reject,Assert_connectivity_failed,4
7313,accept,ok,39
7277,accept,ok,45
7431,reject,Assert_connectivity_failed,3
7317,accept,ok,38
7324,accept,ok,34
7310,accept,ok,43
7320,accept,ok,37
7436,reject,Assert_connectivity_failed,4
7422,reject,Attacker_not_available
Terminated,7
7315,accept,ok,43
7306,accept,ok,47
7435,reject,Attacker_not_available
Terminated,7
7439,reject,Assert_connectivity_failed,5
7440,reject,Assert_connectivity_failed,4
7450,reject,Assert_connectivity_failed,4
7456,reject,Assert_connectivity_failed,5
7334,accept,ok,34
7473,reject,Assert_connectivity_failed,3
7364,accept,ok,38
7475,reject,Attacker_not_available
Terminated,8
7368,accept,ok,39
7383,accept,ok,37
7479,reject,Assert_connectivity_failed,3
7392,accept,ok,37
7493,reject,Assert_connectivity_failed,4
7487,reject,Assert_connectivity_failed,5
7387,accept,ok,43
7484,reject,Attacker_not_available
Terminated,8
7390,accept,ok,42
7388,accept,ok,43
7399,accept,ok,42
7507,reject,Assert_connectivity_failed,4
7514,reject,Assert_connectivity_failed,4
7515,reject,Assert_connectivity_failed,4
7423,accept,ok,35
7526,reject,Assert_connectivity_failed,4
7522,reject,Assert_connectivity_failed,5
7443,reject,Attacker_not_available
Terminated,33
7537,reject,Assert_connectivity_failed,5
7542,reject,Assert_connectivity_failed,3
7419,accept,ok,43
7530,reject,Attacker_not_available
Terminated,7
7410,accept,ok,48
7554,reject,Assert_connectivity_failed,4
7458,accept,ok,35
7464,accept,ok,35
7457,accept,ok,37
7460,accept,ok,36
7446,accept,ok,39
7555,reject,Assert_connectivity_failed,4
7557,reject,Assert_connectivity_failed,3
7556,reject,Assert_connectivity_failed,4
7438,accept,ok,43
7559,reject,Assert_connectivity_failed,3
7562,reject,Assert_connectivity_failed,3
7569,reject,Assert_connectivity_failed,3
7570,reject,Assert_connectivity_failed,4
7575,reject,Assert_connectivity_failed,3
7574,reject,Assert_connectivity_failed,3
7580,reject,Assert_connectivity_failed,4
7470,accept,ok,42
7597,reject,Assert_connectivity_failed,3
7466,accept,ok,43
7471,accept,ok,43
7583,reject,Attacker_not_available
Terminated,8
7603,reject,Assert_connectivity_failed,5
7605,reject,Assert_connectivity_failed,4
7611,reject,Assert_connectivity_failed,4
7607,reject,Attacker_not_available
Terminated,7
7616,reject,Assert_connectivity_failed,3
7617,reject,Assert_connectivity_failed,4
7543,reject,Attacker_not_available
Terminated,22
7622,reject,Assert_connectivity_failed,4
7623,reject,Assert_connectivity_failed,4
7624,reject,Assert_connectivity_failed,4
7631,reject,Assert_connectivity_failed,3
7520,accept,ok,34
7627,reject,Attacker_not_available
Terminated,7
7485,accept,ok,43
7641,reject,Assert_connectivity_failed,4
7509,accept,ok,38
7629,reject,Attacker_not_available
Terminated,9
7660,reject,Assert_connectivity_failed,4
7501,accept,ok,43
7498,accept,ok,46
7650,reject,Attacker_not_available
Terminated,7
7541,accept,ok,37
7535,accept,ok,41
7666,reject,Assert_connectivity_failed,4
7667,reject,Assert_connectivity_failed,4
7669,reject,Assert_connectivity_failed,4
7672,reject,Assert_connectivity_failed,5
7552,accept,ok,40
7676,reject,Assert_connectivity_failed,4
7685,reject,Assert_connectivity_failed,4
7687,reject,Assert_connectivity_failed,4
7568,accept,ok,39
7599,accept,ok,35
7694,reject,Assert_connectivity_failed,4
7695,reject,Assert_connectivity_failed,4
7699,reject,Assert_connectivity_failed,4
7587,accept,ok,40
7705,reject,Assert_connectivity_failed,4
7702,reject,Assert_connectivity_failed,5
7608,accept,ok,36
7601,accept,ok,40
7560,accept,ok,47
7571,accept,ok,46
7720,reject,Assert_connectivity_failed,4
7594,accept,ok,46
7710,reject,Attacker_not_available
Terminated,7
7734,reject,Assert_connectivity_failed,4
7615,accept,ok,42
7742,reject,Assert_connectivity_failed,3
7741,reject,Assert_connectivity_failed,5
7748,reject,Assert_connectivity_failed,4
7750,reject,Assert_connectivity_failed,4
7745,reject,Attacker_not_available
Terminated,7
7649,accept,ok,36
7754,reject,Assert_connectivity_failed,4
7647,accept,ok,39
7661,accept,ok,38
7642,accept,ok,45
7659,accept,ok,41
7770,reject,Assert_connectivity_failed,3
7768,reject,Assert_connectivity_failed,4
7767,reject,Attacker_not_available
Terminated,9
7675,accept,ok,37
7662,accept,ok,44
7664,accept,ok,43
7776,reject,Assert_connectivity_failed,4
7688,accept,ok,36
7782,reject,Assert_connectivity_failed,4
7781,reject,Assert_connectivity_failed,5
7681,accept,ok,43
7797,reject,Assert_connectivity_failed,3
7795,reject,Assert_connectivity_failed,4
7732,accept,ok,32
7793,reject,Attacker_not_available
Terminated,7
7798,reject,Assert_connectivity_failed,4
7696,accept,ok,41
7716,accept,ok,38
7805,reject,Assert_connectivity_failed,5
7718,accept,ok,38
7807,reject,Assert_connectivity_failed,4
7756,reject,Attacker_not_available
Terminated,26
7740,accept,ok,35
7810,reject,Assert_connectivity_failed,4
7800,reject,Attacker_not_available
Terminated,7
7815,reject,Assert_connectivity_failed,3
7709,accept,ok,44
7821,reject,Assert_connectivity_failed,3
7715,accept,ok,42
7841,reject,Assert_connectivity_failed,3
7843,reject,Assert_connectivity_failed,4
7858,reject,Assert_connectivity_failed,4
7861,reject,Assert_connectivity_failed,4
7864,reject,Assert_connectivity_failed,3
7863,reject,Assert_connectivity_failed,4
7878,reject,Assert_connectivity_failed,4
7879,reject,Assert_connectivity_failed,4
7873,reject,Attacker_not_available
Terminated,7
7872,reject,Attacker_not_available
Terminated,8
7755,accept,ok,39
7885,reject,Attacker_not_available
Terminated,7
7759,accept,ok,40
7765,accept,ok,40
7771,accept,ok,37
7783,accept,ok,31
7778,accept,ok,32
7764,accept,ok,43
7725,accept,ok,56
7907,reject,Assert_connectivity_failed,4
7914,reject,Assert_connectivity_failed,4
7777,accept,ok,38
7791,accept,ok,39
7813,accept,ok,33
7928,reject,Assert_connectivity_failed,4
7808,accept,ok,38
7868,accept,ok,31
7934,reject,Assert_connectivity_failed,4
7816,accept,ok,39
7939,reject,Assert_connectivity_failed,4
7941,reject,Assert_connectivity_failed,4
7902,reject,Attacker_not_available
Terminated,24
7947,reject,Assert_connectivity_failed,4
7862,accept,ok,40
7840,accept,ok,43
7958,reject,Assert_connectivity_failed,4
7845,accept,ok,45
7964,reject,Assert_connectivity_failed,4
7966,reject,Assert_connectivity_failed,4
7889,accept,ok,39
7890,accept,ok,37
7896,accept,ok,37
7970,reject,Assert_connectivity_failed,4
7898,accept,ok,38
7967,reject,Attacker_not_available
Terminated,6
7981,reject,Assert_connectivity_failed,4
7892,accept,ok,41
7900,accept,ok,39
7887,accept,ok,45
7899,accept,ok,40
7903,accept,ok,38
7926,reject,Attacker_not_available
Terminated,34
7988,reject,Assert_connectivity_failed,5
8001,reject,Assert_connectivity_failed,4
8003,reject,Assert_connectivity_failed,4
8007,reject,Assert_connectivity_failed,3
8006,reject,Assert_connectivity_failed,4
8011,reject,Assert_connectivity_failed,3
7908,accept,ok,44
7925,accept,ok,41
7917,accept,ok,41
8026,reject,Assert_connectivity_failed,3
8016,reject,Assert_connectivity_failed,4
8012,reject,Assert_connectivity_failed,4
8027,reject,Assert_connectivity_failed,4
8032,reject,Assert_connectivity_failed,4
8029,reject,Assert_connectivity_failed,4
8028,reject,Assert_connectivity_failed,4
8031,reject,Assert_connectivity_failed,4
7929,accept,ok,39
8040,reject,Assert_connectivity_failed,3
7933,accept,ok,43
8041,reject,Attacker_not_available
Terminated,7
7949,accept,ok,34
8058,reject,Assert_connectivity_failed,4
7942,accept,ok,40
8060,reject,Assert_connectivity_failed,4
7961,accept,ok,38
8061,reject,Assert_connectivity_failed,4
8067,reject,Assert_connectivity_failed,4
7973,accept,ok,39
7974,accept,ok,41
8010,accept,ok,32
7990,accept,ok,36
7986,accept,ok,38
7976,accept,ok,42
7982,accept,ok,42
7985,accept,ok,43
8094,reject,Assert_connectivity_failed,4
7996,accept,ok,41
8099,reject,Assert_connectivity_failed,4
8013,accept,ok,41
8017,accept,ok,42
8102,reject,Assert_connectivity_failed,5
8030,accept,ok,39
8104,reject,Assert_connectivity_failed,3
8045,accept,ok,36
8108,reject,Assert_connectivity_failed,4
8039,accept,ok,39
8110,reject,Assert_connectivity_failed,4
8117,reject,Assert_connectivity_failed,3
8050,accept,ok,37
8048,accept,ok,39
8083,reject,Attacker_not_available
Terminated,20
8121,reject,Assert_connectivity_failed,3
8135,reject,Assert_connectivity_failed,5
8137,reject,Assert_connectivity_failed,4
8119,reject,Attacker_not_available
Terminated,7
8127,reject,Attacker_not_available
Terminated,7
8143,reject,Assert_connectivity_failed,3
8141,reject,Attacker_not_available
Terminated,7
8136,reject,Attacker_not_available
Terminated,8
8072,accept,ok,36
8077,accept,ok,33
8034,accept,ok,50
8056,accept,ok,43
8146,reject,Assert_connectivity_failed,4
8162,reject,Assert_connectivity_failed,4
8174,reject,Assert_connectivity_failed,4
8173,reject,Assert_connectivity_failed,4
8074,accept,ok,41
8088,accept,ok,35
8086,accept,ok,38
8175,reject,Attacker_not_available
Terminated,7
8080,accept,ok,41
8184,reject,Attacker_not_available
Terminated,7
8075,accept,ok,47
8189,reject,Assert_connectivity_failed,4
8090,accept,ok,41
8185,reject,Attacker_not_available
Terminated,7
8193,reject,Assert_connectivity_failed,5
8209,reject,Assert_connectivity_failed,4
8098,accept,ok,44
8109,accept,ok,37
8096,accept,ok,46
8225,reject,Assert_connectivity_failed,4
8114,accept,ok,41
8106,accept,ok,44
8222,reject,Attacker_not_available
Terminated,7
8235,reject,Assert_connectivity_failed,3
8239,reject,Assert_connectivity_failed,4
8144,accept,ok,36
8233,reject,Attacker_not_available
Terminated,7
8236,reject,Attacker_not_available
Terminated,8
8129,accept,ok,46
8161,accept,ok,37
8164,accept,ok,37
8145,accept,ok,44
8255,reject,Assert_connectivity_failed,4
8170,accept,ok,41
8257,reject,Assert_connectivity_failed,4
8167,accept,ok,43
8258,reject,Assert_connectivity_failed,4
8176,accept,ok,39
8262,reject,Assert_connectivity_failed,4
8271,reject,Assert_connectivity_failed,3
8172,accept,ok,47
8259,reject,Attacker_not_available
Terminated,7
8182,accept,ok,42
8281,reject,Assert_connectivity_failed,4
8190,accept,ok,38
8202,accept,ok,37
8295,reject,Assert_connectivity_failed,3
8297,reject,Assert_connectivity_failed,4
8276,reject,Attacker_not_available
Terminated,8
8203,accept,ok,40
8205,accept,ok,39
8309,reject,Assert_connectivity_failed,4
8218,accept,ok,36
8315,reject,Assert_connectivity_failed,3
8323,reject,Assert_connectivity_failed,4
8328,reject,Assert_connectivity_failed,4
8314,reject,Attacker_not_available
Terminated,8
8204,accept,ok,46
8331,reject,Assert_connectivity_failed,4
8229,accept,ok,38
8208,accept,ok,46
8333,reject,Attacker_not_available
Terminated,7
8356,reject,Assert_connectivity_failed,3
8250,accept,ok,34
8359,reject,Assert_connectivity_failed,5
8249,accept,ok,36
8362,reject,Assert_connectivity_failed,4
8248,accept,ok,39
8369,reject,Assert_connectivity_failed,4
8378,reject,Assert_connectivity_failed,4
8252,accept,ok,41
8253,accept,ok,39
8370,reject,Attacker_not_available
Terminated,6
8384,reject,Assert_connectivity_failed,4
8265,accept,ok,36
8392,reject,Assert_connectivity_failed,4
8395,reject,Assert_connectivity_failed,4
8399,reject,Assert_connectivity_failed,4
8400,reject,Assert_connectivity_failed,4
8301,accept,ok,34
8289,accept,ok,39
8296,accept,ok,37
8298,accept,ok,37
8256,accept,ok,49
8401,reject,Attacker_not_available
Terminated,7
8413,reject,Assert_connectivity_failed,4
8417,reject,Assert_connectivity_failed,3
8412,reject,Assert_connectivity_failed,4
8312,accept,ok,38
8292,accept,ok,44
8306,accept,ok,41
8431,reject,Assert_connectivity_failed,4
8422,reject,Assert_connectivity_failed,4
8352,accept,ok,33
8353,accept,ok,36
8451,reject,Assert_connectivity_failed,5
8340,accept,ok,39
8354,accept,ok,37
8347,accept,ok,38
8337,accept,ok,40
8462,reject,Assert_connectivity_failed,4
8454,reject,Attacker_not_available
Terminated,7
8465,reject,Attacker_not_available
Terminated,7
8363,accept,ok,39
8470,reject,Assert_connectivity_failed,4
8482,reject,Assert_connectivity_failed,4
8478,reject,Attacker_not_available
Terminated,7
8379,accept,ok,43
8387,accept,ok,42
8485,reject,Assert_connectivity_failed,3
8407,accept,ok,35
8396,accept,ok,41
8502,reject,Assert_connectivity_failed,4
8408,accept,ok,38
8444,accept,ok,32
8421,accept,ok,37
8394,accept,ok,49
8505,reject,Assert_connectivity_failed,5
8463,reject,Attacker_not_available
Terminated,28
8439,accept,ok,37
8419,accept,ok,42
8406,accept,ok,46
8435,accept,ok,40
8442,accept,ok,39
8516,reject,Assert_connectivity_failed,3
8445,accept,ok,38
8532,reject,Assert_connectivity_failed,4
8510,reject,Attacker_not_available
Terminated,8
8533,reject,Assert_connectivity_failed,4
8544,reject,Assert_connectivity_failed,4
8548,reject,Assert_connectivity_failed,3
8453,accept,ok,40
8457,accept,ok,36
8549,reject,Assert_connectivity_failed,4
8535,reject,Attacker_not_available
Terminated,8
8561,reject,Assert_connectivity_failed,4
8467,accept,ok,38
8556,reject,Attacker_not_available
Terminated,8
8554,reject,Attacker_not_available
Terminated,8
8563,reject,Assert_connectivity_failed,4
8564,reject,Assert_connectivity_failed,4
8568,reject,Assert_connectivity_failed,4
8572,reject,Assert_connectivity_failed,4
8460,accept,ok,49
8582,reject,Assert_connectivity_failed,3
8587,reject,Assert_connectivity_failed,4
8588,reject,Assert_connectivity_failed,4
8480,accept,ok,45
8486,accept,ok,41
8494,accept,ok,38
8501,accept,ok,40
8596,reject,Attacker_not_available
Terminated,8
8483,accept,ok,46
8497,accept,ok,45
8525,accept,ok,34
8604,reject,Attacker_not_available
Terminated,7
8610,reject,Assert_connectivity_failed,3
8607,reject,Assert_connectivity_failed,4
8503,accept,ok,42
8513,accept,ok,39
8551,accept,ok,33
8622,reject,Assert_connectivity_failed,3
8534,accept,ok,37
8508,accept,ok,43
8623,reject,Assert_connectivity_failed,4
8518,accept,ok,43
8633,reject,Assert_connectivity_failed,4
8550,accept,ok,39
8627,reject,Attacker_not_available
Terminated,6
8634,reject,Assert_connectivity_failed,3
8558,accept,ok,38
8635,reject,Assert_connectivity_failed,4
8637,reject,Assert_connectivity_failed,4
8646,reject,Assert_connectivity_failed,5
8552,accept,ok,43
8660,reject,Assert_connectivity_failed,4
8569,accept,ok,36
8664,reject,Assert_connectivity_failed,3
8577,accept,ok,36
8665,reject,Assert_connectivity_failed,4
8603,reject,Attacker_not_available
Terminated,30
8575,accept,ok,39
8676,reject,Assert_connectivity_failed,4
8601,accept,ok,34
8681,reject,Assert_connectivity_failed,4
8686,reject,Assert_connectivity_failed,4
8683,reject,Assert_connectivity_failed,4
8697,reject,Assert_connectivity_failed,3
8698,reject,Assert_connectivity_failed,3
8706,reject,Assert_connectivity_failed,4
8605,accept,ok,37
8592,accept,ok,44
8708,reject,Assert_connectivity_failed,4
8620,reject,Attacker_not_available
Terminated,34
8713,reject,Assert_connectivity_failed,4
8715,reject,Assert_connectivity_failed,4
8606,accept,ok,38
8617,accept,ok,36
8714,reject,Attacker_not_available
Terminated,7
8621,accept,ok,37
8719,reject,Assert_connectivity_failed,3
8722,reject,Assert_connectivity_failed,5
8732,reject,Assert_connectivity_failed,4
8736,reject,Assert_connectivity_failed,5
8615,accept,ok,42
8738,reject,Assert_connectivity_failed,4
8631,accept,ok,40
8740,reject,Assert_connectivity_failed,4
8744,reject,Assert_connectivity_failed,4
8632,accept,ok,41
8642,accept,ok,36
8746,reject,Assert_connectivity_failed,4
8626,accept,ok,46
8649,accept,ok,38
8769,reject,Assert_connectivity_failed,4
8772,reject,Assert_connectivity_failed,3
8639,accept,ok,41
8776,reject,Assert_connectivity_failed,4
8667,accept,ok,36
8787,reject,Assert_connectivity_failed,4
8661,accept,ok,42
8791,reject,Assert_connectivity_failed,4
8783,reject,Attacker_not_available
Terminated,8
8792,reject,Assert_connectivity_failed,4
8800,reject,Assert_connectivity_failed,3
8699,accept,ok,36
8803,reject,Assert_connectivity_failed,4
8666,accept,ok,45
8807,reject,Assert_connectivity_failed,3
8705,accept,ok,39
8671,accept,ok,44
8808,reject,Assert_connectivity_failed,4
8717,accept,ok,35
8814,reject,Assert_connectivity_failed,4
8817,reject,Assert_connectivity_failed,5
8820,reject,Assert_connectivity_failed,4
8810,reject,Attacker_not_available
Terminated,8
8701,accept,ok,46
8757,reject,Attacker_not_available
Terminated,26
8829,reject,Assert_connectivity_failed,4
8720,accept,ok,38
8727,accept,ok,37
8830,reject,Assert_connectivity_failed,4
8823,reject,Attacker_not_available
Terminated,8
8786,reject,Attacker_not_available
Terminated,26
8834,reject,Assert_connectivity_failed,4
8837,reject,Assert_connectivity_failed,4
8721,accept,ok,41
8836,reject,Assert_connectivity_failed,4
8725,accept,ok,40
8838,reject,Assert_connectivity_failed,3
8841,reject,Assert_connectivity_failed,3
8842,reject,Assert_connectivity_failed,5
8853,reject,Assert_connectivity_failed,4
8761,accept,ok,36
8754,accept,ok,39
8858,reject,Assert_connectivity_failed,4
8854,reject,Attacker_not_available
Terminated,7
8741,accept,ok,42
8873,reject,Assert_connectivity_failed,4
8874,reject,Assert_connectivity_failed,4
8796,accept,ok,35
8789,accept,ok,38
8788,accept,ok,41
8878,reject,Assert_connectivity_failed,4
8885,reject,Assert_connectivity_failed,4
8798,accept,ok,39
8844,reject,Attacker_not_available
Terminated,23
8811,accept,ok,37
8826,accept,ok,32
8812,accept,ok,37
8914,reject,Assert_connectivity_failed,4
8911,reject,Assert_connectivity_failed,4
8909,reject,Attacker_not_available
Terminated,6
8801,accept,ok,50
8918,reject,Assert_connectivity_failed,4
8827,accept,ok,40
8831,accept,ok,40
8920,reject,Attacker_not_available
Terminated,6
8926,reject,Assert_connectivity_failed,5
8921,reject,Attacker_not_available
Terminated,6
8955,reject,Assert_connectivity_failed,4
8843,accept,ok,40
8850,accept,ok,40
8856,accept,ok,40
8958,reject,Assert_connectivity_failed,4
8845,accept,ok,41
8887,reject,Attacker_not_available
Terminated,30
8855,accept,ok,42
8866,accept,ok,37
8979,reject,Assert_connectivity_failed,4
8872,accept,ok,39
8865,accept,ok,42
8994,reject,Assert_connectivity_failed,3
8969,reject,Attacker_not_available
Terminated,7
9006,reject,Assert_connectivity_failed,3
8888,accept,ok,34
8984,reject,Attacker_not_available
Terminated,8
8875,accept,ok,42
9016,reject,Assert_connectivity_failed,4
9010,reject,Assert_connectivity_failed,4
8902,accept,ok,37
8900,accept,ok,38
9027,reject,Assert_connectivity_failed,4
9022,reject,Attacker_not_available
Terminated,8
9024,reject,Attacker_not_available
Terminated,9
9049,reject,Assert_connectivity_failed,4
8886,accept,ok,47
9050,reject,Assert_connectivity_failed,5
9052,reject,Assert_connectivity_failed,3
9055,reject,Assert_connectivity_failed,4
8919,accept,ok,37
9065,reject,Assert_connectivity_failed,4
9069,reject,Assert_connectivity_failed,4
8943,accept,ok,32
8907,accept,ok,49
9078,reject,Assert_connectivity_failed,4
8910,accept,ok,47
9073,reject,Attacker_not_available
Terminated,6
9082,reject,Assert_connectivity_failed,3
8924,accept,ok,43
8957,accept,ok,37
9087,reject,Assert_connectivity_failed,4
9093,reject,Assert_connectivity_failed,4
8964,accept,ok,36
8959,accept,ok,38
9104,reject,Assert_connectivity_failed,4
9100,reject,Assert_connectivity_failed,5
9111,reject,Assert_connectivity_failed,4
9115,reject,Assert_connectivity_failed,4
9116,reject,Assert_connectivity_failed,4
9122,reject,Assert_connectivity_failed,4
8997,accept,ok,41
9012,accept,ok,39
9134,reject,Assert_connectivity_failed,4
9019,accept,ok,39
8993,accept,ok,46
9005,accept,ok,45
9035,accept,ok,40
9026,accept,ok,41
9144,reject,Assert_connectivity_failed,4
9036,accept,ok,43
9140,reject,Attacker_not_available
Terminated,7
9151,reject,Assert_connectivity_failed,3
9048,accept,ok,42
9155,reject,Assert_connectivity_failed,4
9039,accept,ok,43
9071,accept,ok,33
9172,reject,Assert_connectivity_failed,4
9058,accept,ok,39
9097,reject,Attacker_not_available
Terminated,27
9176,reject,Assert_connectivity_failed,4
9066,accept,ok,41
9177,reject,Assert_connectivity_failed,3
9185,reject,Assert_connectivity_failed,4
9070,accept,ok,43
9191,reject,Assert_connectivity_failed,4
9189,reject,Attacker_not_available
Terminated,7
9196,reject,Assert_connectivity_failed,5
9199,reject,Assert_connectivity_failed,4
9103,accept,ok,41
9125,accept,ok,36
9081,accept,ok,47
9212,reject,Assert_connectivity_failed,3
9128,accept,ok,39
9127,accept,ok,39
9222,reject,Assert_connectivity_failed,4
9166,reject,Attacker_not_available
Terminated,30
9224,reject,Assert_connectivity_failed,5
9135,accept,ok,41
9137,accept,ok,40
9129,accept,ok,46
9234,reject,Assert_connectivity_failed,4
9241,reject,Assert_connectivity_failed,4
9147,accept,ok,42
9153,accept,ok,40
9142,accept,ok,45
9245,reject,Assert_connectivity_failed,4
9165,accept,ok,39
9255,reject,Assert_connectivity_failed,4
9173,accept,ok,38
9160,accept,ok,43
9269,reject,Assert_connectivity_failed,4
9169,accept,ok,44
9195,accept,ok,32
9187,accept,ok,38
9271,reject,Assert_connectivity_failed,4
9180,accept,ok,42
9186,accept,ok,39
9279,reject,Assert_connectivity_failed,4
9272,reject,Attacker_not_available
Terminated,6
9220,accept,ok,31
9293,reject,Assert_connectivity_failed,4
9221,accept,ok,34
9201,accept,ok,37
9298,reject,Assert_connectivity_failed,4
9232,accept,ok,33
9302,reject,Assert_connectivity_failed,4
9203,accept,ok,44
9301,reject,Attacker_not_available
Terminated,8
9228,accept,ok,38
9305,reject,Assert_connectivity_failed,4
9236,accept,ok,35
9223,accept,ok,42
9329,reject,Assert_connectivity_failed,4
9249,accept,ok,36
9259,reject,Attacker_not_available
Terminated,36
9270,accept,ok,32
9261,accept,ok,35
9332,reject,Attacker_not_available
Terminated,7
9341,reject,Assert_connectivity_failed,4
9243,accept,ok,41
9266,accept,ok,41
9268,accept,ok,41
9344,reject,Attacker_not_available
Terminated,8
9285,accept,ok,35
9286,accept,ok,36
9367,reject,Assert_connectivity_failed,4
9287,accept,ok,43
9291,accept,ok,42
9288,accept,ok,44
9284,accept,ok,46
9295,accept,ok,41
9385,reject,Assert_connectivity_failed,4
9388,reject,Assert_connectivity_failed,4
9297,accept,ok,43
9382,reject,Attacker_not_available
Terminated,7
9321,accept,ok,35
9389,reject,Assert_connectivity_failed,3
9316,accept,ok,37
9396,reject,Assert_connectivity_failed,4
9414,reject,Assert_connectivity_failed,4
9308,accept,ok,42
9350,accept,ok,33
9324,accept,ok,39
9419,reject,Assert_connectivity_failed,3
9423,reject,Assert_connectivity_failed,4
9363,accept,ok,36
9355,accept,ok,38
9346,accept,ok,39
9337,accept,ok,44
9356,accept,ok,39
9451,reject,Assert_connectivity_failed,4
9369,accept,ok,37
9352,accept,ok,45
9452,reject,Assert_connectivity_failed,5
9373,accept,ok,38
9462,reject,Assert_connectivity_failed,4
9473,reject,Assert_connectivity_failed,3
9461,reject,Attacker_not_available
Terminated,7
9407,reject,Attacker_not_available
Terminated,24
9372,accept,ok,42
9371,accept,ok,44
9394,reject,Attacker_not_available
Terminated,28
9505,reject,Assert_connectivity_failed,4
9364,accept,ok,49
9506,reject,Assert_connectivity_failed,4
9510,reject,Assert_connectivity_failed,4
9513,reject,Assert_connectivity_failed,3
9378,accept,ok,41
9379,accept,ok,42
9525,reject,Assert_connectivity_failed,5
9527,reject,Assert_connectivity_failed,4
9392,accept,ok,43
9531,reject,Assert_connectivity_failed,4
9425,accept,ok,36
9430,accept,ok,34
9530,reject,Attacker_not_available
Terminated,6
9395,accept,ok,46
9426,accept,ok,39
9533,reject,Assert_connectivity_failed,3
9538,reject,Assert_connectivity_failed,3
9437,accept,ok,38
9429,accept,ok,43
9547,reject,Assert_connectivity_failed,5
9447,accept,ok,38
9546,reject,Attacker_not_available
Terminated,7
9554,reject,Assert_connectivity_failed,4
9558,reject,Assert_connectivity_failed,3
9561,reject,Assert_connectivity_failed,3
9509,reject,Attacker_not_available
Terminated,28
9446,accept,ok,42
9432,accept,ok,46
9563,reject,Assert_connectivity_failed,4
9459,accept,ok,42
9562,reject,Attacker_not_available
Terminated,7
9572,reject,Assert_connectivity_failed,5
9570,reject,Attacker_not_available
Terminated,6
9504,accept,ok,37
9487,accept,ok,40
9592,reject,Assert_connectivity_failed,5
9601,reject,Assert_connectivity_failed,4
9599,reject,Attacker_not_available
Terminated,8
9524,accept,ok,37
9496,accept,ok,46
9522,accept,ok,38
9602,reject,Attacker_not_available
Terminated,5
9475,accept,ok,46
9514,accept,ok,40
9519,accept,ok,40
9620,reject,Assert_connectivity_failed,4
9627,reject,Assert_connectivity_failed,4
9634,reject,Assert_connectivity_failed,5
9639,reject,Assert_connectivity_failed,5
9638,reject,Attacker_not_available
Terminated,6
9640,reject,Assert_connectivity_failed,4
9644,reject,Assert_connectivity_failed,4
9643,reject,Assert_connectivity_failed,5
9646,reject,Assert_connectivity_failed,3
9532,accept,ok,37
9539,accept,ok,34
9652,reject,Assert_connectivity_failed,4
9537,accept,ok,39
9660,reject,Assert_connectivity_failed,5
9535,accept,ok,42
9675,reject,Assert_connectivity_failed,5
9555,accept,ok,38
9582,accept,ok,33
9600,accept,ok,28
9553,accept,ok,41
9677,reject,Assert_connectivity_failed,3
9694,reject,Assert_connectivity_failed,3
9605,reject,Attacker_not_available
Terminated,28
9691,reject,Assert_connectivity_failed,4
9698,reject,Assert_connectivity_failed,5
9703,reject,Assert_connectivity_failed,4
9591,accept,ok,38
9708,reject,Assert_connectivity_failed,4
9709,reject,Assert_connectivity_failed,4
9568,accept,ok,48
9569,accept,ok,48
9610,accept,ok,39
9608,accept,ok,41
9623,accept,ok,38
9587,accept,ok,50
9714,reject,Attacker_not_available
Terminated,7
9741,reject,Assert_connectivity_failed,4
9632,accept,ok,42
9748,reject,Assert_connectivity_failed,3
9745,reject,Assert_connectivity_failed,4
9743,reject,Assert_connectivity_failed,5
9651,accept,ok,38
9658,accept,ok,37
9756,reject,Assert_connectivity_failed,4
9761,reject,Assert_connectivity_failed,5
9653,accept,ok,40
9753,reject,Attacker_not_available
Terminated,7
9667,accept,ok,37
9767,reject,Assert_connectivity_failed,3
9770,reject,Assert_connectivity_failed,4
9773,reject,Assert_connectivity_failed,4
9665,accept,ok,42
9778,reject,Assert_connectivity_failed,5
9671,accept,ok,41
9779,reject,Attacker_not_available
Terminated,6
9676,accept,ok,39
9788,reject,Assert_connectivity_failed,4
9782,reject,Attacker_not_available
Terminated,7
9804,reject,Assert_connectivity_failed,4
9813,reject,Assert_connectivity_failed,4
9663,accept,ok,50
9699,accept,ok,37
9816,reject,Assert_connectivity_failed,5
9809,reject,Attacker_not_available
Terminated,7
9701,accept,ok,38
9828,reject,Assert_connectivity_failed,4
9820,reject,Attacker_not_available
Terminated,7
9822,reject,Attacker_not_available
Terminated,8
9688,accept,ok,48
9839,reject,Assert_connectivity_failed,3
9716,accept,ok,35
9733,accept,ok,35
9689,accept,ok,50
9845,reject,Assert_connectivity_failed,4
9704,accept,ok,44
9848,reject,Assert_connectivity_failed,4
9856,reject,Assert_connectivity_failed,4
9723,accept,ok,38
9869,reject,Assert_connectivity_failed,3
9872,reject,Assert_connectivity_failed,3
9870,reject,Assert_connectivity_failed,4
9880,reject,Assert_connectivity_failed,4
9737,accept,ok,41
9750,accept,ok,37
9790,reject,Attacker_not_available
Terminated,26
9752,accept,ok,40
9766,accept,ok,38
9883,reject,Attacker_not_available
Terminated,9
9803,reject,Attacker_not_available
Terminated,30
9903,reject,Assert_connectivity_failed,4
9787,accept,ok,40
9815,accept,ok,38
9781,accept,ok,46
9866,reject,Attacker_not_available
Terminated,27
9836,accept,ok,35
9837,accept,ok,35
9826,accept,ok,38
9913,reject,Assert_connectivity_failed,5
9922,reject,Assert_connectivity_failed,4
9927,reject,Assert_connectivity_failed,3
9926,reject,Assert_connectivity_failed,5
9841,accept,ok,37
9932,reject,Assert_connectivity_failed,4
9830,accept,ok,43
9937,reject,Assert_connectivity_failed,3
9862,accept,ok,38
9844,accept,ok,39
9891,accept,ok,33
9878,accept,ok,37
9945,reject,Assert_connectivity_failed,4
9889,accept,ok,34
9956,reject,Assert_connectivity_failed,5
9957,reject,Assert_connectivity_failed,4
9886,accept,ok,37
9967,reject,Assert_connectivity_failed,4
9962,reject,Attacker_not_available
Terminated,7
9972,reject,Assert_connectivity_failed,5
9966,reject,Attacker_not_available
Terminated,7
9900,accept,ok,33
9908,accept,ok,34
9986,reject,Assert_connectivity_failed,3
9898,accept,ok,39
9987,reject,Assert_connectivity_failed,4
9914,reject,Attacker_not_available
Terminated,24
9899,accept,ok,41
9999,reject,Assert_connectivity_failed,4
9893,accept,ok,44
9909,accept,ok,39
10001,reject,Assert_connectivity_failed,4
9911,accept,ok,36
9902,accept,ok,47
10006,reject,Assert_connectivity_failed,5
10009,reject,Assert_connectivity_failed,5
9979,reject,Attacker_not_available
Terminated,21
9917,accept,ok,36
10010,reject,Assert_connectivity_failed,4
10018,reject,Attacker_not_available
Terminated,7
9929,accept,ok,44
9941,accept,ok,41
10030,reject,Assert_connectivity_failed,4
9933,accept,ok,45
10038,reject,Assert_connectivity_failed,4
9968,accept,ok,38
10033,reject,Assert_connectivity_failed,4
9971,accept,ok,37
9981,accept,ok,36
9954,accept,ok,44
10059,reject,Assert_connectivity_failed,4
9984,accept,ok,38
10061,reject,Assert_connectivity_failed,4
10063,reject,Assert_connectivity_failed,3
10069,reject,Assert_connectivity_failed,4
9970,accept,ok,46
10050,reject,Attacker_not_available
Terminated,9
9991,accept,ok,37
10084,reject,Assert_connectivity_failed,4
9993,accept,ok,39
9992,accept,ok,41
10085,reject,Assert_connectivity_failed,4
10090,reject,Assert_connectivity_failed,3
10088,reject,Attacker_not_available
Terminated,7
10000,accept,ok,42
10099,reject,Assert_connectivity_failed,3
9995,accept,ok,44
10004,accept,ok,40
10092,reject,Attacker_not_available
Terminated,8
10007,accept,ok,37
10104,reject,Attacker_not_available
Terminated,6
10109,reject,Assert_connectivity_failed,4
10114,reject,Assert_connectivity_failed,4
10118,reject,Assert_connectivity_failed,3
9989,accept,ok,52
10110,reject,Attacker_not_available
Terminated,7
10021,accept,ok,36
10131,reject,Assert_connectivity_failed,4
10136,reject,Assert_connectivity_failed,3
10011,accept,ok,42
10016,accept,ok,42
10029,accept,ok,42
10146,reject,Attacker_not_available
Terminated,7
10149,reject,Assert_connectivity_failed,5
10151,reject,Assert_connectivity_failed,4
10045,accept,ok,38
10086,accept,ok,27
10057,accept,ok,36
10166,reject,Assert_connectivity_failed,4
10053,accept,ok,42
10123,reject,Attacker_not_available
Terminated,26
10058,accept,ok,45
10079,accept,ok,41
10070,accept,ok,41
10185,reject,Assert_connectivity_failed,4
10186,reject,Assert_connectivity_failed,4
10095,accept,ok,41
10106,accept,ok,42
10122,accept,ok,37
10193,reject,Assert_connectivity_failed,4
10196,reject,Assert_connectivity_failed,3
10121,accept,ok,39
10188,reject,Attacker_not_available
Terminated,7
10197,reject,Assert_connectivity_failed,4
10204,reject,Assert_connectivity_failed,4
10153,accept,ok,29
10138,accept,ok,38
10133,accept,ok,41
10128,accept,ok,42
10207,reject,Assert_connectivity_failed,4
10152,accept,ok,31
10216,reject,Assert_connectivity_failed,4
10214,reject,Assert_connectivity_failed,4
10142,accept,ok,42
10160,accept,ok,31
10219,reject,Assert_connectivity_failed,4
10115,accept,ok,49
10150,accept,ok,38
10221,reject,Assert_connectivity_failed,4
10181,reject,Attacker_not_available
Terminated,24
10233,reject,Assert_connectivity_failed,4
10230,reject,Assert_connectivity_failed,4
10250,reject,Assert_connectivity_failed,3
10260,reject,Assert_connectivity_failed,5
10269,reject,Assert_connectivity_failed,4
10268,reject,Assert_connectivity_failed,4
10144,accept,ok,50
10163,accept,ok,40
10270,reject,Assert_connectivity_failed,4
10180,accept,ok,36
10274,reject,Assert_connectivity_failed,4
10175,accept,ok,40
10271,reject,Assert_connectivity_failed,5
10279,reject,Assert_connectivity_failed,4
10287,reject,Assert_connectivity_failed,3
10289,reject,Assert_connectivity_failed,3
10182,accept,ok,39
10296,reject,Assert_connectivity_failed,3
10293,reject,Assert_connectivity_failed,5
10300,reject,Assert_connectivity_failed,4
10301,reject,Assert_connectivity_failed,4
10183,accept,ok,48
10288,reject,Attacker_not_available
Terminated,18
10202,accept,ok,43
10201,accept,ok,43
10315,reject,Assert_connectivity_failed,4
10228,accept,ok,36
10210,accept,ok,43
10206,accept,ok,47
10213,accept,ok,43
10321,reject,Attacker_not_available
Terminated,6
10252,accept,ok,39
10264,accept,ok,38
10209,accept,ok,46
10236,accept,ok,41
10338,reject,Assert_connectivity_failed,4
10336,reject,Assert_connectivity_failed,5
10227,accept,ok,44
10318,reject,Attacker_not_available
Terminated,8
10265,accept,ok,38
10342,reject,Assert_connectivity_failed,5
10281,accept,ok,33
10356,reject,Assert_connectivity_failed,4
10346,reject,Assert_connectivity_failed,5
10358,reject,Assert_connectivity_failed,4
10370,reject,Assert_connectivity_failed,3
10371,reject,Assert_connectivity_failed,3
10368,reject,Assert_connectivity_failed,4
10374,reject,Assert_connectivity_failed,4
10292,accept,ok,36
10280,accept,ok,40
10247,accept,ok,50
10380,reject,Assert_connectivity_failed,4
10384,reject,Assert_connectivity_failed,3
10278,accept,ok,43
10387,reject,Assert_connectivity_failed,4
10302,accept,ok,31
10399,reject,Assert_connectivity_failed,4
10298,accept,ok,37
10388,reject,Attacker_not_available
Terminated,7
10405,reject,Assert_connectivity_failed,3
10414,reject,Assert_connectivity_failed,5
10305,accept,ok,39
10306,accept,ok,37
10353,reject,Attacker_not_available
Terminated,29
10420,reject,Assert_connectivity_failed,5
10345,accept,ok,33
10322,accept,ok,39
10421,reject,Assert_connectivity_failed,4
10355,accept,ok,33
10357,accept,ok,33
10425,reject,Assert_connectivity_failed,4
10349,accept,ok,36
10339,accept,ok,38
10430,reject,Assert_connectivity_failed,4
10432,reject,Assert_connectivity_failed,4
10383,accept,ok,30
10431,reject,Assert_connectivity_failed,4
10436,reject,Assert_connectivity_failed,5
10442,reject,Assert_connectivity_failed,4
10447,reject,Assert_connectivity_failed,4
10340,accept,ok,42
10400,accept,ok,29
10449,reject,Assert_connectivity_failed,6
10443,reject,Attacker_not_available
Terminated,9
10471,reject,Assert_connectivity_failed,4
10474,reject,Assert_connectivity_failed,3
10461,reject,Attacker_not_available
Terminated,8
10393,accept,ok,36
10350,accept,ok,48
10389,accept,ok,39
10376,accept,ok,44
10404,accept,ok,35
10488,reject,Assert_connectivity_failed,4
10410,accept,ok,35
10495,reject,Assert_connectivity_failed,3
10397,accept,ok,43
10501,reject,Assert_connectivity_failed,3
10496,reject,Assert_connectivity_failed,5
10499,reject,Assert_connectivity_failed,4
10390,accept,ok,46
10510,reject,Assert_connectivity_failed,4
10512,reject,Assert_connectivity_failed,4
10415,accept,ok,41
10522,reject,Assert_connectivity_failed,3
10520,reject,Attacker_not_available
Terminated,7
10536,reject,Assert_connectivity_failed,5
10538,reject,Assert_connectivity_failed,4
10470,reject,Attacker_not_available
Terminated,26
10418,accept,ok,45
10416,accept,ok,48
10540,reject,Assert_connectivity_failed,4
10543,reject,Assert_connectivity_failed,4
10546,reject,Assert_connectivity_failed,4
10426,accept,ok,42
10451,accept,ok,39
10514,reject,Attacker_not_available
Terminated,23
10502,reject,Attacker_not_available
Terminated,28
10454,accept,ok,41
10479,accept,ok,36
10566,reject,Assert_connectivity_failed,3
10567,reject,Assert_connectivity_failed,4
10462,accept,ok,44
10467,accept,ok,45
10475,accept,ok,39
10478,accept,ok,40
10505,reject,Attacker_not_available
Terminated,33
10485,accept,ok,40
10573,reject,Assert_connectivity_failed,4
10585,reject,Assert_connectivity_failed,3
10472,accept,ok,46
10586,reject,Assert_connectivity_failed,4
10571,reject,Attacker_not_available
Terminated,7
10589,reject,Assert_connectivity_failed,4
10602,reject,Assert_connectivity_failed,4
10531,accept,ok,37
10494,accept,ok,48
10539,accept,ok,38
10532,accept,ok,45
10542,accept,ok,38
10523,accept,ok,49
10592,reject,Attacker_not_available
Terminated,22
10550,accept,ok,38
10553,accept,ok,40
10544,accept,ok,45
10559,accept,ok,38
10626,reject,Assert_connectivity_failed,4
10627,reject,Assert_connectivity_failed,3
10588,accept,ok,34
10583,accept,ok,36
10572,accept,ok,37
10556,accept,ok,44
10555,accept,ok,47
10630,reject,Assert_connectivity_failed,4
10638,reject,Assert_connectivity_failed,4
10640,reject,Assert_connectivity_failed,4
10587,accept,ok,41
10591,accept,ok,40
10600,accept,ok,40
10654,reject,Assert_connectivity_failed,4
10598,accept,ok,42
10657,reject,Assert_connectivity_failed,4
10603,accept,ok,38
10607,accept,ok,38
10670,reject,Assert_connectivity_failed,4
10601,accept,ok,47
10674,reject,Assert_connectivity_failed,5
10681,reject,Assert_connectivity_failed,4
10611,accept,ok,44
10619,accept,ok,36
10620,accept,ok,37
10613,accept,ok,41
10617,accept,ok,39
10696,reject,Assert_connectivity_failed,4
10708,reject,Assert_connectivity_failed,3
10636,accept,ok,29
10701,reject,Attacker_not_available
Terminated,7
10629,accept,ok,33
10709,reject,Assert_connectivity_failed,5
10623,accept,ok,41
10624,accept,ok,41
10634,accept,ok,37
10637,accept,ok,37
10722,reject,Attacker_not_available
Terminated,7
10680,reject,Attacker_not_available
Terminated,25
10727,reject,Assert_connectivity_failed,4
10645,accept,ok,38
10729,reject,Assert_connectivity_failed,4
10655,accept,ok,37
10741,reject,Assert_connectivity_failed,4
10739,reject,Assert_connectivity_failed,4
10664,accept,ok,37
10746,reject,Assert_connectivity_failed,3
10652,accept,ok,45
10692,accept,ok,33
10653,accept,ok,47
10677,accept,ok,39
10688,accept,ok,35
10774,reject,Assert_connectivity_failed,4
10694,accept,ok,38
10663,accept,ok,49
10726,reject,Attacker_not_available
Terminated,27
10780,reject,Assert_connectivity_failed,4
10713,accept,ok,34
10707,accept,ok,40
10723,accept,ok,34
10704,accept,ok,42
10796,reject,Assert_connectivity_failed,3
10717,accept,ok,42
10792,reject,Assert_connectivity_failed,5
10711,accept,ok,45
10721,accept,ok,44
10806,reject,Assert_connectivity_failed,3
10799,reject,Assert_connectivity_failed,5
10738,accept,ok,37
10808,reject,Assert_connectivity_failed,4
10813,reject,Assert_connectivity_failed,4
10735,accept,ok,41
10742,accept,ok,36
10829,reject,Assert_connectivity_failed,3
10732,accept,ok,43
10828,reject,Assert_connectivity_failed,4
10759,accept,ok,34
10841,reject,Assert_connectivity_failed,4
10848,reject,Assert_connectivity_failed,4
10842,reject,Assert_connectivity_failed,5
10835,reject,Attacker_not_available
Terminated,7
10851,reject,Assert_connectivity_failed,4
10757,accept,ok,39
10748,accept,ok,42
10779,reject,Attacker_not_available
Terminated,32
10855,reject,Assert_connectivity_failed,3
10760,accept,ok,38
10791,reject,Attacker_not_available
Terminated,26
10781,accept,ok,33
10865,reject,Assert_connectivity_failed,4
10862,reject,Assert_connectivity_failed,5
10856,reject,Attacker_not_available
Terminated,7
10866,reject,Assert_connectivity_failed,4
10765,accept,ok,43
10752,accept,ok,47
10785,accept,ok,33
10880,reject,Assert_connectivity_failed,4
10767,accept,ok,45
10882,reject,Assert_connectivity_failed,3
10884,reject,Assert_connectivity_failed,3
10787,accept,ok,35
10889,reject,Assert_connectivity_failed,4
10895,reject,Assert_connectivity_failed,4
10815,reject,Attacker_not_available
Terminated,27
10900,reject,Assert_connectivity_failed,4
10783,accept,ok,47
10905,reject,Assert_connectivity_failed,4
10801,accept,ok,42
10843,accept,ok,36
10818,accept,ok,43
10909,reject,Assert_connectivity_failed,4
10852,accept,ok,40
10859,accept,ok,40
10864,accept,ok,38
10890,reject,Attacker_not_available
Terminated,28
10911,reject,Attacker_not_available
Terminated,8
10840,accept,ok,46
10881,accept,ok,35
10920,reject,Assert_connectivity_failed,3
10896,accept,ok,31
10925,reject,Assert_connectivity_failed,4
10868,accept,ok,41
10932,reject,Assert_connectivity_failed,3
10933,reject,Assert_connectivity_failed,4
10869,accept,ok,39
10877,accept,ok,38
10939,reject,Assert_connectivity_failed,4
10871,accept,ok,41
10945,reject,Assert_connectivity_failed,4
10891,accept,ok,36
10943,reject,Assert_connectivity_failed,4
10963,reject,Assert_connectivity_failed,4
10887,accept,ok,41
10860,accept,ok,49
10975,reject,Assert_connectivity_failed,3
10980,reject,Assert_connectivity_failed,4
10956,reject,Attacker_not_available
Terminated,8
10982,reject,Assert_connectivity_failed,3
10985,reject,Assert_connectivity_failed,3
10988,reject,Assert_connectivity_failed,4
10902,accept,ok,39
10878,accept,ok,48
10898,accept,ok,40
10995,reject,Assert_connectivity_failed,5
10998,reject,Assert_connectivity_failed,5
10999,reject,Assert_connectivity_failed,4
11007,reject,Assert_connectivity_failed,5
11022,reject,Assert_connectivity_failed,4
10906,accept,ok,41
11029,reject,Assert_connectivity_failed,4
10907,accept,ok,45
10908,accept,ok,43
11031,reject,Assert_connectivity_failed,4
11033,reject,Assert_connectivity_failed,4
10914,accept,ok,36
11037,reject,Assert_connectivity_failed,5
10981,accept,ok,31
11038,reject,Attacker_not_available
Terminated,8
10913,accept,ok,45
10969,accept,ok,35
10931,accept,ok,42
11003,accept,ok,30
11049,reject,Assert_connectivity_failed,3
10942,accept,ok,41
10974,accept,ok,37
10955,accept,ok,40
11060,reject,Assert_connectivity_failed,4
11006,accept,ok,32
10966,accept,ok,42
11065,reject,Assert_connectivity_failed,4
11072,reject,Assert_connectivity_failed,4
11059,reject,Attacker_not_available
Terminated,7
11017,accept,ok,33
11094,reject,Assert_connectivity_failed,4
11095,reject,Assert_connectivity_failed,3
11011,accept,ok,39
10991,accept,ok,43
10996,accept,ok,43
11100,reject,Assert_connectivity_failed,4
11027,accept,ok,34
11116,reject,Assert_connectivity_failed,4
11018,accept,ok,43
10965,accept,ok,55
11026,accept,ok,40
11132,reject,Assert_connectivity_failed,4
11131,reject,Assert_connectivity_failed,4
11133,reject,Attacker_not_available
Terminated,7
11046,accept,ok,37
11036,accept,ok,43
11053,accept,ok,34
11138,reject,Assert_connectivity_failed,3
11045,accept,ok,42
11047,accept,ok,40
11141,reject,Assert_connectivity_failed,4
11097,accept,ok,35
11070,accept,ok,39
11098,accept,ok,35
11150,reject,Assert_connectivity_failed,5
11075,accept,ok,38
11117,reject,Attacker_not_available
Terminated,29
11099,accept,ok,35
11164,reject,Assert_connectivity_failed,4
11161,reject,Assert_connectivity_failed,4
11064,accept,ok,43
11089,accept,ok,42
11068,accept,ok,45
11111,accept,ok,36
11172,reject,Assert_connectivity_failed,4
11175,reject,Assert_connectivity_failed,4
11104,accept,ok,39
11181,reject,Assert_connectivity_failed,3
11173,reject,Attacker_not_available
Terminated,6
11182,reject,Assert_connectivity_failed,5
11192,reject,Assert_connectivity_failed,4
11121,accept,ok,36
11105,accept,ok,42
11200,reject,Assert_connectivity_failed,5
11125,accept,ok,38
11202,reject,Assert_connectivity_failed,5
11208,reject,Assert_connectivity_failed,4
11119,accept,ok,44
11211,reject,Assert_connectivity_failed,4
11206,reject,Attacker_not_available
Terminated,7
11217,reject,Assert_connectivity_failed,4
11219,reject,Assert_connectivity_failed,5
11134,accept,ok,41
11224,reject,Assert_connectivity_failed,4
11240,reject,Assert_connectivity_failed,4
11135,accept,ok,39
11139,accept,ok,36
11136,accept,ok,39
11246,reject,Assert_connectivity_failed,3
11250,reject,Assert_connectivity_failed,4
11165,accept,ok,33
11142,accept,ok,42
11152,accept,ok,39
11252,reject,Assert_connectivity_failed,5
11253,reject,Assert_connectivity_failed,5
11155,accept,ok,40
11255,reject,Assert_connectivity_failed,4
11169,accept,ok,41
11167,accept,ok,41
11184,accept,ok,35
11254,reject,Attacker_not_available
Terminated,6
11259,reject,Assert_connectivity_failed,4
11170,accept,ok,43
11267,reject,Assert_connectivity_failed,4
11272,reject,Assert_connectivity_failed,3
11279,reject,Assert_connectivity_failed,4
11210,accept,ok,34
11216,accept,ok,33
11194,accept,ok,40
11274,reject,Attacker_not_available
Terminated,6
11204,accept,ok,37
11185,accept,ok,41
11291,reject,Assert_connectivity_failed,4
11300,reject,Assert_connectivity_failed,4
11301,reject,Assert_connectivity_failed,4
11212,accept,ok,38
11292,reject,Attacker_not_available
Terminated,7
11305,reject,Assert_connectivity_failed,4
11243,accept,ok,33
11313,reject,Assert_connectivity_failed,4
11229,accept,ok,38
11312,reject,Attacker_not_available
Terminated,7
11227,accept,ok,42
11323,reject,Assert_connectivity_failed,5
11326,reject,Assert_connectivity_failed,4
11238,accept,ok,44
11248,accept,ok,38
11245,accept,ok,41
11296,reject,Attacker_not_available
Terminated,19
11247,accept,ok,40
11328,reject,Attacker_not_available
Terminated,7
11343,reject,Assert_connectivity_failed,3
11347,reject,Assert_connectivity_failed,4
11350,reject,Assert_connectivity_failed,5
11352,reject,Attacker_not_available
Terminated,8
11270,accept,ok,36
11365,reject,Assert_connectivity_failed,4
11280,accept,ok,34
11265,accept,ok,40
11258,accept,ok,42
11368,reject,Assert_connectivity_failed,4
11373,reject,Assert_connectivity_failed,4
11377,reject,Assert_connectivity_failed,4
11378,reject,Assert_connectivity_failed,3
11297,accept,ok,36
11380,reject,Assert_connectivity_failed,4
11383,reject,Assert_connectivity_failed,3
11376,reject,Attacker_not_available
Terminated,7
11306,accept,ok,33
11315,accept,ok,32
11387,reject,Assert_connectivity_failed,5
11277,accept,ok,46
11388,reject,Assert_connectivity_failed,4
11384,reject,Attacker_not_available
Terminated,7
11282,accept,ok,44
11290,accept,ok,45
11400,reject,Assert_connectivity_failed,4
11294,accept,ok,43
11385,reject,Attacker_not_available
Terminated,8
11394,reject,Attacker_not_available
Terminated,6
11401,reject,Assert_connectivity_failed,3
11395,reject,Attacker_not_available
Terminated,7
11404,reject,Assert_connectivity_failed,4
11419,reject,Assert_connectivity_failed,4
11417,reject,Assert_connectivity_failed,5
11429,reject,Assert_connectivity_failed,3
11439,reject,Assert_connectivity_failed,4
11324,accept,ok,37
11321,accept,ok,42
11421,reject,Attacker_not_available
Terminated,8
11320,accept,ok,43
11451,reject,Assert_connectivity_failed,4
11460,reject,Assert_connectivity_failed,4
11454,reject,Assert_connectivity_failed,4
11327,accept,ok,38
11470,reject,Assert_connectivity_failed,4
11479,reject,Assert_connectivity_failed,4
11473,reject,Assert_connectivity_failed,4
11338,accept,ok,39
11471,reject,Attacker_not_available
Terminated,7
11490,reject,Assert_connectivity_failed,3
11345,accept,ok,40
11348,accept,ok,40
11491,reject,Assert_connectivity_failed,4
11342,accept,ok,45
11494,reject,Assert_connectivity_failed,5
11511,reject,Assert_connectivity_failed,4
11521,reject,Assert_connectivity_failed,2
11361,accept,ok,44
11515,reject,Assert_connectivity_failed,5
11502,reject,Attacker_not_available
Terminated,8
11522,reject,Assert_connectivity_failed,4
11527,reject,Assert_connectivity_failed,4
11533,reject,Attacker_not_available
Terminated,7
11538,reject,Assert_connectivity_failed,4
11389,accept,ok,38
11405,accept,ok,37
11441,accept,ok,33
11444,accept,ok,34
11398,accept,ok,42
11411,accept,ok,41
11559,reject,Assert_connectivity_failed,3
11440,accept,ok,40
11480,accept,ok,35
11481,accept,ok,36
11462,accept,ok,40
11436,accept,ok,45
11463,accept,ok,40
11474,accept,ok,40
11566,reject,Attacker_not_available
Terminated,8
11586,reject,Assert_connectivity_failed,4
11486,accept,ok,40
11488,accept,ok,40
11593,reject,Assert_connectivity_failed,4
11605,reject,Assert_connectivity_failed,4
11499,accept,ok,40
11609,reject,Assert_connectivity_failed,4
11524,accept,ok,37
11535,accept,ok,33
11489,accept,ok,49
11540,accept,ok,31
11621,reject,Assert_connectivity_failed,4
11625,reject,Attacker_not_available
Terminated,7
11549,accept,ok,32
11544,accept,ok,36
11620,reject,Attacker_not_available
Terminated,9
11638,reject,Assert_connectivity_failed,4
11534,accept,ok,45
11565,reject,Attacker_not_available
Terminated,32
11558,accept,ok,38
11646,reject,Assert_connectivity_failed,4
11647,reject,Assert_connectivity_failed,4
11643,reject,Attacker_not_available
Terminated,7
11652,reject,Assert_connectivity_failed,4
11641,reject,Attacker_not_available
Terminated,8
11542,accept,ok,44
11570,accept,ok,34
11656,reject,Assert_connectivity_failed,3
11653,reject,Assert_connectivity_failed,5
11664,reject,Assert_connectivity_failed,4
11666,reject,Assert_connectivity_failed,3
11600,reject,Attacker_not_available
Terminated,29
11657,reject,Attacker_not_available
Terminated,7
11572,accept,ok,38
11554,accept,ok,48
11579,accept,ok,38
11697,reject,Assert_connectivity_failed,4
11699,reject,Assert_connectivity_failed,4
11689,reject,Attacker_not_available
Terminated,7
11576,accept,ok,43
11701,reject,Assert_connectivity_failed,4
11597,accept,ok,42
11702,reject,Assert_connectivity_failed,4
11603,accept,ok,38
11568,accept,ok,50
11706,reject,Assert_connectivity_failed,4
11599,accept,ok,42
11719,reject,Assert_connectivity_failed,4
11722,reject,Assert_connectivity_failed,3
11615,accept,ok,38
11721,reject,Assert_connectivity_failed,5
11724,reject,Assert_connectivity_failed,5
11731,reject,Assert_connectivity_failed,4
11626,accept,ok,39
11726,reject,Attacker_not_available
Terminated,7
11631,accept,ok,37
11746,reject,Assert_connectivity_failed,4
11744,reject,Attacker_not_available
Terminated,7
11749,reject,Assert_connectivity_failed,4
11640,accept,ok,39
11754,reject,Assert_connectivity_failed,3
11630,accept,ok,44
11682,accept,ok,32
11679,accept,ok,34
11685,accept,ok,33
11663,accept,ok,37
11764,reject,Assert_connectivity_failed,3
11692,accept,ok,36
11716,reject,Attacker_not_available
Terminated,27
11672,accept,ok,42
11777,reject,Assert_connectivity_failed,3
11768,reject,Attacker_not_available
Terminated,8
11700,accept,ok,38
11708,accept,ok,35
11781,reject,Assert_connectivity_failed,5
11696,accept,ok,44
11787,reject,Assert_connectivity_failed,4
11723,accept,ok,34
11707,accept,ok,39
11794,reject,Assert_connectivity_failed,4
11714,accept,ok,41
11818,reject,Assert_connectivity_failed,4
11812,reject,Attacker_not_available
Terminated,7
11732,accept,ok,44
11728,accept,ok,47
11747,accept,ok,42
11752,accept,ok,41
11828,reject,Assert_connectivity_failed,5
11758,accept,ok,38
11765,accept,ok,34
11756,accept,ok,40
11755,accept,ok,42
11766,accept,ok,35
11762,accept,ok,41
11830,reject,Attacker_not_available
Terminated,7
11842,reject,Assert_connectivity_failed,4
11864,reject,Assert_connectivity_failed,3
11760,accept,ok,46
11788,reject,Attacker_not_available
Terminated,32
11773,accept,ok,37
11770,accept,ok,39
11873,reject,Assert_connectivity_failed,3
11872,reject,Assert_connectivity_failed,4
11874,reject,Assert_connectivity_failed,4
11826,reject,Attacker_not_available
Terminated,24
11877,reject,Assert_connectivity_failed,3
11809,accept,ok,34
11782,accept,ok,42
11808,accept,ok,37
11803,accept,ok,40
11810,accept,ok,38
11896,reject,Assert_connectivity_failed,3
11897,reject,Assert_connectivity_failed,4
11838,reject,Attacker_not_available
Terminated,26
11910,reject,Assert_connectivity_failed,5
11822,accept,ok,35
11801,accept,ok,47
11916,reject,Assert_connectivity_failed,4
11918,reject,Assert_connectivity_failed,4
11915,reject,Attacker_not_available
Terminated,8
11869,reject,Attacker_not_available
Terminated,26
11849,accept,ok,30
11852,accept,ok,31
11832,accept,ok,35
11929,reject,Assert_connectivity_failed,4
11930,reject,Assert_connectivity_failed,4
11937,reject,Assert_connectivity_failed,3
11939,reject,Assert_connectivity_failed,3
11846,accept,ok,38
11944,reject,Assert_connectivity_failed,3
11941,reject,Assert_connectivity_failed,5
11938,reject,Attacker_not_available
Terminated,8
11940,reject,Attacker_not_available
Terminated,7
11855,accept,ok,39
11867,accept,ok,38
11888,accept,ok,29
11951,reject,Assert_connectivity_failed,4
11957,reject,Assert_connectivity_failed,3
11853,accept,ok,42
11946,reject,Attacker_not_available
Terminated,7
11880,accept,ok,33
11962,reject,Assert_connectivity_failed,4
11959,reject,Assert_connectivity_failed,4
11876,accept,ok,37
11966,reject,Assert_connectivity_failed,4
11977,reject,Assert_connectivity_failed,4
11892,accept,ok,34
11965,reject,Attacker_not_available
Terminated,7
11958,reject,Attacker_not_available
Terminated,9
11870,accept,ok,43
11993,reject,Assert_connectivity_failed,2
11992,reject,Assert_connectivity_failed,4
11921,reject,Attacker_not_available
Terminated,26
11885,accept,ok,40
12002,reject,Assert_connectivity_failed,4
11999,reject,Attacker_not_available
Terminated,8
11908,accept,ok,41
12023,reject,Assert_connectivity_failed,4
11928,accept,ok,34
11927,accept,ok,37
11912,accept,ok,46
12029,reject,Assert_connectivity_failed,4
11932,accept,ok,36
11889,accept,ok,53
12039,reject,Assert_connectivity_failed,4
12038,reject,Assert_connectivity_failed,4
11926,accept,ok,44
12044,reject,Assert_connectivity_failed,4
12050,reject,Assert_connectivity_failed,4
11969,accept,ok,36
11979,accept,ok,37
12064,reject,Assert_connectivity_failed,4
12070,reject,Assert_connectivity_failed,4
11989,accept,ok,38
11955,accept,ok,44
12000,accept,ok,37
12024,reject,Attacker_not_available
Terminated,26
12012,accept,ok,36
11998,accept,ok,40
11983,accept,ok,44
12010,accept,ok,39
12100,reject,Assert_connectivity_failed,3
12041,reject,Attacker_not_available
Terminated,24
11986,accept,ok,45
12014,accept,ok,41
12003,accept,ok,43
12118,reject,Assert_connectivity_failed,4
12120,reject,Assert_connectivity_failed,4
12125,reject,Assert_connectivity_failed,4
12020,accept,ok,42
12126,reject,Assert_connectivity_failed,4
12015,accept,ok,44
12130,reject,Assert_connectivity_failed,4
12140,reject,Assert_connectivity_failed,3
12142,reject,Assert_connectivity_failed,3
12036,accept,ok,36
12150,reject,Assert_connectivity_failed,5
12028,accept,ok,42
12157,reject,Attacker_not_available
Terminated,7
12077,reject,Attacker_not_available
Terminated,23
12043,accept,ok,39
12160,reject,Assert_connectivity_failed,4
12105,reject,Attacker_not_available
Terminated,22
12045,accept,ok,39
12166,reject,Assert_connectivity_failed,4
12169,reject,Assert_connectivity_failed,3
12161,reject,Attacker_not_available
Terminated,8
12046,accept,ok,43
12171,reject,Assert_connectivity_failed,5
12172,reject,Assert_connectivity_failed,4
12176,reject,Assert_connectivity_failed,4
12108,reject,Attacker_not_available
Terminated,28
12187,reject,Assert_connectivity_failed,4
12188,reject,Assert_connectivity_failed,4
12191,reject,Assert_connectivity_failed,4
12112,reject,Attacker_not_available
Terminated,30
12193,reject,Assert_connectivity_failed,4
12197,reject,Assert_connectivity_failed,3
12205,reject,Assert_connectivity_failed,4
12082,accept,ok,39
12215,reject,Assert_connectivity_failed,4
12096,accept,ok,39
12202,reject,Attacker_not_available
Terminated,6
12233,reject,Assert_connectivity_failed,4
12076,accept,ok,46
12250,reject,Assert_connectivity_failed,4
12102,accept,ok,41
12094,accept,ok,44
12149,accept,ok,33
12127,accept,ok,37
12244,reject,Attacker_not_available
Terminated,7
12264,reject,Assert_connectivity_failed,4
12269,reject,Assert_connectivity_failed,4
12272,reject,Assert_connectivity_failed,4
12258,reject,Attacker_not_available
Terminated,7
12275,reject,Assert_connectivity_failed,4
12295,reject,Assert_connectivity_failed,3
12124,accept,ok,47
12144,accept,ok,42
12296,reject,Assert_connectivity_failed,4
12158,accept,ok,39
12147,accept,ok,44
12159,accept,ok,39
12154,accept,ok,44
12302,reject,Assert_connectivity_failed,3
12300,reject,Assert_connectivity_failed,4
12304,reject,Assert_connectivity_failed,3
12311,reject,Assert_connectivity_failed,4
12313,reject,Assert_connectivity_failed,4
12326,reject,Assert_connectivity_failed,4
12335,reject,Assert_connectivity_failed,5
12182,accept,ok,37
12168,accept,ok,45
12162,accept,ok,48
12338,reject,Assert_connectivity_failed,4
12342,reject,Assert_connectivity_failed,3
12227,accept,ok,37
12340,reject,Attacker_not_available
Terminated,8
12350,reject,Assert_connectivity_failed,4
12204,accept,ok,42
12199,accept,ok,44
12217,accept,ok,43
12359,reject,Assert_connectivity_failed,4
12367,reject,Assert_connectivity_failed,3
12265,accept,ok,36
12260,accept,ok,37
12285,reject,Attacker_not_available
Terminated,31
12373,reject,Assert_connectivity_failed,4
12370,reject,Attacker_not_available
Terminated,7
12293,accept,ok,35
12253,accept,ok,45
12334,reject,Attacker_not_available
Terminated,27
12261,accept,ok,43
12323,reject,Attacker_not_available
Terminated,30
12392,reject,Assert_connectivity_failed,4
12381,reject,Attacker_not_available
Terminated,8
12394,reject,Assert_connectivity_failed,4
12314,accept,ok,34
12397,reject,Assert_connectivity_failed,4
12393,reject,Attacker_not_available
Terminated,7
12276,accept,ok,44
12405,reject,Assert_connectivity_failed,4
12327,accept,ok,36
12408,reject,Assert_connectivity_failed,4
12400,reject,Attacker_not_available
Terminated,6
12412,reject,Assert_connectivity_failed,4
12416,reject,Assert_connectivity_failed,3
12415,reject,Assert_connectivity_failed,5
12419,reject,Assert_connectivity_failed,4
12320,accept,ok,41
12409,reject,Attacker_not_available
Terminated,10
12425,reject,Assert_connectivity_failed,4
12426,reject,Assert_connectivity_failed,5
12331,accept,ok,45
12444,reject,Assert_connectivity_failed,3
12318,accept,ok,48
12349,accept,ok,37
12448,reject,Assert_connectivity_failed,5
12353,accept,ok,34
12339,accept,ok,46
12382,accept,ok,35
12462,reject,Attacker_not_available
Terminated,8
12380,accept,ok,39
12374,accept,ok,41
12390,accept,ok,39
12391,accept,ok,39
12377,accept,ok,42
12471,reject,Assert_connectivity_failed,3
12485,reject,Assert_connectivity_failed,4
12422,reject,Attacker_not_available
Terminated,30
12487,reject,Assert_connectivity_failed,4
12398,accept,ok,39
12399,accept,ok,39
12488,reject,Assert_connectivity_failed,5
12489,reject,Assert_connectivity_failed,4
12492,reject,Assert_connectivity_failed,4
12486,reject,Attacker_not_available
Terminated,7
12431,accept,ok,32
12421,accept,ok,36
12501,reject,Assert_connectivity_failed,4
12505,reject,Assert_connectivity_failed,3
12495,reject,Assert_connectivity_failed,5
12513,reject,Assert_connectivity_failed,4
12514,reject,Assert_connectivity_failed,4
12517,reject,Assert_connectivity_failed,5
12410,accept,ok,44
12535,reject,Assert_connectivity_failed,4
12525,reject,Assert_connectivity_failed,6
12468,reject,Attacker_not_available
Terminated,22
12434,accept,ok,41
12545,reject,Assert_connectivity_failed,4
12433,accept,ok,45
12442,accept,ok,43
12557,reject,Assert_connectivity_failed,4
12435,accept,ok,43
12445,accept,ok,41
12556,reject,Attacker_not_available
Terminated,7
12461,accept,ok,37
12572,reject,Assert_connectivity_failed,4
12463,accept,ok,36
12458,accept,ok,44
12582,reject,Assert_connectivity_failed,4
12584,reject,Assert_connectivity_failed,4
12569,reject,Attacker_not_available
Terminated,8
12460,accept,ok,43
12586,reject,Assert_connectivity_failed,4
12571,reject,Attacker_not_available
Terminated,7
12470,accept,ok,33
12588,reject,Assert_connectivity_failed,5
12596,reject,Assert_connectivity_failed,4
12592,reject,Assert_connectivity_failed,4
12602,reject,Assert_connectivity_failed,3
12600,reject,Assert_connectivity_failed,3
12604,reject,Assert_connectivity_failed,4
12494,reject,Attacker_not_available
Terminated,29
12608,reject,Assert_connectivity_failed,3
12609,reject,Assert_connectivity_failed,4
12610,reject,Assert_connectivity_failed,4
12615,reject,Assert_connectivity_failed,5
12619,reject,Assert_connectivity_failed,4
12482,accept,ok,39
12626,reject,Assert_connectivity_failed,4
12625,reject,Attacker_not_available
Terminated,9
12504,accept,ok,36
12637,reject,Assert_connectivity_failed,4
12499,accept,ok,41
12639,reject,Assert_connectivity_failed,4
12518,accept,ok,38
12526,accept,ok,37
12522,accept,ok,38
12641,reject,Assert_connectivity_failed,4
12646,reject,Assert_connectivity_failed,3
12650,reject,Assert_connectivity_failed,4
12594,reject,Attacker_not_available
Terminated,25
12653,reject,Assert_connectivity_failed,4
12551,accept,ok,39
12654,reject,Assert_connectivity_failed,5
12659,reject,Assert_connectivity_failed,4
12536,accept,ok,42
12675,reject,Assert_connectivity_failed,3
12678,reject,Assert_connectivity_failed,3
12676,reject,Assert_connectivity_failed,3
12686,reject,Assert_connectivity_failed,4
12565,accept,ok,45
12687,reject,Assert_connectivity_failed,4
12688,reject,Assert_connectivity_failed,4
12672,reject,Attacker_not_available
Terminated,9
12606,accept,ok,35
12591,accept,ok,37
12550,accept,ok,48
12573,accept,ok,44
12612,accept,ok,34
12702,reject,Assert_connectivity_failed,4
12607,accept,ok,37
12708,reject,Assert_connectivity_failed,4
12715,reject,Assert_connectivity_failed,3
12689,reject,Attacker_not_available
Terminated,7
12638,reject,Attacker_not_available
Terminated,28
12726,reject,Assert_connectivity_failed,5
12738,reject,Assert_connectivity_failed,3
12616,accept,ok,39
12735,reject,Assert_connectivity_failed,4
12628,accept,ok,37
12719,reject,Attacker_not_available
Terminated,7
12734,reject,Attacker_not_available
Terminated,7
12742,reject,Assert_connectivity_failed,4
12630,accept,ok,38
12754,reject,Assert_connectivity_failed,4
12757,reject,Assert_connectivity_failed,4
12745,reject,Attacker_not_available
Terminated,6
12762,reject,Assert_connectivity_failed,4
12768,reject,Assert_connectivity_failed,3
12632,accept,ok,44
12760,reject,Attacker_not_available
Terminated,8
12635,accept,ok,46
12770,reject,Assert_connectivity_failed,5
12643,accept,ok,39
12640,accept,ok,43
12776,reject,Assert_connectivity_failed,3
12774,reject,Assert_connectivity_failed,5
12652,accept,ok,41
12771,reject,Attacker_not_available
Terminated,7
12778,reject,Assert_connectivity_failed,4
12789,reject,Assert_connectivity_failed,4
12666,accept,ok,42
12787,reject,Attacker_not_available
Terminated,7
12790,reject,Assert_connectivity_failed,4
12713,accept,ok,36
12793,reject,Assert_connectivity_failed,5
12705,accept,ok,38
12690,accept,ok,40
12804,reject,Assert_connectivity_failed,5
12791,reject,Attacker_not_available
Terminated,8
12698,accept,ok,43
12758,accept,ok,33
12743,accept,ok,37
12820,reject,Assert_connectivity_failed,3
12663,accept,ok,56
12822,reject,Assert_connectivity_failed,3
12732,accept,ok,44
12755,accept,ok,40
12750,accept,ok,42
12829,reject,Assert_connectivity_failed,4
12764,accept,ok,38
12756,accept,ok,42
12835,reject,Assert_connectivity_failed,4
12766,accept,ok,40
12851,reject,Assert_connectivity_failed,4
12773,accept,ok,38
12854,reject,Assert_connectivity_failed,3
12769,accept,ok,45
12859,reject,Assert_connectivity_failed,5
12779,accept,ok,37
12811,reject,Attacker_not_available
Terminated,25
12782,accept,ok,39
12783,accept,ok,40
12777,accept,ok,46
12874,reject,Assert_connectivity_failed,4
12877,reject,Assert_connectivity_failed,4
12878,reject,Assert_connectivity_failed,4
12806,accept,ok,39
12810,accept,ok,39
12884,reject,Assert_connectivity_failed,3
12816,accept,ok,40
12815,accept,ok,41
12833,accept,ok,36
12896,reject,Assert_connectivity_failed,3
12839,accept,ok,36
12830,accept,ok,40
12823,accept,ok,42
12915,reject,Assert_connectivity_failed,5
12916,reject,Assert_connectivity_failed,3
12832,accept,ok,45
12843,accept,ok,42
12841,accept,ok,43
12814,accept,ok,54
12852,accept,ok,40
12863,accept,ok,34
12861,accept,ok,36
12849,accept,ok,44
12882,reject,Attacker_not_available
Terminated,22
12866,accept,ok,38
12875,accept,ok,35
12871,accept,ok,37
12867,accept,ok,39
12889,accept,ok,29
12881,accept,ok,34
12893,accept,ok,28
12899,accept,ok,25
12913,accept,ok,28
